task_id,target_json
shape_4e7ea7506cd3150b371f,"[4,4,4,4,4,4,4,4,4,4,4,4,4,4,4,4,4,4,6,4,4,4,4,2,4,4,4,4,4,4,4,4,4,4,4,4,5,6,4,5,4,4,4,5,4,4,4,4,4,4,4,4,4,4,4,4,4,4,6,4,4,5,4,5,4,4,4,5,5,4,4,4,4,4,4,4,4,4,4,4,5,6,4,4,4,4,4,5,4,4,4,4,4,4,4,4,4,4,4,4,4,6,4,5,5,0,4,4,4,4,4,4,6,5,4,4,6,4,4,4,4,4,5,4,4,4,4,4,4,4,4,5,4,5,5,5,4,4,4,4,4,4,5,4,4,4,4,4,5,5,4,4,4,4,4,4,5,4,4,4,4,4,4,4,4,4,5,4,5,4,4,4,4,4,4,4,4,4,4,4,4,4,4,4,4,4,4,4,4,4,4,4,5,5,4,4,4,4,4,4,4,4,4,5,4,4,4,4,4,4,4,4,2,4,4,4,2,4,5,6,4,4,4,4,4,4,4,4,4,4,4,4,4,7,4,4,5,5,4,4,4,4,4,4,4,6,5,4,6,4,4,4,4,4,5,5,4,6,4,5,4,4,4,5,4,4,4,4,4,5,4,4,5,4,4,4,4,4,4,4,4,4,4,4,4,4,4,4,5,4,4,4,4,4,4,4,4,4,5,4,5,5,4,4,4,4,4,4,4,5,4,4,4,4,4,5,5,4,4,5,4,4,4,4,5,4,6,6,4,4,4,0,4,4,4,4,4,4,4,4,4,4,4,4,4,4,4,4,4,4,4,6,4,4,4,4,5,4,4,5,4,4,4,4,4,5,6,4,4,4,4,4,4,4,4,4,4,4,5,4,4,4,5,4,4,5,5,4,4,4,4,4,4,6,4,4,4,4,6,5,4,4,4,4,4,4,4,4,4,6,4,4,4,4,4,6,4,5,4,4,4,4,4,4,4,5,4,4,4,4,4,6,2,0,2,5,4,5,4,4,4,4,4,4,4,4,4,4,4,0,4,5,4,4,4,4,4,4,4,6,4,4,4,4,5,4,5,4,4,4,4,5,4,4,4,4,4,4,4,4,4,4,4,4,4,4,5,4,4,4,4,4,5,4,4,5,5,4,4,5,4,4,4,4,4,4,4,4,4,6,4,2,4,4,4,5,4,4,4,4,4,4,4,4,4,4,4,4,4,6,4,4,4,4,4,4,4,4,4,5,4,4,5,4,4,4,4,4,5,4,4,4,4,4,4,4,4,5,4,5,5,4,4,4,4,4,4,4,4,5,4,5,4,4,4,4,4,4,4,4,4,4,4,4,4,4,4,5,4,4,4,6,4,4,4,4,4,4,4,4,4,4,5,6,4,4,4,5,4,4,4,4,6,4,4,4,4,5,4,4,4,4,4,5,4,4,4,4,5,4,4,4,4,4,4,5,5,4,4,5,6,4,4,4,5,4,4,4,4,4,5,5,4,4,4,4,4,4,4,0,4,4,4,4,4,4,4,4,4,6,5,4,4,4,4,4,5,4,4,4,5,4,4,4,4,4,4,5,4,4,4,4,4,4,4,4,4,4,4,4,4,4,6,4,4,5,4,4,4,4,4,5,4,5,4,4,4,4,4,4,4,4,5,4,4,4,4,4,5,4,4,4,5,4,4,4,4,5,4,4,6,4,4,4,5,4,4,4,5,6,4,6,4,4,4,4,4,4,4,4,4,4,4,5,4,4,5,4,4,4,4,4,4,4,4,4,5,4,5,4,4,4,4,5,4,5,4,4,4,4,6,5,4,4,4,4,5,6,4,4,4,5,4,6,4,5,4,4,4,4,4,5,4,4,4,4,4,4,4,4,4,4,4,4,4,4,4,5,5,4,4,6,4,4,4,4,4,4,4,4,4,0,4,4,4,5,4,4,4,4,4,5,4,4,4,4,4,4,4,5,4,4,4,4,4,4,4,4,6,4,4,4,4,4,4,4,4,5,4,4,4,4,5,4,4,4,4,4,4,4,4,4,4,4,5,4,5,4,4,4,6,4,2,4,4,4,5,4,4,4,4,4,2,4,4,5,4,4,4,5,4,4,5,5,4,4,4,4,4,4,4,4,4,4,4,5,4,4,4,4,4,4,5,4,5,4,4,4,4,5,4,4,4,4,4,4,4,4,5,4,5,2,4,4,4,4,4,4,4,4,4,4,4,4,4,4,4,4,4,4,4,4,6,4,5,4,4,5,4,4,4,4,5,5,4,4,4,5,4,4,4,2,4,4,4,4,4,4,5,4,4,4,5,4,4,5,4,4,4,4,5,4,4,4]"
shape_d58e329aa31408b875ef,"[6,6,6,6,7,6,6,6,6,6,6,6,7,6,6,6,7,6,6,6,6,6,7,6,6,6,6,6,6,7,6,7,6,7,6,7,6,6,6,6,6,7,6,6,6,7,7,6,6,7,6,6,6,6,6,7,6,6,6,6,6,6,6,6,6,7,6,6,6,6,7,6,7,7,6,6,6,6,6,7,6,6,7,7,6,6,7,6,6,7,6,6,7,6,6,6,7,6,6,6,6,6,6,7,6,6,6,7,6,7,7,6,6,7,7,6,7,7,6,6,7,6,6,7,6,7,7,6,6,6,6,6,7,6,6,6,6,6,6,6,6,7,7,7,6,6,6,6,6,6,7,7,6,6,6,6,7,6,6,6,6,6,7,6,6,6,6,6,6,6,6,6,6,6,7,6,6,6,6,6,6,6,6,6,7,7,6,6,6,7,7,6,6,6,6,6,6,7,7,7,7,7,6,7,6,6,6,6,6,7,6,7,6,6,6,6,6,7,6,6,7,6,6,6,6,6,6,6,6,6,6,7,6,6,6,7,7,6,6,7,7,6,7,6,7,6,6,6,6,6,6,6,6,6,6,6,6,6,6,6,7,6,7,7,7,6,6,7,6,6,6,6,6,6,6,6,6,6,6,6,6,6,6,6,6,6,7,6,6,6,7,6,6,6,6,6,6,6,6,6,6,6,6,6,7,6,6,6,6,6,6,6,6,6,6,7,7,6,7,6,7,7,6,7,7,6,6,6,6,6,6,6,7,6,6,6,7,6,7,7,6,6,6,6,6,6,6,6,6,6,7,7,6,6,6,6,6,6,6,6,6,6,7,6,6,6,6,6,6,6,6,6,7,7,6,6,6,6,7,6,6,6,6,6,6,7,6,6,6,6,7,6,6,7,6,6,6,6,6,6,6,7,7,7,6,6,7,6,6,6,6,6,7,6,6,6,6,6,6,6,7,6,6,6,6,6,6,6,7,6,6,7,6,6,6,6,6,6,6,7,6,6,6,6,6,6,7,6,6,6,6,6,6,6,6,6,6,7,6,6,6,6,7,6,7,7,6,6,7,6,6,6,6,6,7,7,6,6,6,7,6,6,6,6,7,6,7,6,6,6,6,6,6,6,6,6,6,6,6,6,6,7,7,6,6,6,6,6,6,6,6,6,6,6,6,6,6,7,6,6,6,6,7,6,6,7,6,6,6,7,6,6,6,6,6,7,6,7,7,7,6,6,6,6,6,7,6,6,7,6,6,6,6,6,6,6,6,6,6,6,6,6,6,7,6,6,6,6,6,6,6,6,6,6,6,6,6,6,6,6,6,6,6,7,6,6,6,7,7,7,6,6,6,6,6,7,6,6,6,6,6,6,7,6,6,6,6,6,6,6,6,6,7,6,6,7,6,6,6,6,7,6,6,6,6,7,6,6,6,6,7,6,6,6,6,6,6,7,6,7,6,6,6,6,6,7,6,6,6,6,6,6,6,6,7,6,6,6,6,7,6,6,6,6,6,6,6,6,7,6,7,6,6,6,7,6,7,6,6,6,6,6,6,6,7,7,6,6,6,7,7,7,6,7,6,6,6,7,7,6,6,6,6,6,6,6,6,6,6,6,6,6,6,7,6,6,6,6,6,6,6,6,6,6,6,6,6,6,6,6,6,6,6,6,6,6,6,6,6,7,7,6,6,6,6,6,6,6,6,6,7,6,6,7,6,6,6,6,7,6,7,6,6,6,6,6,6,7,6,7,6,6,7,6,6,6,6,7,6,6,7,6,6,6,6,7,6,6,7,7,6,6,6,6,7,6,6,6,6,7,7,7,6,6,6,7,7,6,7,7,6,6,6,6,6,6,6,7,6,6,6,6,7,6,7,6,6,7,6,6,6,6,7,6,6,6,6,6,6,7,6,7,6,7,6,6,6,6,6,6,6,6,6,7,6,6,6,7,6,6,6,6,6,6,6,6,6,6,6,6,6,7,6,7,6,7,6,6,6,7,6,6,7,7,6,6,7,6,7,6,6,7,7,6,6,6,6,6,6,6,6,7,6,6,6,6,6,6,6,6,7,6,6,7,6,6,6,6,6,6,6,6,6,6,7,6,6,6,7,7,6,6,6,7,7,6,6,6,6,6,7,6,6,6,6,7,6,6,7,6,6,7,6,6,6,6,6,6,6,6,6,7,6,6,6,6,6,6,6,6,7,6,6,7,6,6,6,6,7,7,7,7,7,6,6,6,6,6,6,6,6,7,6,6,6,6,6,6,6,7,6,6,6,6,6,6,6,7,6,6,6,7,6,6,6,7,6,6,6,6,6,6,6,6]"
shape_00b17a2940d5ffdf8020,"[4,4,5,4,5,4,4,5,4,4,5,4,4,4,4,4,6,0,4,4,5,4,4,5,4,4,4,4,4,0,4,5,4,4,5,4,4,0,4,4,4,5,6,4,4,4,5,4,4,4,4,5,4,4,4,5,4,4,4,4,4,5,5,4,4,4,4,4,4,4,4,4,4,5,5,6,4,4,4,4,4,4,4,5,4,4,4,4,4,6,4,4,4,4,5,4,4,4,4,4,4,4,4,4,4,5,4,4,4,5,4,6,4,5,4,4,5,4,4,4,4,4,4,4,6,4,4,4,4,4,0,4,4,5,0,4,4,4,4,5,4,0,5,4,6,4,6,4,5,5,4,4,5,5,5,4,6,4,6,4,4,6,5,4,4,4,4,5,4,4,4,2,5,5,4,4,4,4,4,4,5,4,4,4,4,5,4,4,4,4,4,5,4,4,6,4,4,4,4,4,4,4,4,5,6,5,4,4,5,5,4,4,4,5,5,5,5,4,4,4,4,4,4,6,4,4,5,4,4,4,5,4,5,6,6,5,4,4,4,4,4,4,4,4,5,4,4,4,4,6,4,4,4,4,4,4,4,4,4,4,4,4,4,4,4,6,5,5,4,4,4,4,4,4,4,5,4,6,4,5,5,4,4,4,4,4,4,4,5,4,5,4,4,4,6,4,6,4,4,6,4,4,4,4,6,5,5,4,4,4,4,4,4,4,4,4,4,4,4,5,5,4,4,4,4,4,4,5,4,4,6,4,4,4,4,4,5,4,0,4,6,4,5,0,4,6,4,4,4,4,6,4,4,4,5,4,4,4,5,5,4,4,2,4,4,4,4,4,4,4,5,4,4,4,4,4,5,4,4,4,4,4,6,6,5,4,4,4,4,4,4,4,4,4,4,4,4,4,4,4,4,4,4,4,6,4,4,4,4,4,4,4,4,5,4,5,4,4,4,6,4,4,5,4,4,4,4,4,4,5,4,4,4,6,2,6,4,4,4,4,4,6,4,4,4,4,5,4,4,5,4,4,4,6,6,5,4,2,4,5,5,6,4,4,4,4,4,4,5,5,4,4,4,4,4,6,4,5,4,4,4,4,4,4,4,4,5,4,4,4,4,6,4,5,4,5,0,4,4,4,6,4,4,4,6,4,4,4,5,5,4,4,4,5,4,6,4,4,6,5,4,5,4,4,4,4,4,5,0,4,6,4,4,4,4,4,4,4,5,5,4,5,4,5,4,4,4,4,4,4,5,4,5,4,4,4,4,4,4,4,4,4,5,6,4,5,4,5,0,4,4,4,4,4,5,4,0,4,4,4,4,4,5,6,4,4,0,4,4,5,5,4,4,4,4,4,4,4,4,5,4,4,4,6,4,4,2,4,4,4,4,4,5,4,4,4,4,4,6,4,4,4,4,4,4,5,4,6,5,4,4,4,4,4,4,4,4,4,4,4,4,4,4,6,4,4,4,4,5,5,4,5,4,4,4,4,0,5,5,4,6,4,4,6,6,5,4,5,4,4,4,5,5,6,5,2,4,5,6,4,4,4,4,4,4,4,4,5,4,5,4,4,4,4,4,4,5,4,6,4,4,4,5,5,4,4,5,4,4,5,4,5,4,5,4,4,6,4,5,4,4,4,4,6,4,4,4,4,4,4,4,4,0,4,4,4,0,4,4,5,4,6,6,4,4,4,4,6,4,4,4,4,4,4,4,5,2,5,4,4,4,4,4,4,4,6,4,5,4,5,4,4,4,6,4,4,4,5,4,4,4,5,4,4,5,4,4,4,4,4,4,4,4,4,4,4,4,4,6,4,6,6,5,4,4,6,5,4,5,0,6,4,4,4,4,5,2,4,4,4,4,4,4,6,4,4,4,4,4,4,5,4,4,4,4,4,4,0,4,4,4,4,4,4,4,5,4,4,5,5,4,4,5,5,4,5,5,4,4,4,5,4,4,2,4,4,4,4,4,4,4,4,4,4,0,4,5,6,4,6,5,4,4,4,4,4,4,4,6,4,4,4,6,4,5,4,4,4,5,4,4,4,4,4,5,4,5,4,4,4,4,4,5,4,4,4,4,4,4,4,5,4,4,4,6,6,4,4,5,4,4,4,4,4,4,4,4,5,4,5,4,5,4,4,4,4,4,5,4,4,5,4,6,4,4,5,4,4,4,4,5,4,4,4,5,4,4,4,4,5,4,4,4,4,4,4,4,4,4,4,4,4,4,5,4,4,6,4,4,4,4,4,4,4,4,5,4,4,5,4,5,4,4,5,4,6,4,5,4,4,5,2,4,4,4,0,4,4,4,4,6,6,4,4]"
shape_ede010e1e1189354a5de,"[5,5,5,3,5,5,6,5,4,3,5,5,5,5,5,5,5,3,5,5,5,5,5,5,3,5,4,5,5,6,5,4,5,5,5,4,4,5,5,5,4,5,4,5,3,5,4,3,5,3,5,5,5,5,5,5,5,5,4,3,3,5,5,4,5,5,0,4,3,5,5,5,3,3,5,5,5,6,5,4,5,5,5,5,5,5,6,5,5,4,3,5,5,5,3,3,5,5,0,5,5,5,5,5,5,5,5,3,6,5,3,5,5,5,3,5,5,5,5,3,3,5,5,0,5,6,5,5,5,7,5,3,5,3,5,5,6,4,4,5,5,3,5,4,5,5,4,5,5,5,3,5,5,5,5,0,5,5,5,5,3,5,5,5,5,5,5,4,5,5,6,3,5,5,0,5,5,4,5,5,5,5,3,5,5,3,5,5,5,4,3,5,5,5,5,3,5,5,4,4,5,5,3,3,5,3,5,5,4,5,5,5,3,4,5,5,3,5,4,3,5,5,4,5,5,4,5,4,5,7,5,5,3,3,4,4,5,5,5,5,5,5,5,3,4,3,5,5,5,3,3,5,4,5,5,3,5,3,5,5,6,5,5,5,5,4,6,5,5,5,6,5,4,5,5,5,0,3,5,5,5,3,4,5,5,5,3,3,5,5,3,5,3,4,5,5,3,3,5,5,5,5,5,5,5,5,5,5,6,5,6,5,5,5,5,5,5,4,5,6,5,5,5,5,5,5,5,5,5,5,5,5,4,5,5,5,5,5,5,5,5,5,5,5,5,5,5,4,5,5,4,7,5,5,5,5,5,5,4,6,4,5,5,3,5,5,3,5,5,3,5,5,6,5,5,5,5,5,5,5,5,5,3,5,5,7,5,5,5,5,5,5,5,5,5,5,5,4,5,5,5,5,5,5,5,3,5,5,5,5,5,4,5,5,5,3,5,3,5,5,5,5,5,0,5,3,5,5,5,5,4,5,4,5,0,5,5,5,3,3,5,7,5,5,3,5,5,6,5,5,5,5,5,5,3,5,6,5,5,5,5,3,5,5,5,5,5,5,6,5,5,3,3,5,5,5,5,5,5,5,5,5,5,5,5,5,3,3,6,5,4,5,3,5,3,4,5,3,6,5,3,5,5,5,5,5,5,3,5,5,5,5,3,5,5,5,4,5,4,5,5,7,5,4,4,5,3,5,5,5,5,5,5,5,5,3,5,4,0,5,5,5,3,4,5,5,5,4,5,6,5,5,4,5,3,5,5,5,5,5,5,5,5,5,3,6,5,5,6,5,3,5,5,5,3,5,5,6,3,5,5,5,5,5,0,5,3,5,4,5,5,4,4,4,6,5,5,5,0,5,3,5,3,3,5,5,5,3,5,5,5,5,5,5,3,0,5,3,4,6,5,4,5,5,3,5,5,5,5,5,3,5,6,4,5,5,5,4,5,3,0,5,5,5,3,6,5,0,5,5,5,0,5,5,4,4,5,3,5,5,5,3,5,5,5,5,3,5,5,3,4,5,6,5,5,3,0,5,5,4,5,4,5,5,5,6,3,5,4,5,4,4,5,5,5,0,5,3,7,5,5,5,5,5,5,5,5,5,5,5,0,5,3,3,5,4,3,5,5,4,6,3,5,5,5,5,5,5,4,3,3,5,3,5,5,3,5,5,4,5,5,5,5,5,4,5,5,5,3,5,4,5,5,5,6,5,5,5,5,6,5,5,5,4,5,5,5,0,6,5,5,3,5,4,5,5,5,5,5,5,5,5,5,3,5,5,0,5,5,3,4,5,5,5,5,5,3,5,5,3,5,4,5,3,5,3,5,5,5,5,5,5,3,5,5,3,3,5,5,5,5,5,5,5,5,5,5,5,5,5,4,5,5,5,3,5,5,3,4,5,5,5,5,3,4,6,5,5,5,5,3,5,5,3,3,3,5,5,5,4,5,5,5,3,5,5,5,5,5,7,5,5,5,3,5,5,4,5,5,5,5,5,5,5,5,6,5,5,5,3,3,5,6,5,4,3,0,5,3,5,5,5,3,3,3,3,3,3,5,5,3,5,5,5,5,5,4,5,5,3,5,5,5,4,3,5,5,6,4,0,5,5,3,5,3,5,5,5,5,3,5,3,5,5,5,6,3,5,5,5,0,6,5,4,5,5,5,5,4,5,0,6,5,5,4,5,5,5,5,5,4,5,5,5,4,3,5,5,6,5,5,5,5,3,5,6,3,5,5,3,5,5,5,5,5,5,6,5,5,6,5,4,4,5,3,5,3,5,3,3,5,5,5,5,5,5,5,5,5,5,6,5,5,5]"
shape_d8b772c185efae1585e9,"[5,6,6,5,6,5,6,6,6,4,7,6,6,6,4,4,6,6,4,6,2,4,6,6,4,5,5,5,4,4,5,7,4,5,6,5,6,6,7,5,6,6,6,6,6,7,6,5,7,5,5,5,6,5,4,4,6,4,5,4,6,5,4,5,5,4,6,6,6,3,5,5,5,6,4,7,4,6,5,6,5,4,5,5,6,5,5,5,4,6,6,4,5,4,6,5,5,6,6,5,6,2,5,7,6,5,4,5,6,5,5,6,5,5,5,4,6,5,6,5,5,5,5,5,5,5,6,5,2,5,7,4,5,4,5,6,5,5,6,2,5,6,4,4,5,7,6,6,6,6,5,6,5,7,5,5,5,6,5,4,5,6,5,5,5,6,6,6,6,5,5,7,6,6,7,2,5,5,5,4,5,5,6,6,4,6,6,5,6,6,6,4,6,6,6,2,4,6,5,6,6,5,6,5,3,4,6,6,6,5,5,5,5,6,6,6,5,5,4,6,6,5,7,5,4,5,5,4,4,5,6,4,5,7,5,4,4,2,4,4,4,5,4,6,5,6,5,5,6,5,6,6,6,6,5,6,5,4,5,6,4,4,6,5,6,6,5,6,5,4,2,5,5,5,4,6,6,6,5,6,6,6,6,6,7,6,4,4,5,5,5,6,5,6,6,5,4,4,7,6,2,5,5,5,6,6,4,6,5,6,6,5,5,5,6,4,4,5,6,6,6,5,4,6,5,7,6,5,6,5,5,6,4,6,4,5,2,4,6,6,6,4,6,6,6,5,7,5,5,4,6,5,4,6,5,5,5,6,5,4,4,5,6,5,5,4,4,5,6,4,4,6,6,6,5,4,6,6,5,7,6,6,6,5,5,4,6,6,7,4,5,4,4,7,7,6,5,4,4,6,6,6,6,6,6,5,6,4,5,6,4,4,4,6,6,6,5,5,6,5,6,7,5,6,2,5,5,6,5,7,5,5,6,6,5,5,6,5,5,5,5,4,6,6,5,6,4,5,5,5,5,6,5,5,4,6,5,6,4,4,4,5,6,6,4,5,5,6,5,6,5,4,4,6,6,5,4,5,4,5,5,5,5,5,2,6,6,6,5,6,5,5,5,5,4,5,5,4,7,5,6,5,5,5,6,6,6,6,6,5,5,4,4,4,6,4,5,5,6,6,4,6,4,6,5,5,2,7,5,6,4,5,5,6,4,5,5,5,6,6,5,4,6,7,6,5,4,4,5,6,4,4,4,6,5,6,6,5,6,6,6,5,5,5,4,6,4,6,5,6,4,6,5,5,4,5,5,4,5,6,5,4,4,6,5,5,6,5,2,6,2,6,5,5,6,6,7,4,5,5,4,5,6,6,5,5,4,5,5,6,6,6,4,4,6,4,4,5,6,5,4,5,4,4,6,6,5,4,6,5,6,5,4,5,5,6,6,5,6,5,5,6,4,6,5,2,5,7,4,6,5,6,6,7,4,7,5,5,4,4,6,5,6,6,4,5,4,5,4,4,6,5,7,5,5,6,5,6,4,5,5,7,5,6,6,6,7,4,5,6,4,6,5,5,4,6,5,5,6,7,7,4,5,6,6,6,4,5,6,6,6,6,4,4,4,6,5,6,5,6,6,6,5,6,4,5,7,4,6,5,4,4,5,6,5,5,6,6,5,4,6,6,6,6,6,2,7,5,4,4,4,6,5,4,5,5,5,6,6,4,6,5,4,5,4,6,4,4,5,7,6,4,7,6,5,6,6,6,6,5,7,6,6,6,4,5,6,2,6,6,5,7,6,4,6,5,2,5,5,5,5,5,4,5,6,5,6,5,5,6,4,4,6,5,6,4,5,5,7,5,7,5,6,4,6,6,7,5,4,6,5,6,4,6,5,6,4,6,4,4,6,5,4,6,4,7,4,5,5,4,5,5,5,4,5,6,5,5,4,7,6,5,6,6,2,6,6,4,4,6,5,6,5,5,4,5,5,4,4,6,6,4,7,5,6,5,5,6,6,5,6,5,4,5,4,5,6,6,7,5,5,4,6,5,6,5,6,4,6,4,5,5,6,7,2,5,5,6,5,2,5,6,5,5,5,4,5,5,6,5,5,6,5,4,6,6,6,5,6,2,6,5,5,5,4,5,6,6,5,4,6,4,6,5,6,6,5,5,6,6,2,6,5,4,6,4,6,5,6,5,5,5,4,6,5,6,5,6,5,5,6,5,5,6,5,5,5,4,7,6,5,5,4,4,6,4,5,4,6,6,4,5,6,7,5,6,5,4,4,6,5,5,6,5,5,4,4,6,4,5,6,4,6,4]"
shape_d637a2aaf1a817cace0c,"[5,5,6,4,5,7,6,4,6,4,5,6,5,6,5,5,6,6,6,5,5,6,6,5,5,6,6,5,6,5,5,5,6,5,6,5,5,6,5,5,5,6,6,4,6,5,5,5,5,6,6,4,6,6,5,5,5,5,6,6,6,5,5,6,6,6,6,4,6,6,6,6,6,6,5,6,6,6,6,6,4,6,5,4,4,5,5,5,5,6,4,6,7,6,5,5,5,4,5,5,6,6,4,6,5,5,6,2,6,6,6,6,6,5,4,5,6,5,6,5,5,6,6,5,6,5,5,5,5,6,6,5,6,5,5,5,6,5,6,5,4,5,6,5,6,5,6,6,6,6,4,5,5,5,5,6,6,4,5,5,4,6,5,6,6,4,5,6,5,5,5,7,4,5,6,5,5,5,6,7,6,5,5,6,4,6,6,5,5,4,5,5,6,5,5,5,5,5,4,5,6,6,5,6,6,5,5,6,5,6,6,4,5,5,6,5,4,6,6,6,5,6,6,5,6,4,6,5,6,5,5,6,4,6,4,6,5,5,5,4,5,6,5,6,5,6,5,6,5,5,5,4,5,5,5,6,6,4,6,5,6,6,6,6,6,4,5,5,5,6,6,5,6,5,5,5,6,6,5,5,4,6,6,6,5,4,5,6,4,6,6,7,6,5,5,5,5,5,7,6,7,5,5,5,6,5,5,5,5,5,6,5,5,6,4,6,6,6,6,6,5,7,6,6,6,5,5,6,5,6,5,5,6,6,5,5,6,5,6,6,4,5,4,5,6,5,5,7,5,6,5,5,6,6,5,6,6,6,6,4,5,6,6,4,4,5,6,5,6,5,4,7,6,6,5,5,5,5,6,5,5,5,6,6,5,5,6,6,6,7,5,4,6,6,5,5,4,5,6,5,6,6,6,5,4,6,6,6,5,5,6,4,6,6,6,6,6,5,5,6,5,6,6,5,6,6,5,6,6,6,6,6,7,5,6,6,4,5,4,5,6,5,5,4,6,6,6,5,6,4,6,6,7,5,5,5,5,6,5,5,5,5,5,5,4,5,3,5,5,5,6,5,6,5,5,6,5,6,6,5,6,5,6,6,6,4,6,5,5,6,6,5,5,6,5,6,6,5,7,4,5,5,4,6,6,6,6,5,5,5,5,5,6,5,6,6,5,6,6,5,6,6,6,5,5,5,5,5,5,5,5,7,6,4,5,6,5,6,5,6,5,5,5,5,5,6,6,6,4,6,5,6,6,5,5,6,5,6,6,5,6,6,5,6,5,5,6,5,5,6,5,5,5,7,7,6,4,5,4,6,4,5,5,6,6,3,5,4,6,6,6,6,6,6,5,6,6,6,6,6,6,6,5,5,6,5,6,6,6,4,7,5,5,5,5,7,6,4,5,6,6,4,5,5,5,6,6,5,6,5,5,6,5,6,6,5,5,4,5,6,6,6,5,6,5,5,6,5,4,5,5,5,5,5,5,6,6,5,5,5,5,5,5,6,6,6,5,6,6,5,5,6,5,5,6,4,6,6,5,4,5,5,6,6,5,5,4,6,7,5,6,5,6,6,5,4,5,5,5,6,4,5,6,5,6,6,5,4,6,6,5,6,5,6,6,5,5,5,5,4,6,5,6,5,5,5,5,6,5,5,5,5,6,6,6,5,6,5,6,5,6,6,6,5,6,5,5,5,4,5,5,5,5,7,6,6,6,6,5,4,5,5,6,5,6,6,6,5,5,5,5,5,6,6,6,6,6,4,6,5,4,6,4,5,6,6,6,5,5,4,5,5,6,5,6,5,6,4,6,6,4,7,6,5,6,6,5,5,6,5,6,6,4,4,6,5,5,5,6,6,6,6,5,6,6,4,5,6,5,5,6,5,5,6,5,6,5,5,5,5,6,3,5,6,6,5,5,7,6,6,6,7,5,6,4,4,5,6,5,5,6,5,6,6,6,6,5,5,5,5,5,5,6,6,6,6,5,3,5,6,5,6,6,4,5,5,5,5,6,5,6,5,4,5,6,5,6,6,6,5,6,6,4,7,6,5,5,6,5,5,5,4,5,6,7,6,5,6,6,5,5,5,5,6,5,4,5,6,5,5,6,5,6,5,6,5,4,6,6,6,6,6,6,6,6,6,5,6,5,5,5,5,6,6,5,6,6,5,6,5,6,6,6,5,5,6,5,5,4,6,6,6,5,6,6,6,5,5,5,5,5,5,6,5,6,6,6,6,6,5,6,5,5,6,6,6,6,7,6,6,5,5,6,6,5,6,4,5,6,6,4,6,5,5,6,4,5,6,6,6,6,4,5,6]"
shape_0303dcee2e1aa92c6b69,"[6,4,6,4,4,5,7,4,5,4,5,6,4,5,4,5,4,4,5,6,5,6,4,4,4,6,6,5,4,5,6,6,6,4,6,6,5,2,5,6,4,4,4,4,4,4,4,6,5,5,6,4,5,5,5,6,6,6,4,5,4,5,5,6,5,5,5,6,4,6,6,5,4,6,6,4,4,6,5,5,5,5,4,5,6,5,4,5,6,5,4,5,5,5,5,5,4,4,5,5,5,5,4,5,4,6,6,5,5,5,5,5,6,6,5,5,5,5,4,6,4,6,4,0,4,4,6,4,4,5,6,4,6,5,5,5,6,7,6,5,6,6,6,6,6,6,4,5,6,5,5,4,5,4,4,4,5,5,4,4,6,7,5,5,5,5,4,5,5,6,7,5,4,5,5,6,6,4,6,4,5,6,6,5,5,6,5,5,7,6,5,5,6,4,4,5,5,4,4,4,5,5,5,5,4,5,4,5,4,7,6,4,4,5,5,6,6,6,6,5,4,5,5,6,5,6,6,4,5,5,6,6,6,6,5,5,5,4,5,4,6,5,5,5,4,4,5,6,6,6,4,4,2,4,5,6,4,6,5,5,6,6,5,5,5,5,5,4,6,4,5,6,5,6,5,6,5,6,5,4,2,6,5,5,4,4,4,4,5,5,7,4,6,6,5,5,4,5,6,4,5,5,5,6,6,4,5,6,6,6,6,5,5,5,5,5,7,4,6,6,4,4,6,5,5,5,6,6,4,5,4,5,4,6,5,5,4,5,5,5,7,4,5,6,6,6,6,6,5,4,5,4,5,5,6,4,5,5,5,5,5,6,4,6,4,5,6,5,4,6,4,4,7,5,4,5,6,4,5,4,5,4,4,4,5,6,5,4,5,6,4,6,6,7,6,4,4,4,5,5,6,6,5,4,5,5,5,4,6,5,4,4,6,5,4,4,6,4,4,6,5,5,5,4,5,5,5,4,6,5,5,4,5,6,5,6,5,5,6,4,6,6,6,4,5,4,4,4,6,5,4,5,4,6,5,5,6,6,5,5,5,5,5,5,6,5,5,5,6,5,2,4,6,5,5,5,5,5,4,5,5,6,4,4,5,4,5,6,4,4,4,4,5,6,6,5,5,5,6,4,5,6,4,6,6,5,6,5,5,6,4,5,6,6,7,5,4,4,4,5,7,6,6,6,4,5,5,5,5,4,6,4,6,6,5,6,5,6,5,6,5,5,4,4,4,4,7,6,6,5,4,4,6,5,4,5,6,5,5,4,4,4,6,4,6,6,4,4,4,6,4,5,7,5,5,4,6,5,6,4,6,5,2,4,4,5,4,5,5,6,4,4,6,4,4,6,5,6,4,6,4,5,4,5,5,2,6,5,7,6,4,6,5,4,7,6,5,5,5,4,5,5,7,5,4,6,5,4,4,4,7,5,6,6,5,5,5,5,7,5,6,5,5,6,5,6,5,5,4,4,5,6,5,4,4,4,5,4,4,5,5,5,5,5,6,6,5,5,4,6,4,4,5,4,6,5,4,4,4,5,6,6,4,5,5,5,6,4,5,4,6,6,5,4,5,5,4,4,6,6,4,4,6,4,5,4,4,4,5,4,6,5,5,6,6,6,4,4,6,4,6,7,6,6,6,6,6,6,6,4,5,4,4,5,5,6,6,5,5,6,5,5,5,5,5,5,7,6,6,4,7,5,5,5,5,5,6,5,6,5,5,4,6,5,5,4,6,5,4,6,6,5,4,6,5,5,5,5,4,6,5,6,7,6,5,6,4,6,4,6,6,5,4,5,6,6,5,5,4,5,5,4,5,6,6,6,4,4,5,6,5,6,6,4,4,5,4,4,6,5,4,4,5,6,5,6,5,5,4,5,4,5,4,6,4,5,5,5,5,5,4,4,5,4,4,7,7,5,5,6,5,5,5,6,5,5,4,4,5,5,6,6,6,4,4,6,4,5,6,5,5,7,5,4,5,6,6,6,5,4,5,5,6,6,6,5,5,6,4,4,4,4,5,7,6,5,5,5,4,6,5,4,4,5,4,4,4,6,4,6,6,6,5,4,6,5,6,4,2,4,4,4,5,6,5,4,6,5,5,5,4,4,5,4,6,5,5,4,5,4,4,6,4,5,4,6,5,4,4,5,5,4,6,4,4,5,5,4,6,4,6,6,6,4,6,2,5,4,6,5,6,6,4,5,5,5,6,5,6,6,6,5,5,5,4,4,5,5,4,4,4,6,5,4,6,5,5,5,5,4,4,4,5,6,5,4,4,5,7,5,5,4,5,4,5,4,4,4,2,6,4,5,6,4]"
shape_16b72e7c171f99f53e69,"[4,6,5,6,4,4,6,4,6,4,5,5,4,4,4,5,6,6,4,5,4,4,4,4,4,4,6,4,6,6,6,6,6,4,4,6,5,6,5,6,6,6,5,4,7,5,4,6,4,5,5,4,6,6,4,0,6,6,6,6,6,4,6,4,4,6,4,5,6,6,6,4,5,5,6,5,5,6,6,4,6,4,4,4,4,4,4,4,5,5,4,6,4,6,4,4,4,6,5,4,6,6,5,4,4,5,4,5,4,5,6,5,6,4,4,4,6,6,4,4,6,5,5,5,6,6,6,5,6,6,5,4,4,6,6,5,5,5,4,4,5,5,5,4,5,4,4,4,4,4,4,4,5,5,5,5,4,4,4,4,5,4,6,4,4,5,4,6,6,4,4,4,6,4,4,4,6,4,4,5,4,6,6,5,5,4,5,5,4,5,6,5,5,5,6,6,6,6,4,4,5,4,6,6,6,5,4,4,4,5,5,4,5,4,5,6,6,6,6,6,6,4,5,4,5,4,4,4,4,5,4,4,6,6,4,6,4,6,4,5,6,5,5,4,5,5,4,6,6,6,6,4,6,5,6,6,4,4,4,7,5,4,5,6,4,5,6,4,6,5,5,4,6,6,4,6,5,4,5,6,4,6,6,6,6,4,6,6,5,4,6,6,4,4,5,5,5,6,5,4,6,4,5,4,4,6,6,6,6,5,4,4,4,4,5,5,4,6,6,5,6,5,4,4,6,6,5,4,4,5,6,5,6,6,4,4,4,4,4,5,4,4,4,6,4,4,4,4,6,6,6,5,6,4,4,4,4,5,4,6,6,4,7,4,4,6,4,7,5,4,4,4,4,6,5,4,4,6,4,4,5,4,4,4,4,5,7,4,6,6,4,5,4,4,6,6,4,4,4,6,4,5,4,6,4,4,4,7,5,4,6,4,6,6,6,6,5,5,6,4,4,4,4,6,4,6,5,4,6,4,5,4,4,4,5,4,6,6,4,4,5,7,4,6,6,6,6,5,6,5,6,6,5,6,4,4,6,5,5,6,6,4,5,4,6,4,5,6,4,6,4,6,6,6,5,6,6,5,6,6,5,5,4,4,7,6,4,5,5,4,5,6,6,6,6,6,6,5,4,6,4,4,4,4,4,5,6,6,6,4,6,7,4,5,6,5,6,5,5,5,5,4,5,4,6,5,5,6,4,7,6,6,5,5,5,6,4,4,4,4,4,4,6,6,4,4,4,6,5,5,4,4,4,6,6,6,6,4,5,5,5,5,6,5,6,6,4,5,6,4,5,6,6,5,4,6,4,5,6,4,5,6,4,4,5,4,6,4,6,6,6,6,6,4,6,4,4,4,4,4,6,5,5,5,6,4,6,6,6,4,4,5,5,6,4,5,5,5,4,6,4,6,4,6,6,7,6,6,5,5,5,4,5,4,6,4,4,5,4,6,7,6,4,4,4,4,5,4,5,4,4,5,7,5,6,4,4,6,4,5,6,6,4,6,5,6,6,5,6,6,6,6,6,4,5,5,6,6,6,5,7,6,4,4,5,4,4,4,5,5,4,4,4,4,6,5,4,4,6,4,4,5,5,6,6,5,6,5,6,6,6,6,4,6,4,4,6,4,6,5,6,5,5,4,4,4,5,6,6,6,4,6,4,6,4,4,5,4,4,4,4,4,2,4,4,6,5,4,5,6,6,4,4,7,6,6,5,6,4,5,6,4,4,6,6,5,6,6,4,6,6,6,6,4,6,4,5,4,5,6,6,6,5,4,4,4,4,5,4,7,4,6,6,6,5,6,4,6,6,4,4,4,4,6,5,6,6,5,4,6,6,6,6,4,4,6,6,5,6,4,4,6,6,6,5,4,5,4,5,4,6,6,4,5,6,6,6,6,4,4,5,5,4,6,5,4,7,4,4,5,6,6,6,4,4,4,6,5,4,6,6,6,5,4,6,5,5,6,4,5,4,5,4,4,5,4,4,6,5,4,6,5,4,6,6,5,4,5,4,5,5,6,4,5,5,6,6,6,5,7,6,6,5,4,4,4,5,4,6,5,6,5,4,4,6,4,4,7,4,4,4,4,5,5,6,6,4,5,6,6,6,6,5,5,4,4,4,6,4,6,5,6,5,5,6,5,4,7,7,4,4,6,6,4,5,5,6,7,4,6,6,6,6,5,7,6,4,4,6,5,4,6,5,4,6,5,6,4,5,5,5,6,5,6,4,5,5,4,5,4,5,4,4,4,6,6,6,4,4,6,6,4,5,6,5,7,4,4,4,6,6,6,4,6,6,6,4,6,4,6,6,7,4,5]"
shape_494cfc942f96f8f0a152,"[6,6,6,6,6,6,6,7,7,6,6,6,7,6,6,6,6,6,6,6,6,6,6,6,6,6,7,6,6,6,7,6,6,6,6,6,7,7,6,6,6,6,7,6,6,6,7,6,6,6,7,6,7,6,6,7,6,7,7,7,6,6,7,6,6,6,7,6,6,6,6,6,6,7,6,6,6,6,6,6,7,6,7,6,7,6,6,7,6,6,6,6,6,7,6,6,7,6,6,6,6,6,7,6,6,6,6,6,6,7,6,6,6,6,6,6,6,7,6,6,6,7,6,7,6,6,6,7,6,6,6,6,6,6,6,6,7,6,6,6,6,7,6,6,7,6,6,6,7,6,6,6,6,6,6,6,7,6,7,6,6,6,6,6,6,6,6,6,6,6,6,6,6,7,7,6,6,6,7,7,7,6,7,6,6,7,7,6,7,7,6,6,6,7,6,6,6,6,6,7,7,7,6,6,6,6,6,6,6,6,6,6,6,6,6,6,6,6,6,7,6,7,6,6,6,7,6,6,6,7,7,6,6,6,6,6,6,7,6,6,6,6,6,7,7,6,6,6,6,6,6,6,6,7,6,6,6,6,6,7,6,6,6,6,6,6,6,6,6,7,6,6,6,7,6,7,6,6,6,7,6,6,6,7,6,6,7,6,6,7,6,6,7,6,6,6,6,6,6,6,6,6,6,6,7,7,7,7,6,7,6,6,6,6,6,6,7,6,6,6,7,6,6,6,7,7,6,6,6,7,6,7,6,6,6,6,7,6,6,6,6,6,6,6,7,6,6,6,6,6,7,6,6,6,6,6,7,7,6,6,6,7,6,7,6,6,7,6,6,7,6,6,6,7,6,6,6,7,6,7,6,6,6,6,7,6,6,7,7,6,6,6,6,7,6,6,7,6,6,6,6,6,6,7,6,7,7,7,7,6,6,6,6,6,6,7,6,6,7,6,6,6,7,6,6,7,6,7,6,6,6,6,6,6,6,7,6,6,6,6,6,6,6,7,6,6,6,6,7,7,6,6,6,7,7,6,6,6,6,6,6,6,6,6,6,6,6,6,6,6,6,6,6,6,6,6,6,6,6,6,7,7,6,6,6,6,7,6,7,6,6,6,6,6,6,6,6,6,6,6,6,6,6,6,7,6,6,6,6,7,6,6,6,7,6,6,7,6,6,6,6,6,6,7,6,6,7,6,6,6,6,6,7,6,7,6,6,6,6,7,6,7,6,6,6,6,7,6,6,7,6,6,6,7,7,6,7,6,6,6,7,7,6,6,6,6,6,6,6,6,7,6,7,6,7,6,6,6,6,6,6,6,6,6,7,6,6,7,7,6,6,6,6,6,7,6,6,6,6,7,6,6,6,6,6,6,7,6,7,6,6,7,6,6,7,6,6,6,7,7,7,6,6,6,6,7,6,6,6,7,6,6,6,6,6,6,7,6,6,7,6,6,6,6,6,6,7,6,6,7,6,6,6,7,7,7,6,6,6,7,6,6,7,6,6,6,6,6,6,6,6,7,6,7,6,6,6,6,6,6,6,6,6,7,6,6,6,6,6,6,6,6,6,6,6,6,7,6,6,6,6,7,7,6,7,7,6,6,6,7,6,6,6,6,6,6,6,6,6,7,6,7,6,7,7,7,6,7,6,6,6,6,6,6,7,6,6,6,6,6,7,7,6,6,6,6,6,7,7,6,6,6,6,6,7,6,6,6,6,6,7,6,6,7,6,6,6,6,6,6,6,7,7,6,6,6,6,7,6,7,7,6,6,6,6,6,7,6,6,7,6,7,6,6,6,6,6,6,7,6,7,6,6,7,6,7,6,6,6,6,7,6,6,6,7,7,7,6,6,6,6,7,6,6,6,7,6,7,6,7,6,7,6,6,6,7,7,6,7,6,6,6,6,6,6,6,6,6,6,7,6,6,6,7,6,6,7,6,7,7,6,6,6,6,6,6,6,6,6,6,6,7,6,6,7,7,6,6,6,6,6,6,7,6,7,6,6,6,6,6,7,6,6,6,6,6,7,7,6,6,6,6,6,6,7,6,7,6,6,6,6,6,6,6,6,6,6,7,6,7,6,6,6,6,6,6,6,6,6,6,6,6,6,7,7,7,6,7,7,6,6,6,6,6,6,6,6,6,6,6,6,6,6,6,6,6,6,6,6,6,7,6,6,6,7,6,6,6,6,6,6,6,6,6,6,6,6,6,6,7,6,6,6,7,6,6,6,6,6,7,6,7,6,7,6,6,7,7,6,6,6,6,6,6,6,6,6,6,6,6,6,6,6,6,7,6,6,6,6,6,6,6,6,6]"
shape_028010396c647ec2ae08,"[6,5,5,6,5,5,5,5,7,6,6,7,6,5,6,6,6,5,6,6,6,6,6,5,5,5,7,5,6,5,5,6,2,6,5,6,5,5,7,5,7,6,6,6,7,5,5,6,5,6,0,5,7,5,4,4,5,7,5,5,5,5,5,7,5,5,5,5,5,5,5,5,6,6,6,6,6,5,6,7,6,5,6,5,5,5,6,5,6,5,7,6,5,5,7,6,7,6,5,6,2,5,5,5,4,6,6,5,5,5,5,5,5,5,4,6,7,5,6,7,5,5,5,5,5,6,5,5,6,6,6,5,5,5,5,5,5,7,6,6,2,6,7,6,6,6,6,5,6,5,5,5,5,6,5,0,6,5,7,6,5,6,6,5,5,5,6,5,7,6,5,5,5,5,5,5,5,6,4,5,5,5,7,7,5,5,5,5,7,5,6,7,7,6,6,5,5,5,6,6,4,5,6,7,5,6,6,4,5,5,6,5,5,4,6,6,5,5,5,2,5,6,5,5,7,5,5,5,6,6,6,7,7,5,7,7,5,6,5,5,6,6,6,6,5,6,6,6,6,5,6,7,6,5,5,5,5,7,5,5,0,7,5,6,5,2,6,6,5,6,5,5,6,5,5,5,6,6,5,6,6,5,4,2,5,6,6,6,5,5,7,5,5,6,5,7,6,7,5,5,7,0,6,6,5,5,7,2,0,7,5,6,6,5,5,6,5,5,5,5,2,5,6,6,2,5,4,5,7,5,6,6,6,6,6,6,2,6,7,6,6,5,6,6,5,0,5,6,6,5,5,5,5,7,6,5,5,5,5,6,5,7,6,6,5,5,7,5,6,6,6,6,7,5,7,6,5,5,5,5,5,5,6,6,6,5,6,7,2,7,7,6,6,6,5,5,7,5,7,5,5,5,7,5,6,5,5,4,5,5,6,5,5,6,5,2,7,5,5,7,6,7,2,6,5,5,5,5,0,5,6,5,5,5,5,5,5,6,5,5,5,6,5,5,6,5,6,5,6,5,5,6,6,5,5,7,5,5,5,7,5,6,6,6,5,5,2,5,6,5,6,6,6,6,7,4,5,5,0,5,7,6,5,5,5,6,6,5,6,5,6,7,7,5,5,5,5,6,6,5,6,5,5,6,6,6,5,4,5,4,2,5,7,5,5,5,7,5,5,6,5,5,6,6,5,5,5,6,5,5,5,5,5,6,5,5,5,5,5,7,5,5,7,6,2,6,5,7,7,5,5,4,6,6,5,5,7,5,5,5,6,6,5,5,5,6,6,5,6,6,5,6,5,5,5,6,5,5,7,7,5,2,6,5,6,5,5,5,5,6,5,5,5,5,6,6,5,7,5,6,5,5,5,7,7,6,7,6,5,7,6,5,6,5,6,5,5,6,7,5,5,5,5,5,5,7,7,5,5,5,5,4,7,2,5,5,5,5,5,5,6,5,6,6,4,5,5,5,5,6,5,5,6,5,6,5,7,5,5,6,5,6,6,6,5,5,6,5,6,5,6,6,5,5,6,5,5,0,5,6,5,5,6,7,7,5,5,5,4,6,7,5,5,6,5,6,5,5,2,7,7,6,5,5,5,5,6,5,6,7,5,7,7,7,5,2,5,5,6,7,5,5,6,6,5,6,5,5,5,6,5,6,5,7,5,6,6,5,6,5,6,7,5,7,5,5,4,5,5,5,5,6,6,5,6,6,6,6,5,4,6,7,5,6,5,5,5,5,5,5,7,5,6,5,6,6,5,5,5,5,5,5,5,5,6,5,6,6,5,5,6,5,6,5,5,5,7,5,6,6,5,6,5,5,5,5,5,6,5,7,5,5,5,6,5,5,5,5,5,6,2,5,6,5,5,4,6,6,5,6,7,6,5,5,5,5,5,5,5,5,5,5,6,7,6,6,5,5,5,6,7,5,7,5,2,7,5,6,5,5,5,6,5,5,5,5,5,5,5,5,6,6,5,6,6,5,2,5,6,5,5,5,6,5,6,5,5,6,7,5,5,7,5,7,6,5,5,5,5,6,7,7,6,5,5,6,6,5,5,5,5,5,5,6,6,5,6,6,5,5,4,2,5,5,6,4,7,7,6,5,5,5,7,6,5,5,5,5,5,5,4,5,6,5,5,6,6,5,6,5,6,7,2,5,6,5,5,7,5,6,5,5,7,5,6,4,5,5,5,5,5,5,5,6,5,5,6,6,5,5,6,5,7,5,7,5,6,5,5,5,6,0,6,5,6,5,5,6,6,5,5,6,6,5,5,5,5,6,5,5,5,4,5,7,6,5,7,6,5,5,6,5,5,5]"
shape_2895a5eafa0d27b4f3c1,"[5,7,6,6,5,6,6,5,6,5,6,6,6,6,6,7,7,6,6,6,6,6,6,5,6,5,5,6,6,5,7,5,6,5,6,6,6,6,6,5,6,7,6,6,6,6,5,5,5,7,5,5,6,6,6,5,7,5,6,6,6,5,6,5,6,6,7,5,6,6,6,5,5,6,5,5,6,5,6,5,6,5,6,5,6,6,3,6,6,5,6,6,6,5,5,6,6,7,6,6,5,6,5,6,6,6,6,5,6,6,6,6,6,6,6,6,5,6,6,5,6,6,6,6,6,5,5,6,5,5,6,6,6,5,6,6,6,6,6,6,6,6,5,7,6,7,5,6,5,5,7,6,6,5,6,7,7,6,6,5,6,5,6,6,6,6,6,5,6,5,7,6,6,5,6,7,5,6,6,6,5,6,6,5,5,5,6,5,6,5,6,5,4,5,5,6,5,5,4,5,5,5,5,6,6,6,6,6,5,5,6,5,6,7,6,6,6,6,5,5,6,5,6,5,6,5,5,7,5,5,6,6,5,5,5,6,5,6,5,5,5,5,6,6,6,6,5,7,5,5,7,7,6,5,6,6,6,6,6,5,6,7,6,6,6,5,6,6,5,6,6,5,6,6,5,6,6,5,6,5,5,7,7,5,6,5,5,6,6,5,6,5,4,7,6,6,6,5,5,7,5,6,5,4,7,6,6,6,5,6,6,6,5,6,5,5,7,6,5,5,5,6,6,5,6,6,6,5,4,6,5,6,6,6,5,6,7,6,5,6,6,7,5,6,6,6,7,6,6,6,6,6,6,5,6,5,5,5,6,6,6,5,6,6,5,6,5,5,7,6,6,5,5,6,6,5,5,6,6,5,6,6,6,5,6,5,5,6,5,5,6,6,6,5,6,5,6,6,6,5,6,6,5,6,6,7,5,6,5,6,5,6,5,6,5,5,5,6,6,6,6,6,6,6,6,5,6,6,5,7,5,6,6,6,6,6,6,5,6,5,6,6,5,5,6,6,6,6,6,5,6,5,5,6,6,6,5,5,6,6,6,5,6,6,5,6,6,5,6,7,5,5,6,5,6,7,6,5,6,6,6,5,5,5,5,6,5,6,6,5,5,6,6,5,6,5,6,5,6,6,6,6,5,6,7,6,6,6,5,5,5,6,7,6,5,5,5,5,5,6,5,5,6,5,6,6,6,6,6,6,6,5,6,5,5,5,6,5,6,6,6,5,6,6,6,5,4,6,5,5,6,7,4,6,5,6,6,7,6,6,6,5,5,7,6,6,6,3,6,5,5,5,5,6,5,5,6,6,5,4,6,7,6,6,6,5,7,6,6,5,6,6,7,6,6,6,6,5,7,6,5,6,5,5,7,5,6,5,6,7,6,5,6,6,6,5,5,5,5,6,6,6,5,5,6,7,6,6,5,6,5,5,5,6,6,5,6,6,6,6,6,5,5,5,5,6,6,6,6,6,5,7,5,5,6,5,5,6,5,5,6,6,6,6,6,6,6,6,6,6,5,6,6,6,6,5,5,6,7,5,3,5,5,5,5,6,5,5,5,5,5,7,6,6,5,6,5,6,6,5,6,6,6,5,6,5,6,6,5,6,6,6,7,5,5,6,5,6,6,5,6,6,5,5,6,7,5,6,6,6,6,4,7,5,6,5,6,6,4,6,5,6,6,5,6,6,7,5,6,5,6,5,7,6,5,5,5,6,6,7,6,5,5,6,6,3,6,6,6,7,3,6,7,5,7,6,5,5,6,6,5,6,6,5,5,6,4,6,5,6,6,6,6,5,7,6,5,6,6,5,5,5,6,6,6,7,5,5,5,7,5,6,5,6,5,5,5,5,6,6,6,6,5,6,5,7,6,5,7,5,6,6,6,5,6,6,5,6,6,6,5,5,6,6,6,5,6,4,5,5,5,5,7,6,6,5,6,5,6,5,6,6,6,6,5,6,6,6,6,7,5,5,6,6,6,6,6,5,6,5,5,5,5,5,5,6,6,5,6,5,6,5,7,6,6,6,5,6,6,6,5,6,6,6,6,5,5,6,6,6,5,6,7,6,5,5,5,5,5,5,5,5,6,6,5,6,6,6,5,4,4,5,6,6,7,5,6,7,5,6,5,5,6,5,6,5,6,5,4,6,5,6,4,5,5,6,6,5,5,3,5,6,5,7,7,7,5,7,6,5,3,6,5,7,7,5,5,4,6,5,5,6,7,5,6,6,5,6,6,6,6,5,5,6,5,6,5,7,5,7,6,5,6,5,5,7,6,5,5,5,5,5,7,6,6,6,6,6,5,5,6,5,6,7]"
shape_73800f1e110fd12ae09e,"[5,6,4,4,5,4,6,5,4,4,4,4,4,5,6,6,6,5,4,5,4,4,4,6,4,4,6,4,4,6,4,4,6,4,4,6,4,6,6,4,4,4,6,4,6,4,4,4,6,6,6,4,4,5,5,6,0,4,4,4,5,4,4,4,6,4,4,4,6,6,4,4,6,4,4,4,6,4,6,5,6,4,6,4,4,6,4,2,6,4,6,4,4,6,4,6,5,6,6,6,5,5,4,5,4,4,4,4,4,4,4,4,4,6,4,5,5,6,6,4,5,4,6,5,4,5,4,4,4,4,4,6,4,4,6,6,5,4,4,4,4,4,6,6,6,6,6,6,4,4,5,5,4,4,6,5,5,6,4,4,2,4,4,4,6,6,6,4,4,4,2,6,6,4,4,4,6,4,5,2,5,4,6,5,4,4,5,4,6,5,6,4,4,6,6,4,4,4,4,6,6,4,6,2,6,5,6,5,4,4,5,4,5,4,4,4,4,6,6,6,6,4,4,4,6,4,6,5,5,5,4,4,6,4,4,4,4,5,6,4,5,6,4,4,4,4,5,4,6,4,4,6,6,6,6,4,5,4,4,6,6,5,4,4,4,4,6,5,6,4,5,4,5,4,4,4,6,6,6,4,4,4,6,6,6,3,4,4,4,2,4,6,6,4,4,0,4,6,5,6,6,4,6,5,6,5,6,4,4,6,6,4,4,4,4,4,6,4,4,4,4,4,4,5,4,5,6,6,6,6,6,4,2,5,6,4,4,5,4,4,4,6,5,4,6,6,5,4,6,5,4,6,5,4,6,5,6,4,4,4,6,4,5,4,4,5,0,6,6,6,4,6,4,4,4,4,4,6,4,5,4,4,5,4,4,6,5,5,4,4,6,4,4,5,6,4,4,4,4,4,5,6,2,4,6,4,6,4,6,5,4,6,6,6,5,4,4,4,5,6,4,6,5,4,5,6,4,4,5,6,6,6,4,4,4,6,4,4,6,6,4,5,4,4,5,4,4,4,6,5,6,4,6,4,4,6,4,4,4,6,4,6,5,5,6,4,4,6,6,4,6,6,4,4,6,4,6,6,4,4,5,4,5,5,4,5,4,5,4,4,4,6,4,5,4,4,6,4,4,6,4,6,6,5,5,5,6,5,4,5,6,5,6,4,5,4,4,5,6,6,6,6,4,4,4,4,4,4,4,6,6,4,4,4,2,4,6,6,6,6,6,4,4,4,4,4,4,5,5,4,5,4,5,4,4,6,6,6,6,4,4,6,4,4,4,6,6,6,4,6,5,4,6,4,4,6,6,6,4,4,5,4,4,6,6,4,5,4,4,4,4,4,6,4,5,5,5,4,4,6,6,4,4,6,4,4,6,4,6,5,6,5,4,4,6,5,5,4,4,4,4,5,6,6,6,5,6,6,6,4,4,4,5,4,4,4,4,4,4,4,4,4,6,6,6,5,5,4,6,4,4,6,2,4,4,5,4,6,4,4,6,5,5,4,6,4,4,4,4,6,4,5,6,4,4,4,6,6,4,6,6,5,4,5,6,4,5,4,6,4,5,4,4,5,5,4,4,5,5,4,4,6,6,2,4,4,4,6,6,6,4,6,4,6,5,4,5,4,6,5,6,6,5,4,4,2,4,4,6,6,6,4,4,4,4,4,4,4,6,6,6,4,5,6,4,4,4,0,6,4,4,6,4,4,4,5,4,5,6,4,4,6,6,6,4,4,5,5,5,4,4,4,6,6,5,5,4,4,4,4,5,4,4,4,4,5,4,4,4,6,4,4,4,6,5,4,6,6,6,6,6,4,5,6,4,6,6,4,4,5,6,5,5,5,5,4,6,4,6,6,4,4,6,4,5,4,5,4,6,6,5,4,4,5,6,4,2,4,4,4,6,2,6,6,4,4,4,6,6,4,4,5,4,6,4,4,4,4,4,4,4,4,5,5,5,5,4,4,5,4,5,4,4,5,5,4,4,4,4,6,5,6,6,6,6,4,4,4,4,5,6,5,4,4,5,5,5,4,4,2,4,5,6,4,4,6,4,4,4,4,4,4,4,5,5,6,4,6,4,4,4,6,4,6,5,4,6,6,5,6,4,4,6,4,2,4,4,4,4,4,4,6,4,5,6,4,4,4,4,4,4,6,6,6,6,4,4,6,5,6,4,4,6,4,4,5,6,4,5,4,0,2,4,4,6,6,4,4,6,4,6,4,6,4,6,4,5,6,4,6,4,4,3,4,5,4,6,4,6,5,4,4,5,6,4,5,6,4,4,6,6,4,6,4,4,5,4,5,2,6,4,4,5,4]"
shape_eb208434816278e48fea,"[6,6,6,7,6,7,6,7,6,6,7,6,6,7,6,7,5,6,6,6,6,7,6,6,6,6,7,6,6,6,6,6,7,6,6,7,6,7,7,7,6,6,7,6,6,6,6,7,7,7,6,7,6,7,7,7,7,7,7,6,5,6,6,6,6,6,6,6,7,6,7,6,6,6,7,7,7,6,6,7,7,6,7,7,6,6,7,7,6,7,7,6,6,7,6,6,6,6,6,6,7,7,6,6,7,6,7,7,6,6,6,7,6,6,6,7,6,6,7,7,6,6,6,7,7,6,6,6,7,7,7,6,6,6,7,7,7,6,7,6,7,6,6,6,6,7,5,6,7,6,6,7,6,6,6,7,6,6,7,7,6,7,6,6,6,6,7,6,6,7,6,6,7,7,7,6,6,6,6,7,6,6,7,6,6,6,6,7,7,6,6,7,6,7,7,6,6,6,6,6,7,7,7,7,6,6,6,6,6,6,6,6,6,6,6,7,7,6,6,7,6,6,6,6,7,6,7,6,6,6,6,6,6,6,7,6,6,7,6,6,6,6,7,7,6,7,7,7,7,6,7,6,6,6,7,6,7,6,6,6,6,7,6,6,6,7,6,6,6,7,6,7,6,6,6,6,6,6,7,7,6,7,7,6,6,6,6,7,7,6,6,6,6,6,6,6,6,6,7,6,6,6,6,7,7,6,6,7,7,6,6,7,6,6,7,6,7,6,7,6,7,6,6,7,6,6,6,7,6,6,7,7,6,6,7,6,6,6,7,6,6,6,6,6,6,6,6,6,6,6,6,7,7,6,7,6,6,7,6,6,7,6,6,6,7,6,7,6,6,7,6,6,6,7,7,6,6,6,7,6,7,7,6,7,6,6,7,7,6,6,7,6,6,6,7,7,6,6,6,7,6,6,6,7,6,6,6,6,6,6,6,6,6,6,7,6,7,6,7,6,6,6,6,7,6,7,6,6,6,7,6,7,7,7,6,6,6,6,6,6,7,6,6,6,6,7,7,7,6,6,7,7,7,7,7,6,7,7,6,7,7,6,6,7,6,6,6,6,7,7,6,7,6,6,6,6,6,6,7,7,6,6,7,7,7,6,6,7,6,6,6,6,7,6,6,6,6,7,7,6,6,6,6,6,7,7,7,6,6,7,6,6,6,6,7,6,7,6,6,6,6,6,6,6,6,6,7,6,6,6,6,7,7,6,7,6,6,7,6,7,6,6,6,6,7,6,6,7,7,7,6,6,6,7,6,7,6,6,6,7,6,6,6,7,6,6,6,6,7,7,6,7,7,6,6,6,6,7,6,6,7,7,7,6,6,6,6,7,7,7,6,7,7,7,6,6,7,6,6,7,6,6,7,6,7,6,6,6,6,6,7,6,7,7,7,7,7,7,6,6,6,6,6,6,6,6,6,6,6,6,6,6,7,6,7,7,6,7,7,7,6,7,7,6,6,6,7,6,6,6,6,6,7,6,6,6,7,7,6,7,6,6,6,7,7,6,6,7,7,6,7,6,7,7,7,6,5,7,7,7,6,6,6,6,6,6,7,6,6,6,7,6,6,6,7,6,7,6,6,7,6,7,6,6,6,6,6,6,7,6,7,6,7,6,7,7,6,6,6,6,6,7,7,6,7,6,7,7,6,7,6,7,7,7,6,7,6,6,7,6,6,6,6,6,6,6,7,7,7,7,6,7,6,7,6,7,6,7,7,6,7,6,7,6,6,7,7,6,6,6,6,6,6,6,6,7,7,6,6,6,7,6,7,6,7,6,7,6,7,6,6,6,6,6,6,6,7,7,6,6,6,6,6,6,6,6,5,7,7,7,6,6,6,6,6,7,7,7,7,7,6,6,6,6,7,6,6,7,7,6,6,6,6,6,6,7,7,7,6,6,6,6,6,7,6,6,6,6,6,6,6,6,6,6,6,6,6,6,7,6,7,6,7,6,7,6,6,7,7,6,6,6,6,6,6,6,6,7,6,6,7,7,7,6,6,7,7,7,6,6,6,6,6,6,6,7,6,6,6,6,6,6,6,7,6,6,6,6,7,7,6,6,6,6,7,6,6,6,7,7,6,7,6,6,7,7,6,7,7,6,6,6,6,7,6,6,7,6,6,7,6,7,6,6,6,6,7,6,6,6,7,7,6,7,6,6,6,6,7,6,6,7,7,6,6,6,6,7,6,6,7,7,6,7,6,6,6,7,7,6,6,7,6,6,6,6,7,6,6,7,7,7,7,7,6,6,6,6,6,7,6,6,6,7,7,7,6,6,6,6,6,6,6,6,6,6,7,7,6,6,6,6,7,7]"
shape_7438577374566586982f,"[4,7,5,6,6,7,6,7,7,4,6,7,7,5,4,4,7,7,5,7,6,5,6,5,5,6,4,5,6,4,7,6,4,4,7,4,4,6,4,6,6,7,7,6,4,6,7,6,6,5,6,7,7,4,6,4,7,6,6,4,6,4,4,7,6,4,4,4,6,7,6,6,6,4,6,6,6,7,6,7,4,4,4,7,6,7,7,6,6,5,7,6,7,4,7,4,6,4,6,4,4,6,6,6,6,4,4,4,7,6,4,6,6,6,7,5,7,4,5,6,7,5,4,4,7,5,4,6,6,6,4,6,6,7,7,6,6,6,5,4,4,4,6,6,4,7,4,4,6,6,6,4,5,4,4,7,6,6,4,4,7,6,6,7,7,5,6,4,5,7,4,4,6,6,4,5,6,7,7,6,6,4,6,6,4,4,4,7,6,7,6,4,6,7,6,4,5,6,6,6,6,6,5,6,6,7,6,7,4,4,4,6,6,5,5,4,7,6,6,6,7,7,6,6,7,7,7,7,4,6,6,6,5,6,4,5,6,7,6,4,6,6,7,7,4,7,6,7,4,7,4,6,4,7,4,4,6,6,4,4,6,7,7,6,4,6,4,6,4,7,7,5,4,6,7,4,6,7,4,4,7,6,4,5,6,4,4,7,6,6,6,7,4,6,6,7,7,4,7,7,6,7,4,6,4,6,7,5,7,6,6,6,4,6,4,6,6,4,5,7,7,7,4,4,6,4,4,4,6,4,7,4,7,7,6,6,7,6,6,4,6,4,4,4,6,5,6,5,6,4,6,4,6,6,7,7,5,6,4,7,7,6,7,6,7,4,7,6,4,5,4,4,7,4,6,6,4,6,6,6,6,5,6,6,4,4,4,6,5,7,7,6,6,6,6,6,7,4,6,7,6,7,6,4,6,4,4,6,4,7,6,7,4,7,6,5,7,6,4,7,5,6,6,6,6,6,7,6,6,4,6,4,7,6,6,5,4,6,7,4,6,6,6,6,7,4,7,7,6,4,4,7,4,7,7,4,6,6,4,6,6,4,6,7,5,4,7,6,6,6,7,6,7,7,6,6,7,6,4,4,6,6,4,6,4,5,6,6,7,6,6,6,5,6,6,4,6,6,4,7,6,6,6,6,4,6,7,6,6,4,7,7,6,5,7,6,7,4,7,6,7,6,4,4,7,6,4,6,7,7,7,4,4,6,7,5,6,4,5,4,6,6,7,4,7,6,4,6,4,6,6,7,6,6,7,6,4,6,4,7,6,6,4,4,5,4,4,6,7,4,4,7,6,6,6,7,7,4,6,5,7,5,6,6,7,4,7,4,7,4,6,6,6,6,7,7,7,6,4,6,7,6,4,6,4,7,7,6,7,6,6,6,7,6,4,6,6,5,6,6,6,4,6,7,6,4,7,7,6,6,4,4,7,4,6,6,4,4,7,6,7,4,7,6,6,6,4,7,7,4,7,7,7,7,6,7,7,6,4,6,4,6,7,4,7,6,7,4,4,6,5,5,4,6,6,6,4,6,7,6,4,6,4,6,7,6,7,6,6,7,5,7,4,4,4,7,7,6,6,7,7,6,6,7,7,6,6,4,6,4,7,4,7,4,4,6,6,4,4,6,4,7,4,6,4,7,6,6,4,6,4,7,6,7,7,4,7,7,6,6,4,6,7,7,6,7,6,6,4,7,4,4,6,6,4,6,6,6,7,4,6,6,6,6,6,6,6,5,7,4,6,5,6,6,4,7,6,4,7,7,6,6,7,6,6,6,7,6,6,4,4,7,6,7,6,6,7,6,7,7,7,4,6,4,6,6,7,4,6,6,6,6,4,7,7,4,6,7,7,4,6,6,4,6,6,5,6,7,5,7,6,4,4,6,4,6,6,7,6,6,4,7,6,7,4,5,6,6,4,4,4,6,6,6,4,4,7,5,7,7,6,7,7,6,7,6,4,4,7,6,4,6,6,4,6,7,6,5,4,4,4,4,6,7,6,4,4,6,6,7,4,7,6,5,6,7,4,4,7,7,6,6,4,6,6,4,4,7,5,6,4,4,5,6,5,6,7,6,4,7,6,7,6,4,4,4,6,6,6,6,5,6,7,6,6,4,7,6,6,5,4,7,7,6,6,7,6,6,6,7,6,4,6,7,4,7,4,6,6,6,6,7,6,6,5,5,6,6,7,6,7,6,4,7,6,5,4,7,7,4,7,7,7,7,4,6,4,6,6,4,7,6,4,4,5,7,4,6,4,4,6,7,7,4,7,7,6,4,4,6,6,4,4,6,6,7,7,6,6,6,7,4,6,7]"
shape_818fcfb6eacb48dcabbe,"[6,7,6,7,7,6,7,6,7,7,6,6,6,7,6,6,6,6,7,7,6,7,6,7,6,6,7,6,6,6,6,6,6,6,6,6,6,6,6,4,7,7,6,6,6,6,6,6,6,6,6,6,6,6,7,6,6,6,6,6,6,6,7,6,6,7,6,7,6,6,6,6,7,6,6,7,6,7,6,7,6,6,6,7,7,6,6,7,6,6,6,6,7,6,6,6,7,6,7,6,6,7,6,7,6,7,6,6,6,7,6,6,6,6,6,7,6,6,6,6,6,6,7,6,6,6,6,6,6,6,6,7,6,7,6,6,6,7,6,7,7,6,6,6,6,7,6,6,6,6,6,6,6,7,6,6,6,6,6,6,7,6,6,7,7,6,6,7,6,6,6,6,7,7,6,6,6,7,6,6,7,6,7,6,7,6,6,6,7,6,6,7,6,6,7,6,6,6,6,7,6,7,6,6,6,7,6,6,6,6,6,7,6,6,6,6,7,6,6,6,7,7,7,6,6,6,7,6,6,7,6,7,7,6,7,6,6,6,6,6,6,6,6,6,7,6,6,6,6,6,6,6,6,6,6,7,7,7,6,7,6,6,6,7,6,7,6,6,7,7,6,6,6,6,6,7,7,7,6,7,7,6,6,6,6,7,6,6,7,6,7,6,6,6,6,6,6,6,6,6,6,6,6,7,7,6,6,6,6,7,6,7,7,6,6,7,6,6,6,6,6,6,6,6,6,6,6,6,7,7,6,6,6,6,7,6,7,6,6,7,6,6,6,6,6,6,7,6,6,6,6,6,7,7,6,7,6,6,7,6,7,7,6,6,6,7,6,7,6,7,6,7,6,6,6,6,7,6,6,6,6,7,7,7,7,6,6,6,6,6,7,6,7,6,7,7,7,7,6,7,6,6,6,7,6,7,7,6,6,6,7,6,6,7,7,7,6,6,7,7,7,6,6,6,6,6,6,7,7,7,6,7,6,6,7,6,6,7,7,6,6,6,6,6,6,7,6,6,7,7,6,6,6,6,6,6,7,6,6,6,6,6,7,6,7,6,6,6,7,6,7,7,6,6,7,7,6,7,5,7,6,7,6,6,6,6,6,6,6,6,7,6,7,7,7,6,6,6,7,6,6,7,6,6,6,6,6,7,7,6,7,7,7,7,7,6,6,6,6,6,6,6,6,7,6,7,7,6,6,7,6,6,6,6,7,6,7,6,6,6,6,6,6,6,6,6,6,6,6,6,6,7,6,7,6,6,7,6,6,7,7,7,7,6,7,6,7,7,7,7,6,7,6,6,6,6,6,6,6,6,6,7,6,6,7,7,7,7,7,7,6,6,7,6,6,6,7,6,7,6,6,7,7,7,7,6,6,6,6,6,6,7,7,7,6,6,7,6,6,7,7,6,6,6,7,6,6,6,6,6,7,6,6,6,6,7,7,7,6,7,7,6,6,6,6,6,6,7,6,6,6,7,7,6,6,7,6,6,6,6,6,6,7,7,6,7,6,6,6,7,6,7,6,6,6,7,7,6,7,6,6,7,6,7,6,6,5,6,7,6,6,7,6,6,6,7,6,6,6,6,6,6,6,6,6,7,7,6,6,7,6,6,7,6,7,6,6,6,6,6,7,6,6,6,6,7,6,7,6,6,6,6,7,6,6,6,7,6,6,7,6,6,6,6,6,6,6,6,6,6,7,7,6,5,7,6,7,6,7,6,6,7,7,7,7,6,6,6,6,6,6,6,6,6,6,7,6,6,7,7,6,7,7,7,7,7,6,6,6,6,6,7,6,6,6,7,7,6,6,7,7,6,7,6,6,4,6,6,6,7,6,6,6,6,7,6,6,6,6,6,7,6,6,6,6,6,6,7,6,7,5,7,6,6,7,6,6,6,6,7,6,6,7,7,6,6,6,6,6,6,6,6,7,6,7,7,6,7,6,7,7,7,6,6,7,6,6,6,6,7,6,6,7,7,6,6,7,6,6,6,7,6,6,6,7,6,6,6,6,7,6,7,6,6,6,6,7,6,6,6,6,6,6,6,6,6,7,6,7,6,6,6,6,7,6,5,7,6,6,6,6,6,7,6,6,6,7,7,7,6,6,6,6,6,6,6,7,6,6,6,6,7,6,7,6,6,6,7,5,6,7,7,7,6,6,6,6,7,7,6,6,6,7,6,7,7,6,7,5,6,7,6,7,6,6,7,7,6,6,7,6,6,7,6,6,6,6,7,7,6,4,6,6,6,6,6,6,6,6,6,6,7,6,7,6,6,6,6,6,6,7,6,6,7,6,6,6,6,7,7,6,6,6,7]"
shape_7464ffdbaa15cf3ce45b,"[6,6,7,6,6,7,6,6,6,7,7,6,6,6,7,6,7,6,6,6,6,7,6,6,6,6,6,6,6,6,6,6,7,6,6,6,6,6,6,6,6,7,7,6,6,7,7,6,7,6,7,7,6,7,6,6,7,6,6,6,6,7,6,6,6,7,6,6,6,6,6,6,6,6,6,6,7,7,6,6,7,7,6,6,6,6,6,7,5,6,7,7,7,6,7,7,6,6,6,6,7,6,6,6,7,6,6,6,6,6,6,6,6,7,6,7,6,6,7,7,6,6,6,6,7,7,6,6,7,6,7,6,7,7,6,7,6,7,6,6,6,7,6,6,6,7,6,6,6,6,6,7,7,7,6,6,6,7,6,6,6,7,7,6,6,6,6,6,7,7,6,7,6,7,7,7,6,6,6,7,6,6,6,6,6,6,6,6,6,6,7,6,6,6,6,6,6,7,7,7,6,6,6,6,7,6,6,6,6,7,6,7,6,6,7,6,6,6,6,7,6,6,6,6,6,6,6,6,6,7,6,6,7,6,6,7,7,6,6,7,7,6,7,6,6,6,6,6,7,7,7,6,6,6,6,6,6,6,7,6,6,6,6,6,7,6,6,6,6,6,7,6,6,6,6,7,7,6,6,6,6,6,6,7,6,6,6,7,6,7,6,7,6,7,7,6,6,6,6,6,6,6,7,7,6,6,6,7,7,6,6,6,6,6,7,6,6,6,6,6,6,6,6,7,6,6,7,6,6,6,7,6,6,6,6,6,6,6,6,6,6,6,6,6,6,6,7,6,6,6,6,6,6,7,6,7,7,6,6,7,6,7,6,6,6,6,7,7,6,6,7,6,6,6,6,6,7,7,6,6,6,6,6,6,7,6,7,6,6,7,7,7,6,6,7,6,6,6,6,7,7,6,7,6,6,7,7,6,6,7,6,6,6,6,7,6,7,7,6,6,6,6,6,6,7,6,7,6,6,7,6,6,7,6,6,6,6,6,6,6,7,6,6,6,6,6,6,7,6,6,7,7,6,7,6,6,6,6,6,6,6,7,6,7,6,6,6,7,7,6,6,7,6,7,6,6,7,7,6,6,6,7,6,6,6,6,6,6,6,6,6,6,7,6,7,6,6,6,6,6,6,6,6,6,7,6,6,7,6,6,6,7,6,6,6,7,6,6,6,6,7,7,6,6,6,6,6,7,6,7,6,6,6,6,6,6,6,6,7,7,6,6,6,7,6,6,6,7,7,7,6,7,7,6,6,6,7,7,6,6,7,6,7,7,6,6,6,6,7,6,6,6,6,7,6,7,6,6,6,6,6,6,6,6,6,6,7,6,7,6,6,6,7,7,7,7,7,6,7,6,6,6,6,6,7,6,6,6,6,7,6,6,6,6,6,6,6,6,6,6,6,6,7,6,6,6,6,6,6,7,7,6,7,6,6,6,6,6,6,6,5,6,6,7,7,6,6,6,6,6,7,6,6,6,7,6,6,6,6,7,7,6,6,6,6,6,6,7,6,6,6,6,7,6,6,6,6,6,6,7,6,6,7,6,6,6,6,6,6,6,6,6,6,6,6,6,6,6,7,6,6,6,7,6,7,6,6,7,6,6,6,7,6,6,6,6,6,7,7,6,6,6,7,6,6,6,7,6,6,6,7,6,6,6,7,7,6,6,7,7,6,6,6,7,7,7,6,7,7,6,6,6,6,7,7,6,6,6,7,7,6,7,6,6,6,6,6,7,7,6,6,6,6,6,6,6,6,6,7,7,7,7,6,6,6,6,7,6,7,6,6,7,7,6,7,6,6,6,6,6,6,7,6,7,7,6,6,6,7,6,7,6,6,7,6,6,6,7,6,6,6,6,6,7,6,7,6,6,7,7,6,7,6,6,6,6,4,7,6,7,7,6,7,6,6,6,7,6,6,6,6,6,7,7,6,7,6,6,6,7,6,6,6,7,7,7,7,6,7,6,6,7,6,7,6,6,7,7,6,6,7,6,6,7,6,7,6,6,6,6,7,6,7,6,7,6,7,6,6,6,6,6,6,6,6,6,6,6,6,6,6,6,6,6,6,6,6,6,6,6,6,6,7,6,6,6,7,6,6,6,6,7,7,6,6,6,6,7,7,6,7,7,7,6,6,6,6,6,6,6,6,7,6,7,7,6,6,6,6,7,7,7,6,7,6,6,6,6,6,6,6,6,6,6,7,7,6,7,6,7,6,6,6,6,6,6,7,6,6,6,6,6,7,6,6,7,7,6,6,6,6,6,6,6,6,7,6,7,6,7,7,6,6,7,6,6,6,6,6,6,7,6,6,6]"
shape_2ca190ed12e2a6fee547,"[6,6,7,6,6,7,6,6,6,6,6,6,6,6,6,6,6,6,7,6,7,6,6,7,6,6,6,6,7,6,7,6,6,6,6,7,6,6,6,6,7,6,6,7,6,6,6,6,7,6,7,6,6,7,6,7,6,7,7,6,6,7,7,7,7,6,6,7,7,6,6,7,6,6,6,6,6,6,7,6,7,7,7,6,7,7,6,6,6,6,7,6,6,6,6,6,7,6,6,6,6,7,6,6,7,6,6,7,7,6,6,6,7,6,7,6,7,6,7,6,6,6,6,6,6,6,6,6,6,6,6,7,7,7,6,6,6,6,7,7,6,6,6,7,7,6,6,6,7,7,6,7,6,7,7,6,6,6,6,7,6,6,6,7,6,6,6,6,7,6,6,7,6,6,6,6,6,7,7,6,6,6,6,6,6,6,6,7,7,6,6,6,6,7,6,7,6,6,6,6,6,6,6,7,6,6,7,6,7,7,6,6,6,7,6,7,6,7,7,6,6,6,6,6,7,6,6,6,6,6,7,6,6,6,7,6,6,6,6,6,6,6,6,6,7,6,6,7,6,6,7,7,7,6,6,6,6,7,6,6,6,6,6,6,6,6,7,6,6,6,6,6,7,6,6,7,6,6,6,6,6,6,6,7,6,7,6,7,7,7,6,6,6,6,7,7,7,7,6,6,6,6,7,6,6,6,7,6,7,6,7,6,6,6,7,7,6,6,6,6,7,6,7,6,6,7,6,6,6,6,7,7,6,6,6,7,6,6,6,6,6,6,6,6,7,6,6,6,6,6,6,7,6,6,6,6,6,6,7,6,6,7,6,6,7,6,6,6,7,7,6,6,6,7,7,6,6,6,7,7,7,6,7,7,7,6,6,6,6,6,7,6,6,6,6,6,6,7,7,6,6,6,7,6,6,6,6,6,6,6,6,6,6,6,6,6,7,7,6,7,6,6,6,7,6,6,6,7,6,6,6,6,7,6,6,6,7,6,6,7,7,7,6,6,7,6,7,6,7,6,6,6,6,6,6,6,7,6,6,6,6,6,6,6,7,7,6,6,6,7,6,7,6,7,7,7,6,6,7,6,6,6,7,6,7,7,6,6,7,6,6,6,7,6,7,7,6,7,6,6,6,6,6,6,7,7,7,7,6,6,6,6,7,6,6,6,7,6,6,6,7,6,7,7,6,6,6,7,7,7,6,7,7,6,7,6,6,6,6,7,6,6,7,7,6,6,6,7,6,6,6,6,6,6,7,6,7,6,7,6,6,6,6,7,7,7,6,7,6,6,6,6,6,6,6,6,6,6,6,6,6,7,6,7,7,6,6,6,6,6,7,6,7,6,6,6,6,7,6,7,6,6,6,6,7,6,7,6,6,7,6,6,6,6,7,7,6,6,6,6,6,6,6,7,7,7,6,6,6,6,6,6,7,6,6,6,6,6,7,6,6,6,6,7,6,6,6,7,6,7,6,7,6,7,7,6,7,6,6,6,6,6,6,6,6,7,6,6,6,6,6,7,6,6,7,6,6,6,6,6,6,6,6,6,7,7,7,6,6,6,7,6,7,6,6,6,7,7,7,7,7,6,7,6,6,7,6,6,7,7,6,7,6,6,7,7,6,7,6,6,6,6,6,7,6,7,6,6,6,6,6,6,6,6,6,7,7,6,6,6,6,6,6,6,7,6,6,6,6,6,7,6,6,7,6,7,6,7,7,7,7,7,7,7,6,7,6,6,6,7,6,7,6,6,7,6,7,6,6,7,6,7,6,7,7,7,6,6,6,6,6,6,7,6,6,6,6,7,6,6,6,6,7,6,6,7,7,6,6,6,7,6,7,6,7,6,6,6,7,6,6,7,6,6,7,6,6,6,6,6,7,6,6,7,7,6,6,7,6,6,7,6,6,6,7,7,6,6,6,7,6,6,7,6,6,7,7,6,6,6,6,6,7,7,7,6,6,6,6,7,7,7,6,7,6,6,6,7,7,6,6,6,7,7,6,6,6,7,6,7,7,6,7,6,6,6,6,7,6,7,6,7,6,7,6,6,7,7,6,6,6,7,7,6,6,6,7,6,6,7,6,6,7,6,6,7,6,6,6,7,7,7,7,7,6,6,6,6,6,7,6,7,6,6,7,6,6,6,6,7,6,7,6,6,7,6,7,7,7,7,6,7,7,7,6,6,6,6,6,7,7,7,6,6,6,7,6,7,6,6,6,6,7,6,6,7,6,6,6,6,6,6,7,7,6,6,7,6,6,6,7,6,6,6,7,6,7,7,6,6,7,6,7,6,6,7,6,7,7,6,6,6,6,6]"
shape_61d5be6e1e591a308153,"[6,5,4,6,5,5,6,5,4,7,6,5,6,5,6,5,6,7,5,6,6,4,7,7,6,5,6,4,5,6,6,6,6,6,5,6,4,5,6,4,5,6,6,6,2,6,6,6,6,6,5,6,6,6,4,6,5,4,5,6,6,6,6,6,5,3,5,6,5,7,6,6,4,6,6,6,6,5,5,5,5,5,6,7,6,6,7,4,6,4,6,5,4,5,5,5,5,7,5,6,5,6,5,5,5,5,5,6,7,6,6,5,6,5,7,5,4,5,6,6,6,5,6,6,6,6,6,6,5,6,5,5,6,6,5,5,5,6,5,6,6,5,5,5,6,5,5,6,5,5,6,6,6,6,6,6,6,6,5,5,5,6,5,6,6,5,5,4,6,5,5,6,4,5,6,6,6,6,6,6,7,5,7,6,7,5,5,4,5,5,6,4,6,5,5,6,5,6,5,6,5,5,7,3,5,5,3,6,4,5,5,5,5,6,6,6,4,5,5,6,5,5,5,6,5,6,7,6,5,5,5,6,5,5,5,6,7,7,5,4,6,6,5,6,5,5,6,6,6,5,5,5,5,7,6,5,5,5,5,6,5,6,5,6,5,5,5,5,6,6,5,6,6,6,6,4,5,6,5,5,6,6,6,5,6,6,6,5,6,6,6,5,5,5,5,5,6,6,6,5,6,5,6,6,4,5,6,7,5,5,6,5,7,6,6,4,5,6,5,6,6,6,5,5,6,6,6,6,6,4,6,5,5,6,7,5,6,5,6,5,5,7,7,5,5,7,6,5,6,6,5,6,6,6,6,6,6,6,5,4,6,6,3,6,5,5,5,5,5,6,4,6,5,6,6,6,6,5,6,6,6,5,7,5,5,5,5,5,6,5,4,5,5,5,6,5,5,6,7,6,6,4,5,6,6,6,6,5,6,5,3,4,6,5,6,5,5,4,4,6,6,5,5,4,6,4,6,5,6,4,7,5,5,4,6,5,7,6,5,7,6,4,5,6,6,6,4,5,6,5,6,6,5,5,5,6,6,6,5,6,5,6,6,5,5,4,5,6,5,4,4,6,6,5,5,6,6,6,6,6,6,6,3,6,6,7,4,6,6,5,5,5,5,5,5,5,5,5,6,6,5,6,5,5,6,6,4,7,4,5,5,4,6,5,6,5,5,5,5,5,5,5,6,5,5,6,5,6,6,6,6,6,5,6,6,5,4,3,3,5,5,5,6,6,6,6,4,5,6,7,5,4,6,4,6,3,5,5,5,7,6,3,6,6,6,5,6,4,5,7,6,6,6,6,6,5,5,6,4,5,7,5,5,5,4,5,5,5,6,6,6,7,5,5,5,6,4,5,6,6,5,6,7,6,5,5,5,5,7,5,5,5,5,6,5,5,6,4,5,4,6,6,4,5,6,6,3,5,6,6,4,5,5,6,6,4,4,5,5,5,6,5,6,6,5,6,5,6,7,5,6,5,5,6,6,6,6,6,6,5,5,6,6,5,4,6,6,5,7,6,4,6,5,5,5,5,6,6,6,6,5,6,5,6,5,5,5,5,5,6,7,6,5,5,5,5,5,3,6,5,6,6,6,5,7,4,6,6,6,6,7,5,6,5,5,6,5,6,6,6,5,6,5,5,6,6,6,6,4,6,5,6,4,6,6,4,5,5,6,6,6,6,6,6,5,5,4,5,5,5,6,4,6,5,6,6,6,6,4,6,6,5,6,5,5,5,6,6,3,5,5,6,5,6,4,6,4,7,5,5,6,5,5,5,6,5,5,5,5,6,5,6,5,7,6,5,6,5,5,6,6,6,5,5,7,6,5,5,6,6,6,5,5,7,5,4,4,5,6,6,5,4,5,7,6,4,5,6,6,6,6,5,5,6,5,5,5,5,6,6,6,6,6,4,6,7,5,6,6,5,5,6,5,4,6,4,6,6,6,5,5,5,6,6,6,5,5,6,5,6,7,7,6,5,5,5,5,4,5,6,6,6,6,3,3,7,5,6,4,6,6,5,5,6,5,5,6,5,5,6,6,6,6,6,5,6,4,5,6,6,5,4,6,7,5,6,6,4,6,5,6,6,6,7,5,6,7,6,7,6,5,6,5,6,5,6,6,5,5,6,5,4,6,3,5,6,5,5,6,4,5,5,6,6,5,5,5,6,6,5,7,6,5,5,6,6,7,5,5,5,6,4,5,5,6,5,5,7,6,5,6,6,6,6,6,5,6,6,6,5,6,4,5,4,4,5,6,5,5,5,5,6,6,6,5,6,6,5,7,4,6,5,6,6,7,5,6,5,4,4,6,5,7,5]"
shape_45f543a7903a9400d1b4,"[6,6,7,6,6,6,6,6,4,7,6,6,6,6,7,7,4,6,6,6,7,7,6,6,6,6,6,6,6,7,6,6,6,6,6,6,6,6,7,4,7,6,6,5,6,6,6,7,6,7,6,6,7,6,6,4,7,7,6,7,6,6,6,6,7,6,7,6,6,7,7,7,6,7,6,7,7,6,6,6,6,6,6,6,6,6,7,6,6,6,6,6,6,6,6,7,4,6,6,7,6,5,6,6,4,6,7,6,6,6,7,6,6,7,6,6,6,7,6,7,7,6,6,7,5,7,7,7,6,6,6,6,7,7,6,7,6,6,6,7,6,4,6,4,7,6,6,5,6,6,6,6,7,6,6,6,6,7,6,7,6,6,4,6,6,6,6,7,6,6,6,6,6,6,5,6,6,6,6,6,6,6,7,6,6,7,7,6,6,6,4,6,6,6,6,6,6,7,7,6,5,6,6,6,6,6,6,7,4,7,6,5,7,6,6,6,6,6,7,7,7,6,7,6,7,6,7,6,7,6,6,5,6,6,6,6,7,7,7,6,7,7,7,7,6,6,5,6,6,7,6,6,6,7,6,6,6,7,6,5,6,7,6,4,7,6,6,7,6,6,7,6,6,7,6,7,6,6,7,7,7,6,6,7,7,7,6,4,6,7,6,7,6,7,6,6,7,6,6,6,6,6,6,6,6,6,7,6,7,6,7,7,5,7,6,6,6,7,6,7,4,7,7,6,4,6,6,7,7,6,7,6,7,7,6,7,6,6,7,7,7,7,5,7,7,6,7,6,5,6,6,6,6,7,7,6,4,7,5,6,6,6,5,6,7,4,6,6,6,7,6,7,6,6,6,7,6,7,4,6,7,7,6,6,6,6,6,4,7,7,7,7,6,7,5,7,5,7,7,6,6,6,7,6,6,6,6,7,6,6,6,6,6,6,4,6,6,6,6,6,6,6,7,6,7,6,6,6,5,5,6,6,4,7,7,4,6,7,6,5,7,6,5,7,6,6,6,6,6,7,7,4,6,6,6,5,4,6,6,6,7,6,6,6,6,7,7,6,6,6,6,7,6,6,6,6,6,6,6,6,6,4,7,6,4,6,6,6,6,6,6,7,4,6,7,6,6,7,7,7,6,7,7,4,6,6,6,6,6,6,7,6,6,6,4,6,6,7,6,5,7,6,7,7,6,7,6,4,6,6,7,6,5,6,6,7,6,6,6,6,6,6,6,6,6,6,6,6,6,6,7,6,6,6,7,6,7,6,6,7,6,6,6,6,6,6,7,6,6,7,6,6,6,7,7,5,6,5,6,7,6,4,7,6,6,7,6,4,6,7,6,6,6,6,5,6,6,6,7,7,7,6,7,6,6,7,6,6,6,6,7,7,6,6,4,7,6,7,6,6,7,2,6,6,6,7,6,6,6,6,7,6,6,6,7,6,6,6,6,6,6,6,6,6,6,6,5,6,6,6,6,7,6,6,7,7,6,4,6,6,7,6,6,6,6,7,6,7,6,6,6,7,6,6,6,6,6,6,6,6,6,4,6,6,6,7,6,6,7,6,6,7,4,6,6,7,7,7,4,6,4,6,7,4,7,6,7,6,6,6,7,6,7,6,6,6,6,6,6,6,6,6,6,6,7,6,5,6,6,7,6,6,6,6,4,6,4,6,7,7,7,6,6,6,6,6,7,6,6,6,6,6,6,4,4,4,6,4,7,7,6,6,7,7,6,6,7,6,7,6,6,6,6,6,6,6,6,7,6,7,7,6,7,6,7,6,6,6,7,6,4,6,6,6,7,7,7,7,6,6,4,4,7,6,7,6,7,6,6,6,6,6,7,6,7,7,6,6,6,6,6,7,6,6,6,6,6,7,6,6,7,6,6,7,6,6,7,7,6,6,6,7,6,7,6,6,6,4,6,6,6,6,7,6,6,4,6,6,6,7,6,7,7,4,6,6,6,6,6,6,6,6,6,7,6,7,6,6,7,7,7,6,6,6,5,6,7,5,6,7,6,7,7,6,7,7,7,6,7,4,4,6,6,7,6,7,6,7,7,6,7,6,6,6,6,7,6,6,6,6,6,7,5,7,7,7,6,7,7,7,6,6,6,7,5,7,7,7,7,6,4,7,7,7,7,7,6,7,7,6,6,6,7,7,6,7,7,6,6,6,7,6,6,6,6,6,7,6,7,7,6,6,7,7,7,6,6,6,6,7,6,7,5,6,5,7,7,6,6,6,6,7,6,6,6,7,6,6,6,7,6,6,6,4,6,6,6,7,7,6,7,7,7,6,6,6,7,7,6,6,6,4,6,7]"
shape_9532b7759d7bcf91df97,"[6,6,7,5,5,6,5,6,6,6,5,4,4,4,7,6,6,6,7,5,5,5,7,7,4,7,6,5,6,4,7,5,7,6,4,7,5,5,5,4,5,5,7,6,5,6,4,4,5,6,6,5,5,6,7,4,5,3,4,7,4,7,7,6,6,6,6,6,7,5,4,7,5,6,4,6,7,6,5,7,7,6,7,6,4,5,6,6,6,6,3,6,5,5,4,5,4,6,6,4,7,6,7,7,3,5,5,7,5,7,5,6,4,5,5,7,5,3,5,7,6,6,7,3,4,6,6,5,6,5,7,5,5,5,5,5,5,5,5,7,6,5,6,5,5,5,7,6,4,4,5,5,6,3,4,7,5,6,5,5,6,7,6,7,7,5,4,5,6,6,5,7,5,4,6,5,4,6,6,7,4,6,7,6,5,6,6,6,7,6,5,5,4,7,5,7,5,4,6,7,4,6,5,7,5,5,6,7,7,6,4,6,4,5,5,4,6,7,6,6,5,7,4,5,5,7,7,5,4,6,7,5,3,5,7,5,5,4,4,6,6,6,6,4,4,7,5,5,4,4,6,6,6,6,6,7,4,6,5,5,4,7,4,6,3,5,7,7,5,7,5,5,5,6,6,7,4,7,7,4,5,5,7,4,7,5,5,6,7,5,4,6,4,5,6,6,3,7,4,7,7,5,5,5,6,4,5,6,4,4,7,5,5,4,3,4,6,5,5,6,5,7,7,5,7,5,6,4,7,5,7,7,4,6,5,5,7,7,4,7,7,4,7,6,5,5,5,7,6,7,7,5,7,5,4,4,4,3,6,6,6,6,5,6,7,6,4,7,7,5,5,3,6,7,4,5,6,7,6,4,5,5,7,6,4,7,6,5,6,6,4,5,7,5,7,5,6,7,6,5,7,7,6,6,4,5,4,7,7,6,6,5,5,5,4,6,5,6,5,7,7,4,6,6,7,4,4,5,5,5,6,7,6,6,4,7,4,6,6,5,4,5,6,7,5,6,7,6,4,4,4,6,6,6,7,5,6,4,7,7,5,5,7,5,7,6,6,6,5,6,5,5,6,4,5,6,7,3,4,3,7,5,7,5,5,7,6,6,5,4,7,6,7,4,5,6,5,7,4,5,5,4,6,5,4,5,7,6,6,6,6,7,6,5,4,6,6,7,5,6,6,4,7,6,6,5,6,3,6,6,6,5,4,6,6,7,6,7,5,4,5,7,5,6,4,4,6,6,6,5,7,5,6,6,4,6,7,5,5,4,6,4,5,4,5,4,6,3,3,7,5,5,5,7,6,4,6,5,5,4,6,3,6,4,4,6,6,7,4,6,5,6,7,5,7,6,5,6,5,5,4,5,5,6,4,4,7,7,6,4,6,5,5,7,5,5,4,6,4,5,6,6,5,5,6,5,7,5,4,5,7,7,7,5,5,4,7,7,6,5,7,6,7,4,4,7,6,7,4,6,6,7,6,6,6,4,6,5,5,4,6,7,4,5,4,5,5,7,4,7,4,6,6,7,7,7,7,5,7,5,5,3,7,5,5,6,5,5,7,6,6,7,4,5,4,6,7,5,5,6,5,6,5,6,7,4,7,5,6,7,7,7,6,6,6,6,6,7,5,7,6,6,6,6,7,5,6,6,4,6,7,6,4,5,6,5,4,5,7,6,7,7,5,6,5,7,7,4,4,6,7,4,5,5,6,6,5,6,3,5,4,4,5,4,4,5,7,3,6,5,4,4,4,4,4,4,6,6,7,6,7,5,6,5,7,5,4,4,5,5,6,5,5,5,7,6,6,6,7,6,6,6,7,7,7,7,5,4,4,4,4,5,4,7,4,7,6,6,6,4,5,5,5,3,7,6,5,7,7,7,5,4,7,4,7,5,5,5,6,6,5,6,6,4,6,5,5,4,5,5,7,3,6,6,6,6,6,6,3,7,5,4,5,7,7,5,6,4,4,6,7,4,7,7,6,6,5,5,7,4,6,4,5,5,7,6,5,5,5,4,5,7,6,6,5,7,4,7,6,4,6,4,7,5,5,6,5,6,4,7,6,7,5,4,5,4,7,7,4,7,6,7,5,6,6,4,5,7,6,4,5,5,7,4,5,3,4,6,5,4,6,5,5,6,5,5,6,5,4,5,4,7,4,6,7,7,5,4,5,5,7,7,6,4,6,7,6,5,7,5,3,4,7,6,6,7,7,7,7,6,4,6,5,7,5,6,5,6,6,4,7,6,6,5,7,7,6,5,4,4,6,4,5,5,7,6,4,5,5,5,4,7,4,4,6,6,5,4,7,5,4,5,6,5]"
shape_db88a3ea29e6215e606a,"[6,7,5,6,5,5,6,6,6,5,4,6,5,6,6,6,6,6,6,4,5,5,5,5,5,6,5,5,5,5,5,6,6,6,5,5,5,6,6,5,5,5,6,6,6,5,6,6,6,5,6,6,5,6,5,5,5,5,5,5,6,6,6,6,6,5,6,6,6,5,4,7,6,4,5,6,6,5,6,6,5,6,6,6,4,7,5,6,7,5,6,5,4,6,5,5,5,6,6,5,6,7,6,5,6,6,6,5,5,5,6,6,5,6,6,5,4,6,5,4,5,6,4,6,5,6,5,6,6,5,5,5,6,4,6,6,5,4,5,5,6,5,6,5,6,6,5,6,6,5,5,6,6,4,5,6,5,5,6,5,4,5,5,5,6,5,6,4,6,6,6,6,5,6,6,5,6,6,6,6,6,6,5,6,5,6,6,6,5,5,6,5,6,4,5,5,5,6,5,4,6,6,4,5,5,5,5,5,6,6,5,6,6,6,5,5,6,5,5,5,6,5,7,6,5,6,4,4,6,5,5,6,5,6,6,7,5,6,6,5,5,5,6,6,6,6,6,4,6,5,4,5,5,6,6,6,5,6,5,4,6,6,5,5,6,5,6,6,6,6,6,6,7,5,6,4,5,6,6,6,6,4,6,6,6,6,4,6,6,6,6,6,6,5,5,6,6,6,6,6,4,6,7,4,5,5,5,5,5,5,4,4,6,6,6,6,5,5,6,6,5,5,6,5,5,5,5,5,5,5,5,6,6,4,6,5,6,5,6,6,6,6,5,5,5,6,6,5,5,6,5,6,6,4,6,6,5,6,5,6,6,6,6,6,6,5,6,4,6,6,5,6,6,5,6,5,7,5,6,5,5,5,5,6,4,6,6,6,4,5,4,6,5,5,6,6,6,4,4,4,6,5,4,5,6,5,6,5,6,5,6,6,6,5,6,7,5,6,6,5,5,6,6,5,4,6,5,5,5,5,4,5,5,6,5,4,5,6,5,5,5,6,6,6,6,6,5,4,6,6,4,6,6,5,6,6,6,5,5,7,6,6,6,6,4,4,6,5,5,6,6,6,5,5,6,6,6,6,5,5,6,6,5,5,5,5,5,6,5,5,6,6,6,5,6,6,6,4,6,5,5,5,6,6,5,5,5,6,5,6,6,6,6,6,5,6,5,6,4,4,6,5,6,4,5,6,6,5,5,6,6,6,6,6,6,5,6,5,5,6,6,5,5,7,6,6,5,6,6,5,6,5,5,6,5,6,6,6,6,5,4,6,7,4,5,4,5,6,6,5,5,6,5,5,6,6,5,6,6,6,5,5,5,5,6,6,6,6,7,6,6,4,5,5,5,6,6,6,6,6,6,6,7,4,4,4,4,4,6,5,5,5,6,5,5,6,5,4,5,5,5,5,6,5,6,6,5,6,6,6,5,6,4,6,5,6,6,5,6,5,7,6,6,6,5,5,6,5,5,5,6,5,4,6,5,4,5,5,5,5,4,6,6,6,6,5,6,5,6,6,6,5,6,5,5,6,6,5,6,6,6,6,6,6,6,6,5,6,5,6,4,5,5,6,6,5,5,5,6,5,7,6,6,6,5,5,5,6,6,5,6,6,6,4,5,6,6,5,6,4,6,4,6,6,6,5,6,6,6,5,6,6,5,5,6,5,6,5,6,5,5,6,6,6,5,6,6,6,6,5,5,7,5,6,5,5,6,6,4,6,5,5,6,5,5,6,5,6,6,6,5,4,7,5,6,6,6,7,4,5,7,6,5,5,5,4,5,5,6,6,5,6,6,6,5,6,6,6,5,6,6,6,6,5,6,4,6,6,6,5,6,4,5,5,6,6,5,6,5,5,5,6,5,5,5,6,6,4,6,5,5,6,6,5,5,4,4,6,5,5,6,6,6,5,5,5,5,6,6,6,5,7,5,5,6,5,5,6,6,6,5,6,6,6,6,6,5,5,5,6,5,5,5,6,6,6,6,6,4,5,5,6,5,6,4,6,6,4,5,5,6,6,5,6,6,5,6,5,6,5,6,6,6,6,5,6,6,6,6,6,6,5,5,5,6,5,6,5,5,6,5,6,5,6,4,5,4,5,5,6,6,5,6,6,6,6,5,6,6,6,6,6,5,6,5,6,6,6,6,4,5,6,5,6,4,6,6,5,4,6,6,5,5,5,5,6,6,6,6,5,4,6,7,5,6,6,6,4,6,5,4,6,7,6,5,6,6,5,6,6,6,6,6,5,6,6,6,5,4,5,4,5,6,6,5,6,5,5,6,4,4,6,6,5,6,4,5,5,5,5,6,6,6,6]"
shape_4cc62c83e96a236a1d6c,"[6,6,6,7,7,7,7,6,7,7,6,6,6,7,7,6,6,6,6,7,6,6,6,6,6,7,7,6,7,6,6,6,6,6,6,6,7,6,6,6,6,7,7,6,7,6,6,6,6,7,6,7,6,6,6,6,6,6,6,6,7,6,7,7,6,6,6,6,7,7,6,7,6,6,6,7,6,6,6,7,7,7,6,6,7,7,7,6,7,6,6,6,6,7,6,6,7,6,6,7,6,6,7,6,6,6,7,6,6,7,6,7,6,6,6,6,6,6,7,7,5,7,7,6,6,7,6,6,7,7,6,7,6,7,6,7,6,6,6,6,7,6,7,6,7,6,6,7,6,7,7,6,7,6,6,7,6,6,6,7,7,7,7,6,7,7,7,6,7,7,7,6,7,6,7,7,6,7,6,6,6,7,7,7,7,7,7,6,7,6,7,6,6,6,6,7,6,6,6,7,6,7,7,7,7,6,7,6,6,6,6,6,6,7,7,6,6,7,7,7,7,6,6,6,7,6,6,6,6,7,6,6,6,7,7,6,6,6,7,4,7,7,7,6,6,7,7,7,6,6,6,7,6,6,6,7,6,6,6,6,6,7,6,7,7,6,6,6,6,7,6,7,6,6,7,6,6,6,6,6,6,6,6,6,7,6,6,7,7,7,6,7,6,6,6,6,6,7,7,6,6,7,6,6,6,6,6,6,6,6,6,6,7,7,7,6,6,6,6,6,6,6,6,7,6,7,7,6,6,6,7,6,6,6,6,7,6,6,6,6,7,6,6,6,6,6,6,6,6,6,7,6,6,6,6,6,6,6,6,6,6,6,7,6,6,6,6,6,6,6,6,7,6,6,6,7,6,7,7,6,6,7,6,7,6,7,7,6,6,6,6,7,4,7,6,6,6,6,6,6,6,7,6,6,6,6,6,6,7,7,6,6,6,6,6,7,7,6,6,7,6,6,7,6,6,7,6,6,6,6,4,6,6,6,7,6,6,6,7,6,7,6,7,6,6,6,6,6,7,6,6,6,6,7,7,6,6,7,7,6,7,6,6,7,7,7,7,6,7,6,6,7,6,6,7,6,6,6,6,4,7,6,6,6,7,6,6,6,6,6,6,6,7,6,6,6,7,6,7,6,6,6,7,6,7,6,6,6,6,6,6,6,6,6,6,6,7,7,6,7,6,6,6,6,7,6,6,6,7,6,6,7,7,6,6,7,7,6,7,7,6,6,6,6,7,7,6,6,7,6,6,6,6,6,6,6,6,6,6,7,6,6,7,6,6,7,6,6,6,6,7,7,6,6,7,6,6,6,6,6,7,6,6,6,7,6,6,6,6,7,6,7,7,7,6,7,6,6,6,6,6,6,6,6,7,6,7,7,6,6,6,7,7,6,6,6,7,6,6,6,6,6,6,6,6,7,6,7,6,7,7,7,6,6,6,6,6,6,6,6,6,6,7,7,7,7,7,7,6,7,6,6,6,6,6,6,6,6,7,7,6,7,6,7,6,7,6,6,7,7,6,6,6,7,7,7,7,7,6,6,6,6,7,6,6,6,6,7,6,7,6,7,6,7,6,6,6,6,6,6,6,7,7,6,7,6,6,7,6,6,6,6,6,6,7,7,6,6,7,7,7,6,7,7,7,7,6,6,7,7,7,6,6,6,6,6,6,6,6,7,6,6,6,6,7,6,6,6,7,7,7,7,6,6,6,6,6,7,6,6,6,6,6,7,6,7,7,6,6,6,7,6,6,6,7,5,7,7,7,6,6,7,7,6,6,6,6,6,6,6,7,6,6,6,6,6,6,6,6,6,6,6,6,6,6,6,6,6,6,6,6,7,6,6,6,7,6,6,7,6,6,6,6,7,6,7,6,7,7,7,7,7,7,6,7,6,7,6,7,7,5,6,6,7,7,7,6,6,7,6,6,6,6,6,6,6,6,6,7,6,6,6,6,6,6,7,7,6,6,6,6,6,6,6,7,6,7,6,6,7,6,6,6,6,6,6,6,6,6,7,6,7,6,6,6,7,6,7,7,6,6,6,7,6,6,6,6,6,7,6,6,7,6,6,7,7,6,6,6,6,7,6,6,6,6,6,7,6,7,6,7,6,7,6,6,6,6,6,7,6,6,6,6,6,6,6,6,6,6,6,6,6,6,6,7,6,6,6,6,7,7,6,6,7,6,6,7,6,6,6,7,7,7,6,6,7,6,6,6,6,7,6,6,6,6,6,7,6,6,6,7,6,6,7,6,6,6,6,6,7,6,6,6,6,6,6,6,7,6,7,6,6,6,6,6,6,6,6,6,6,7,7,6,6]"
shape_7d7dac73e43a603ecd8d,"[6,5,6,6,5,5,6,6,5,5,5,6,5,6,5,5,5,6,4,6,5,6,5,6,5,5,6,5,6,4,5,5,6,7,6,5,6,7,6,6,5,6,6,4,6,6,6,6,5,6,6,6,6,6,5,5,4,5,4,5,6,5,5,4,5,6,5,6,6,5,5,6,5,6,5,5,5,6,6,6,5,5,5,6,4,6,6,5,6,4,6,5,6,6,5,6,5,5,5,5,6,6,6,4,5,6,6,6,5,5,5,5,5,6,6,5,5,6,6,6,5,6,5,6,6,5,7,5,5,7,6,6,5,6,6,4,5,6,5,5,4,6,4,5,6,4,5,5,5,5,6,6,5,5,5,6,6,6,6,5,6,4,6,6,6,6,6,5,5,5,6,6,6,6,5,6,6,6,6,4,5,6,5,4,6,5,6,5,5,6,5,6,5,6,5,5,5,6,6,6,6,6,5,5,5,6,6,5,5,5,7,4,6,6,4,5,4,5,6,5,5,4,5,5,6,5,5,6,6,6,5,5,5,5,6,6,5,5,6,5,4,6,6,7,5,6,6,6,4,6,6,6,5,5,6,7,5,5,6,5,6,6,5,6,6,6,6,6,5,4,6,5,6,6,5,5,7,5,5,6,6,6,5,5,7,5,6,5,6,5,5,6,6,5,5,7,6,6,6,5,6,5,5,5,6,7,5,5,6,5,5,5,6,6,7,5,5,6,6,5,6,6,6,6,5,5,5,5,4,6,4,6,6,5,5,5,5,6,6,5,5,4,6,5,6,6,4,5,5,6,6,5,4,5,6,6,6,6,6,6,6,5,6,7,6,5,6,5,5,6,6,5,6,6,6,5,6,7,5,5,5,4,6,6,6,6,5,6,5,5,6,4,6,6,6,6,5,6,5,6,6,5,5,5,7,5,5,5,5,4,5,5,6,6,6,4,6,6,6,5,6,5,6,5,5,6,6,6,5,6,7,6,6,6,6,5,4,6,5,6,7,5,5,6,6,5,7,5,6,6,7,6,6,6,6,6,6,6,6,6,4,6,6,6,4,6,6,5,5,6,5,6,6,6,6,7,6,5,5,6,5,5,6,6,6,5,5,5,6,6,6,5,6,4,6,5,5,6,4,6,5,6,5,6,5,5,7,6,6,4,6,5,6,5,5,6,6,4,5,5,5,6,5,5,6,6,6,5,5,5,6,6,6,6,6,6,6,5,6,6,5,6,6,6,5,6,5,5,5,4,6,4,5,6,5,6,6,6,5,6,5,6,5,6,5,5,6,5,6,6,4,6,6,6,6,5,5,6,6,6,6,6,6,5,6,6,6,4,4,4,6,5,6,5,5,5,5,5,6,6,6,5,5,5,6,6,6,6,6,5,6,6,5,6,5,5,6,6,5,6,5,6,5,5,6,5,6,5,6,6,5,6,6,5,6,6,5,6,5,6,5,5,6,6,6,5,5,5,5,5,6,6,6,5,6,6,5,5,6,6,6,6,5,5,5,6,6,6,6,6,6,5,6,6,6,5,5,6,6,6,6,6,7,6,6,6,5,6,6,6,6,6,6,6,6,5,5,6,6,6,6,6,6,6,4,6,5,6,5,5,5,5,4,5,6,6,6,6,6,5,5,6,5,6,5,5,5,6,5,5,6,5,6,6,6,6,6,6,5,6,5,4,5,7,6,6,5,6,6,5,6,6,5,5,6,5,6,5,4,5,5,6,6,5,6,6,5,5,6,6,6,5,6,5,5,6,7,5,5,4,5,6,6,6,6,6,5,5,4,6,5,5,6,5,6,6,4,6,5,6,6,6,5,6,6,6,5,6,6,6,5,5,7,5,4,5,6,6,5,5,6,5,6,6,4,6,5,6,6,6,7,6,6,4,5,5,6,6,6,7,5,5,6,7,5,6,6,5,6,6,6,5,6,6,6,6,5,6,5,5,5,5,6,5,5,6,6,7,6,6,6,5,5,6,5,6,6,4,7,6,5,5,6,6,4,5,4,6,6,5,6,5,6,6,6,5,6,5,5,5,6,6,5,6,5,5,5,6,6,6,4,6,6,5,5,5,5,5,6,4,7,4,6,6,6,6,4,5,4,6,6,6,6,6,6,7,6,5,5,5,6,5,5,5,5,6,5,6,5,6,6,5,5,7,5,4,5,4,5,5,6,5,5,5,6,5,6,6,4,5,6,7,5,6,5,6,4,5,6,5,5,6,6,5,5,4,6,6,6,6,6,5,6,5,6,5,6,6,6,6,5,6,6,5,6,6,6,5,5,5,4,5,6,6,5,6,6,4,5,5,6,5,5,6]"
shape_0ef7d9d55d7e961cfd77,"[7,6,6,7,6,6,4,6,7,6,6,6,6,7,4,6,6,6,7,6,7,6,6,7,6,7,7,6,7,6,7,6,7,7,7,6,6,6,7,7,7,6,6,6,7,6,6,7,6,6,6,6,6,7,6,7,7,6,7,6,6,6,7,6,7,6,6,6,6,5,6,6,6,6,6,6,6,6,6,6,6,6,6,6,6,6,7,7,7,6,6,7,6,7,6,6,6,6,6,6,6,6,7,6,7,6,6,6,6,6,7,6,6,6,6,6,4,6,7,6,6,6,6,7,7,6,6,6,7,7,7,7,6,6,4,6,7,6,6,7,6,7,5,7,6,6,6,7,6,6,6,6,7,7,6,6,6,6,7,7,6,6,6,6,6,6,6,6,5,6,6,7,6,6,6,7,6,5,7,6,5,6,6,6,6,6,7,7,6,7,7,5,7,6,6,7,6,6,6,6,6,6,6,4,6,7,6,6,7,6,6,7,6,7,7,6,7,6,6,6,6,7,6,6,6,6,6,7,7,7,6,6,7,6,6,5,7,6,4,6,6,6,6,6,7,6,6,6,7,6,7,6,7,6,6,6,7,6,6,6,6,7,6,7,6,6,6,6,6,6,6,6,7,6,6,7,6,5,6,6,6,6,6,6,7,6,7,6,6,6,6,6,6,7,7,5,6,6,6,6,7,7,5,6,6,6,6,7,6,6,6,7,6,6,6,6,6,7,6,6,6,6,6,6,6,6,6,7,6,6,6,6,6,7,7,6,7,7,7,6,6,6,6,6,7,6,7,6,7,4,6,6,6,6,6,7,6,6,6,5,6,7,4,6,6,7,6,6,7,6,6,6,6,6,6,6,6,7,6,6,6,6,7,7,6,6,6,7,7,7,5,7,6,6,7,7,6,6,6,7,6,6,6,7,6,6,7,7,6,6,6,7,7,6,6,7,7,6,7,6,6,6,6,6,6,7,6,6,6,7,7,6,6,6,6,6,6,7,6,6,6,6,6,6,7,7,6,6,6,6,7,6,7,6,4,6,6,6,6,7,5,7,6,6,5,6,6,6,6,6,6,6,7,7,7,6,6,6,6,6,6,7,6,6,7,6,5,6,5,6,6,6,6,6,7,6,6,6,6,6,6,6,6,7,7,6,6,6,6,7,7,7,6,7,6,6,6,6,7,7,6,7,6,6,7,6,6,7,7,6,6,7,7,7,6,6,6,7,7,7,5,7,7,6,6,6,6,7,7,6,6,6,6,7,6,6,6,6,6,7,7,6,6,6,6,7,7,7,6,7,6,7,6,6,7,6,4,6,7,6,6,6,6,7,6,6,6,7,6,6,7,7,7,7,6,7,6,7,6,6,6,6,6,6,7,6,6,6,6,6,6,6,6,6,6,7,6,6,4,6,7,7,6,7,7,6,7,6,6,6,6,6,6,6,6,6,6,6,6,6,6,7,6,6,6,6,6,6,6,6,7,6,6,6,6,6,6,7,6,6,6,7,6,5,6,6,7,7,7,7,6,6,6,6,7,6,7,6,6,7,6,6,7,6,6,7,7,6,6,6,6,6,6,7,6,6,4,6,6,7,6,7,6,7,6,7,6,7,6,6,7,6,6,7,6,6,6,6,6,7,6,6,6,6,6,7,7,6,6,6,6,6,7,6,6,6,6,6,6,6,6,6,4,6,6,6,7,6,6,7,6,6,6,7,6,7,6,6,6,6,6,7,6,7,6,7,6,7,6,6,6,7,7,6,6,6,6,6,6,7,6,6,7,6,6,6,7,7,7,6,6,6,6,6,6,7,7,6,6,6,5,6,6,6,6,6,6,6,6,6,6,7,6,7,7,6,6,7,7,6,6,7,7,6,6,7,6,7,6,7,7,6,7,4,6,6,6,6,6,6,6,7,7,6,6,6,6,7,7,6,7,7,5,6,6,6,6,7,6,6,6,6,6,6,7,6,7,6,6,7,7,7,6,6,7,6,6,6,6,6,4,6,6,6,6,6,6,7,6,7,6,7,6,6,6,6,7,7,6,6,7,7,6,6,6,6,7,6,7,6,6,7,6,6,6,6,7,7,6,6,7,6,6,6,4,6,6,6,6,7,6,7,4,6,6,6,6,7,6,6,7,6,7,6,6,6,6,6,7,6,6,6,7,6,6,6,6,6,6,6,6,7,6,6,6,6,6,6,6,6,6,6,6,6,7,6,6,6,6,6,6,6,6,7,6,4,6,7,7,6,6,7,7,6,6,6,6,4,6,6,6,6,6,7,7,6,6,4,6,7,7,6,7,6,7,6,7,6,6,6,6,6,6,7]"
shape_02a82cc75dad2ae322bc,"[6,6,7,6,6,6,7,6,7,6,7,6,7,6,6,6,6,7,6,7,5,7,6,7,6,6,6,7,7,6,6,6,7,7,6,6,7,6,6,6,7,7,7,6,6,7,7,6,6,7,6,6,6,6,6,6,6,7,7,6,7,7,6,6,6,6,7,6,7,7,7,4,7,6,6,7,4,6,6,6,6,7,6,6,7,7,6,6,6,6,7,7,6,7,6,6,6,7,6,7,7,6,7,6,6,6,6,6,7,7,6,6,6,7,6,6,7,6,7,6,7,7,6,6,7,6,6,6,6,4,7,6,7,6,7,6,6,7,7,6,6,6,7,7,7,7,6,6,6,6,6,6,5,6,6,6,6,6,7,7,7,6,6,6,6,6,7,7,6,7,6,6,6,7,6,6,7,7,6,6,7,6,6,6,7,6,7,6,6,7,7,7,6,6,6,6,6,6,6,6,7,7,6,7,6,6,7,6,6,6,6,7,6,7,7,6,6,6,7,6,6,6,7,6,7,7,6,7,6,7,6,6,6,6,6,6,6,6,6,6,7,6,6,7,6,6,6,7,6,6,6,6,6,7,7,6,6,6,6,7,6,6,6,7,7,5,6,6,7,6,7,7,7,7,6,7,7,6,6,6,7,6,6,6,7,7,6,6,6,6,7,6,6,6,7,6,6,6,6,6,7,6,7,7,7,6,6,6,7,7,6,6,6,6,6,7,6,6,6,6,6,6,7,7,6,6,6,6,6,6,6,7,6,6,6,6,6,6,6,6,6,6,6,6,6,6,6,6,6,7,6,7,6,6,6,6,7,6,7,6,6,6,6,6,7,6,7,6,6,6,6,6,7,6,6,6,6,7,7,6,6,6,6,6,6,7,7,6,7,6,6,6,7,6,7,6,6,6,6,6,7,6,6,7,7,6,6,6,4,7,7,6,6,7,6,6,6,6,6,4,7,7,7,6,6,6,6,6,6,6,6,7,7,6,7,6,7,6,6,6,6,6,7,6,6,6,7,6,6,7,6,6,5,6,6,6,7,6,6,6,6,7,6,6,7,6,6,6,6,6,6,6,6,6,6,6,6,6,6,6,6,7,7,6,7,6,6,7,6,7,6,7,6,6,7,6,6,6,6,6,6,7,6,6,6,6,6,6,6,7,6,6,6,7,7,6,6,6,7,7,6,6,6,7,6,7,7,6,6,7,6,6,6,6,6,6,7,6,6,6,6,7,6,6,7,6,6,7,7,5,6,7,6,7,6,7,6,6,6,6,6,6,6,6,6,7,6,6,7,6,6,6,7,7,6,7,6,7,6,6,6,7,7,7,5,6,6,6,6,6,6,7,7,7,7,7,6,6,6,6,7,7,6,6,6,6,7,6,7,6,6,6,6,7,7,6,6,7,6,7,7,7,7,6,7,6,6,6,7,6,7,6,6,7,7,7,7,6,7,6,6,7,7,5,6,6,6,6,6,6,6,7,7,7,6,7,7,6,6,6,6,6,6,6,6,7,6,6,6,6,6,6,6,7,6,6,6,6,7,6,6,6,6,7,6,5,6,6,7,6,6,6,6,7,6,6,6,6,6,6,6,6,6,6,6,6,6,6,6,6,7,6,6,7,6,6,6,6,6,6,6,6,6,7,7,7,6,6,6,6,6,7,6,6,7,6,7,7,7,6,7,6,6,6,7,6,6,6,6,6,6,6,7,7,6,6,7,6,6,6,6,6,6,6,6,6,7,6,6,7,6,6,6,7,6,7,6,6,6,6,7,6,6,6,6,6,6,6,6,6,7,7,6,7,7,7,6,6,7,6,6,6,6,7,6,7,7,7,6,6,6,7,6,6,6,6,6,6,6,7,6,6,6,6,6,6,6,7,6,7,6,7,6,6,7,6,6,6,6,7,6,6,6,6,6,6,7,6,6,6,6,6,6,7,6,7,6,6,6,6,6,7,6,6,4,6,6,7,6,7,6,6,6,6,6,6,6,7,6,6,5,7,6,7,6,6,6,6,7,7,6,6,6,6,6,6,6,5,7,7,6,7,6,6,6,6,7,7,6,6,6,6,6,7,6,6,6,6,6,6,6,7,6,6,6,7,6,7,7,6,6,7,7,7,6,6,6,6,6,6,6,6,6,6,6,6,6,6,6,6,6,6,6,6,6,6,7,6,7,7,6,6,6,6,6,6,6,6,6,6,6,6,6,7,6,6,7,6,7,6,4,6,6,6,6,7,6,6,6,6,6,7,7,7,6,6,7,7,6,6,6,7,6,6,6,6,6,6,6,7,7,6,6,5,7,7,6,7,6,6,7,7,6,6]"
shape_c2dba51638aeaeeea75b,"[4,4,4,4,0,4,5,5,4,0,4,4,2,4,5,4,0,4,5,0,4,4,4,4,4,4,5,4,4,4,4,5,4,0,4,4,4,4,4,4,4,5,5,4,4,5,5,0,4,4,5,5,4,4,0,4,4,4,5,4,0,0,4,0,5,4,4,4,5,4,5,5,4,4,4,6,5,5,4,4,4,4,2,4,5,5,4,6,4,4,0,4,0,4,4,4,4,0,4,4,4,4,5,0,0,5,4,4,4,5,4,4,5,5,4,4,4,4,4,0,5,4,4,5,5,4,5,4,5,0,5,5,4,4,4,4,4,4,4,4,4,5,0,4,4,4,4,4,2,4,4,4,4,4,4,4,4,5,5,4,5,4,5,4,4,4,4,4,5,4,5,4,4,0,4,5,4,5,4,4,4,4,0,5,4,5,4,5,5,4,4,5,4,5,4,4,4,0,4,5,5,5,4,4,4,4,5,4,4,4,4,4,4,4,0,5,5,5,4,0,5,5,4,4,4,4,4,0,4,4,4,4,4,4,4,4,4,4,4,5,4,4,4,4,4,4,4,4,4,5,4,4,4,5,4,4,4,4,4,4,0,2,4,4,5,4,5,4,5,4,5,4,5,4,4,1,4,4,4,4,4,5,5,4,0,4,4,4,4,2,5,5,4,4,4,4,4,4,5,5,0,4,5,4,4,4,4,5,4,4,4,4,4,4,4,4,4,4,5,4,4,4,4,5,0,4,4,6,0,4,5,4,2,4,4,5,4,5,0,4,4,4,4,4,0,4,4,4,4,5,4,4,4,4,0,4,4,4,4,5,5,4,4,0,4,4,5,4,4,4,4,0,5,0,5,0,4,4,4,5,4,4,6,4,5,4,4,4,4,4,4,4,4,5,4,4,5,4,4,1,4,5,5,4,4,4,4,4,4,4,4,4,2,5,4,4,4,5,4,4,4,4,4,5,5,4,0,5,4,4,4,4,4,4,4,5,2,4,4,4,4,4,5,5,5,4,0,5,4,5,4,4,4,4,5,4,4,4,4,4,4,4,4,5,0,4,4,4,4,5,4,5,4,1,4,5,5,4,4,0,4,4,5,5,5,4,4,4,5,5,4,4,4,4,4,4,6,4,6,4,4,4,5,5,0,5,4,4,4,4,4,5,4,4,4,4,5,4,4,4,4,5,5,4,4,4,0,4,4,4,4,4,4,4,4,4,1,4,5,4,6,4,4,5,4,4,4,4,4,4,4,4,4,4,4,4,5,5,4,4,5,5,4,4,5,4,4,4,5,0,5,4,0,5,4,5,4,4,5,4,5,4,4,0,4,4,4,5,0,4,4,4,4,5,4,4,0,4,0,4,2,4,5,4,5,4,4,5,4,4,4,4,4,4,4,4,4,5,4,4,5,5,0,4,4,4,0,4,0,4,5,4,5,4,5,4,2,5,4,5,4,4,4,4,5,5,4,4,4,4,4,6,0,6,5,0,4,0,4,4,4,4,4,5,4,4,2,4,4,4,0,4,4,4,5,5,0,4,2,4,4,0,5,5,4,5,5,4,4,4,4,0,5,4,4,5,4,5,0,4,4,5,4,4,0,4,4,5,4,4,5,4,6,4,4,4,4,5,4,4,4,5,4,5,5,4,4,4,4,4,4,5,0,4,5,4,4,4,4,4,4,4,5,4,4,4,4,4,5,4,4,4,4,4,4,4,5,5,5,5,4,4,4,0,4,4,4,4,4,4,5,5,4,4,5,0,4,4,4,4,4,4,4,4,4,5,4,4,4,4,4,4,4,4,4,5,4,4,5,4,4,4,4,5,4,4,5,4,5,0,4,4,4,4,5,4,0,4,4,4,4,0,4,4,4,4,4,5,4,4,4,5,4,4,4,4,4,4,4,4,4,4,4,4,5,5,4,4,0,4,0,4,4,4,5,4,4,5,0,4,4,5,4,5,5,4,4,4,4,4,4,5,4,4,4,4,5,4,4,4,0,4,4,0,5,4,4,4,4,4,5,0,4,4,2,4,4,4,4,4,5,0,4,4,0,5,4,0,4,4,5,4,4,4,4,4,4,4,5,5,4,4,4,4,4,4,4,4,2,5,4,0,4,4,4,4,4,4,4,4,4,4,0,4,4,4,4,5,4,4,4,4,4,4,4,0,5,4,4,5,5,4,4,4,0,4,4,5,0,4,0,0,0,5,4,4,4,4,0,4,4,4,5,4,4,4,4,4,4,5,0,4,4,4,4,4,4,4,4,5,5,4,4,4,4,4,4,4,4,5,4,6,4,5,4,4,4,4,4,4,4,4,4,5]"
shape_ffe518cd961afa94ca93,"[4,7,0,1,1,4,4,4,5,5,7,5,7,5,5,0,5,7,7,5,7,5,5,7,7,5,4,0,4,4,4,5,5,7,4,4,0,5,7,0,5,7,7,7,4,6,0,4,6,7,7,7,4,4,7,4,0,6,7,7,4,7,7,4,4,4,4,7,0,0,6,5,0,5,5,5,5,4,4,5,5,5,5,1,7,4,0,4,5,0,0,6,0,4,4,4,4,7,5,5,4,5,7,4,7,0,0,0,5,5,7,3,0,7,7,4,4,5,1,4,7,7,6,4,7,4,4,4,4,7,6,4,4,5,7,7,0,6,4,5,4,0,0,4,7,5,1,0,7,7,5,4,6,4,3,4,7,3,4,6,7,1,0,4,7,0,3,0,7,5,5,7,5,4,0,0,7,5,5,5,5,0,5,7,7,7,0,4,6,5,7,5,0,1,7,0,5,0,0,5,6,5,7,0,4,5,5,4,5,0,6,4,0,7,0,0,4,4,4,7,7,0,0,0,4,7,0,7,0,4,0,0,7,4,5,5,7,1,4,7,4,5,0,5,4,0,7,5,7,4,4,6,5,7,4,4,6,6,4,5,0,4,4,4,5,5,7,7,7,5,5,0,5,4,0,0,7,7,4,7,5,0,7,4,3,0,5,7,7,4,4,5,7,4,6,5,7,4,5,5,0,7,4,5,0,7,4,7,7,4,7,5,4,4,6,7,0,4,4,4,4,7,7,4,4,4,0,5,4,0,4,7,4,6,5,6,6,4,6,5,7,0,4,5,0,3,4,0,7,6,4,5,0,7,7,5,4,4,5,4,0,7,4,7,4,5,7,5,4,5,4,5,5,4,5,7,0,5,0,0,0,5,7,4,0,4,7,7,7,5,5,4,5,7,0,0,7,7,0,7,7,0,7,4,4,4,6,7,6,5,0,7,0,5,4,4,5,4,4,7,5,4,4,5,5,5,7,5,0,7,0,7,4,5,7,5,3,4,4,4,0,4,4,7,7,7,0,6,6,4,7,3,7,7,0,5,4,6,4,7,7,5,5,0,7,4,0,0,5,4,0,0,4,5,7,1,4,4,6,7,5,0,0,4,7,0,6,0,5,7,7,5,0,0,4,3,4,7,5,4,0,0,5,5,7,5,0,5,6,5,6,6,7,7,7,7,5,4,0,1,4,7,0,4,0,5,4,4,0,0,4,0,5,5,7,5,5,0,0,7,7,7,5,7,4,0,7,4,4,5,7,4,6,4,5,4,4,5,5,5,4,7,0,7,4,0,0,7,3,5,4,0,5,7,4,4,0,0,0,7,7,0,7,1,0,7,4,4,0,3,5,6,5,0,5,0,6,0,6,7,5,3,5,7,5,0,5,5,5,0,5,4,7,7,0,4,7,4,0,5,3,4,7,4,4,4,7,0,4,5,1,5,4,0,5,4,4,0,3,4,5,5,4,4,0,7,5,5,7,4,5,4,0,0,4,4,5,0,7,7,5,6,5,5,7,0,0,0,7,0,5,4,5,5,7,7,0,7,5,4,0,4,7,5,4,4,7,0,6,0,7,0,4,4,4,5,4,7,1,7,7,4,0,7,4,6,6,6,7,5,4,7,4,1,0,6,7,6,5,5,5,4,0,5,7,5,5,0,0,4,7,4,5,7,0,7,0,6,7,4,5,7,4,5,5,5,0,4,5,1,7,4,7,0,4,6,5,5,4,4,5,0,4,0,7,5,4,0,0,7,1,5,6,4,0,4,5,0,6,4,7,4,5,0,7,6,5,0,6,4,5,1,0,0,5,3,7,4,0,4,5,4,4,4,7,7,5,7,0,0,1,4,3,4,5,4,0,4,4,6,5,7,0,5,7,3,7,0,4,4,7,0,6,4,0,0,4,5,0,7,0,7,5,5,4,4,4,0,4,4,4,5,4,4,5,4,7,6,4,6,7,0,0,5,0,5,4,4,4,7,0,4,5,4,7,0,1,5,7,4,4,4,7,5,0,4,5,5,0,4,4,4,4,5,7,7,4,5,5,7,7,5,7,5,5,4,0,0,4,7,4,7,5,0,7,7,4,4,6,7,0,7,6,5,4,5,7,7,0,5,7,7,7,5,5,7,4,0,4,0,4,4,5,0,5,5,4,7,5,4,5,7,4,4,3,5,4,4,5,4,4,7,5,4,5,0,7,4,7,4,7,5,0,4,5,4,5,5,5,4,5,3,7,4,4,5,5,4,5,4,7,4,0,4,0,4,7,7,0,5,7,5,4,5,0,5,5,7,7,7,7,5,4,7,4,4,7,7,6,7,7,4,5,0]"
shape_4681b3d2b84fe6653239,"[6,7,7,6,7,4,5,5,4,6,3,4,4,7,5,5,5,5,4,6,5,6,4,7,7,7,5,6,6,6,6,7,6,7,4,7,6,6,3,6,5,7,4,7,6,5,7,7,6,7,5,5,7,6,6,6,7,7,7,6,4,5,5,5,5,6,5,5,6,6,4,4,3,2,5,3,6,5,4,6,4,6,4,7,6,3,4,6,5,7,3,4,4,7,6,4,4,6,6,5,6,5,5,6,4,5,5,6,6,6,5,6,6,6,3,6,6,5,4,5,7,5,6,6,7,7,3,6,7,6,5,5,4,6,5,7,6,6,4,7,7,6,4,7,5,7,3,6,5,6,6,5,5,6,4,5,6,5,6,5,7,4,6,4,4,3,6,6,6,6,4,5,7,7,7,3,5,4,5,6,6,6,4,7,4,5,6,5,6,7,5,6,4,6,6,6,5,7,4,3,5,4,5,6,5,7,7,7,4,4,7,6,7,4,4,7,4,5,6,4,6,6,2,7,7,6,7,7,7,5,4,4,7,7,3,5,5,7,7,7,6,5,5,4,6,5,5,7,4,3,5,5,5,6,6,5,5,6,6,7,5,6,7,5,7,7,7,7,6,6,5,6,6,5,6,5,6,7,5,6,4,7,4,6,6,6,6,6,6,6,6,6,7,7,7,6,7,5,4,6,6,6,7,5,6,6,5,5,6,5,3,7,5,6,7,4,7,4,7,6,5,6,6,5,6,7,7,6,6,6,7,5,3,7,7,5,5,6,7,7,7,5,6,6,5,5,5,7,5,6,6,6,5,5,4,4,6,6,0,4,6,5,4,4,6,7,6,4,5,6,6,5,4,4,5,6,4,5,2,7,5,4,6,6,4,7,7,7,5,6,6,5,4,7,7,7,6,6,5,3,7,5,7,4,6,7,6,6,7,7,6,7,7,6,4,4,7,5,6,6,5,6,7,3,6,7,5,0,5,6,6,4,5,5,4,7,6,6,4,5,4,5,6,6,6,6,6,3,7,6,6,5,7,3,5,6,5,3,7,6,4,6,6,6,4,6,7,3,6,5,5,5,4,6,7,4,4,6,6,4,4,6,5,5,7,6,6,6,6,6,4,5,5,6,7,6,7,5,6,6,6,4,6,4,6,6,6,2,5,7,6,7,5,5,3,5,3,6,6,3,5,6,6,7,7,7,6,5,0,6,5,6,6,6,6,4,3,6,7,7,6,6,5,7,5,5,6,4,6,4,5,7,4,4,4,4,5,7,4,5,6,7,7,6,5,6,6,5,6,5,7,6,6,5,3,6,5,5,5,4,5,6,5,6,6,5,6,6,4,6,7,3,4,5,6,6,7,6,6,4,6,7,3,6,6,7,4,6,4,5,6,7,7,7,6,3,6,6,5,5,6,7,6,6,5,4,6,6,7,7,7,6,4,4,6,3,6,6,6,6,5,5,3,6,6,6,6,4,4,6,5,6,2,3,7,5,5,6,3,6,5,3,6,6,3,5,6,7,4,7,3,5,6,5,5,3,6,7,5,3,6,6,4,6,5,4,5,6,3,7,6,4,7,5,7,6,7,7,5,6,7,6,6,5,4,6,6,5,5,4,5,3,4,5,4,7,6,5,5,7,7,7,4,7,7,7,7,7,6,5,6,2,6,5,6,4,3,5,7,6,6,6,4,7,6,6,7,4,6,5,0,4,7,5,6,7,7,2,6,7,5,6,6,6,7,7,5,4,5,5,7,4,7,4,5,4,7,0,5,6,4,4,7,6,4,7,7,6,5,3,7,6,6,5,6,4,5,6,4,6,6,7,7,2,5,5,6,5,5,6,3,6,5,5,6,7,6,5,4,6,7,5,5,5,7,4,7,3,5,6,6,7,5,6,6,6,7,6,7,2,4,7,4,7,5,4,3,6,7,6,7,6,7,5,4,5,6,6,7,6,5,7,7,4,6,6,6,5,4,7,7,2,7,6,6,6,6,7,6,6,6,6,7,5,2,6,6,4,5,5,6,6,6,6,7,5,5,4,5,7,4,5,6,7,6,6,6,4,5,7,4,7,6,5,5,4,6,4,4,6,6,4,6,6,6,6,5,5,7,6,5,3,5,4,4,7,6,7,7,6,4,4,5,7,6,5,6,6,4,6,6,7,5,6,3,6,6,3,7,4,3,4,6,7,5,7,6,6,7,4,5,4,6,5,5,6,5,4,7,3,6,5,7,5,7,6,4,7,5,7,6,6,5,6,6,6,5,6,6,6,4,4,6,6,4,6,4,5,5,4,6,6,5,4,0,7,7,4,7,7,6,7,5,0]"
shape_b4bec008bd66180ab55b,"[6,6,6,5,5,7,6,6,7,6,5,4,7,6,5,6,6,6,6,7,6,6,7,5,6,6,5,6,5,4,6,6,6,6,7,6,6,6,7,6,6,6,7,6,6,6,6,6,7,5,6,7,7,5,6,6,5,7,6,5,6,6,5,6,7,6,7,7,7,6,6,6,7,6,7,5,6,7,6,6,7,6,7,7,6,7,7,6,6,7,6,6,4,6,6,6,7,5,7,6,6,7,7,7,7,7,6,6,6,6,6,6,7,6,7,6,5,6,5,4,6,7,7,7,6,7,6,6,6,6,6,6,6,5,7,7,6,7,7,5,6,6,6,6,6,6,6,6,7,6,7,6,7,7,7,6,6,6,6,7,5,7,6,6,6,6,7,6,6,7,6,7,6,7,7,7,4,7,6,6,6,6,6,7,7,7,6,7,6,6,7,7,6,6,6,6,6,6,6,5,7,6,6,6,6,7,6,6,7,7,6,6,6,6,6,6,6,6,6,7,4,6,6,6,7,6,6,5,6,6,6,6,6,7,6,7,6,7,7,6,7,5,6,7,5,5,7,7,6,6,6,5,6,6,6,6,4,6,7,6,7,6,4,5,7,6,6,6,6,7,6,7,7,7,6,6,6,6,7,6,6,6,6,6,6,7,5,6,6,6,4,6,6,7,6,7,7,6,6,7,6,7,7,7,6,4,5,5,6,6,7,5,6,7,7,6,7,6,6,6,7,7,4,7,6,6,7,7,6,4,6,6,6,7,6,6,7,5,6,6,7,6,6,6,6,7,7,6,6,7,7,6,4,6,6,6,6,7,7,6,6,6,7,6,7,7,7,7,7,6,4,7,6,6,5,6,6,6,6,6,6,6,6,6,4,6,7,7,6,5,6,6,6,5,6,6,7,5,6,6,6,6,6,5,7,6,6,5,6,6,4,6,7,7,6,6,5,6,5,7,7,6,6,6,6,5,7,6,7,6,6,7,6,7,7,7,6,6,6,6,6,6,6,7,7,6,6,6,6,5,7,7,7,6,6,7,6,6,6,6,5,6,7,6,6,6,7,5,7,6,7,7,4,6,6,6,7,6,6,6,5,6,4,6,6,6,7,7,7,6,7,7,6,7,6,5,7,6,6,7,5,7,7,6,7,7,6,6,7,6,6,6,5,6,6,7,7,6,6,6,7,7,6,7,7,6,6,6,6,6,7,6,6,6,6,6,6,7,6,6,7,6,5,7,6,6,6,4,6,6,7,7,6,6,7,6,7,7,6,6,7,6,6,7,6,6,6,6,7,7,6,6,6,7,7,6,6,7,6,6,7,6,6,6,6,6,7,7,6,6,6,6,6,7,7,6,7,7,5,6,7,6,6,6,7,6,5,6,7,7,6,7,7,7,6,7,7,6,6,5,6,5,6,6,6,5,6,6,6,6,6,6,6,6,7,7,6,5,6,6,6,6,6,6,7,6,6,6,7,7,7,6,7,6,6,7,7,6,6,4,6,7,6,6,6,7,6,7,6,6,7,6,6,6,7,7,7,6,6,6,6,5,7,7,6,6,7,6,6,7,6,7,7,6,7,6,5,6,7,7,6,6,6,6,7,6,7,6,6,7,6,7,6,6,6,6,6,6,6,7,7,6,5,6,6,6,7,6,6,7,6,6,6,6,6,6,6,7,6,7,5,7,6,6,6,6,6,6,7,7,7,6,6,7,7,6,6,7,6,6,7,7,6,7,6,7,6,6,6,6,6,6,7,6,4,6,6,6,7,6,6,5,6,7,5,7,6,7,5,5,6,6,6,7,5,7,7,6,6,6,7,4,7,6,7,7,6,6,6,7,6,6,6,6,5,6,6,7,6,7,6,6,6,7,7,7,6,6,6,7,6,6,5,6,6,7,6,6,6,6,6,5,6,6,7,6,7,6,7,7,6,6,6,6,6,6,6,7,6,6,6,7,6,5,6,6,6,6,6,6,6,6,6,6,5,6,6,7,6,7,7,7,6,7,6,5,5,7,6,7,6,7,6,7,6,7,6,7,6,7,6,6,7,7,7,7,7,7,6,6,6,7,6,6,7,5,6,6,6,7,7,6,7,6,6,7,6,5,6,7,6,6,7,6,5,6,6,6,7,7,6,6,6,7,6,5,7,6,6,6,6,6,6,7,7,6,6,7,6,6,6,7,5,6,5,6,6,6,7,6,6,6,6,7,6,6,6,6,7,7,6,7,7,6,7,6,6,7,7,7,6,6,5,6,7,6,6,6,6,7,7,7,6,7,7,6,6,7,6,7,7,7,7,6,6,6,7,6,5,6,6,5,7,6]"
shape_1214d37b48d7f1ebdc00,"[6,7,7,4,5,5,5,4,4,5,5,5,6,4,4,5,4,5,5,4,5,7,7,4,6,6,7,6,5,5,6,7,4,6,4,4,5,4,6,6,4,6,4,4,7,7,4,7,6,4,4,5,5,4,5,5,4,6,5,7,4,7,4,4,5,6,5,4,5,4,7,7,4,5,5,7,6,4,5,5,4,5,5,5,5,4,6,4,5,5,7,6,5,7,6,5,4,5,7,6,4,4,5,6,5,6,7,4,5,5,4,6,7,7,5,4,4,6,4,5,6,4,4,7,5,6,6,4,5,6,5,4,4,4,5,6,6,4,5,4,4,4,5,4,4,6,4,5,5,7,5,7,7,4,5,7,6,4,7,5,5,5,5,5,6,4,7,4,6,7,7,4,5,6,5,7,4,5,7,4,4,4,5,7,6,5,4,6,4,6,7,6,4,4,4,4,4,5,6,7,7,7,5,7,4,7,5,4,5,4,6,4,6,7,6,7,4,6,6,7,7,6,5,4,4,7,7,4,4,7,7,5,7,4,7,4,5,7,7,4,6,4,5,4,6,6,5,6,4,6,6,5,4,5,6,4,4,4,6,4,4,5,5,5,4,4,4,5,6,7,5,5,4,6,4,4,5,5,4,6,6,4,5,5,6,5,7,4,7,5,4,7,4,7,5,5,6,4,4,4,7,4,4,6,5,4,5,4,5,7,5,7,7,6,7,5,5,5,4,4,5,4,4,5,7,7,4,4,7,4,7,4,7,6,6,6,7,4,5,6,4,5,4,7,4,4,4,7,5,5,4,5,6,7,7,6,6,5,7,5,4,4,5,5,6,5,6,4,7,5,4,4,5,6,5,4,5,7,7,5,6,4,5,6,4,6,4,4,7,7,5,5,7,4,4,7,7,4,4,6,4,6,5,4,4,4,6,4,6,6,7,6,5,4,7,4,6,7,4,4,7,7,5,4,5,7,5,5,4,7,6,6,7,5,4,6,6,4,4,6,4,7,5,6,7,5,4,5,5,6,4,4,4,4,5,5,4,4,7,6,7,6,4,7,4,7,4,4,4,6,7,4,5,4,5,6,4,5,4,4,4,6,4,4,7,4,4,4,4,5,5,4,4,4,4,4,7,7,7,4,5,7,7,4,4,7,6,7,4,6,5,5,5,4,7,5,4,5,5,4,7,4,7,5,5,4,4,4,4,4,4,5,7,5,4,7,4,6,7,7,5,6,5,7,5,4,5,5,5,6,5,4,4,5,5,4,4,4,4,4,7,4,7,5,6,5,5,6,5,6,4,6,4,5,4,6,5,7,7,5,5,5,6,7,6,4,6,7,4,6,4,6,6,4,4,5,4,6,4,4,5,5,5,5,6,4,5,6,4,4,7,4,6,4,7,4,6,4,7,5,5,4,4,4,4,4,4,4,5,4,7,7,4,4,4,4,4,5,4,4,4,5,4,7,7,5,5,6,4,6,7,7,6,7,6,5,5,7,7,4,5,5,4,6,4,4,6,6,3,7,5,3,4,4,7,6,4,5,6,5,4,6,4,5,4,4,6,7,4,4,5,5,5,5,4,7,4,6,7,4,7,4,4,7,4,4,4,4,6,6,4,5,4,4,5,4,4,4,5,7,5,5,5,4,5,6,7,7,7,5,4,5,5,5,5,7,4,5,7,4,5,7,4,6,4,7,4,5,6,5,5,5,7,6,4,7,4,5,5,5,4,5,4,7,5,4,6,6,5,5,4,5,4,4,5,4,4,4,5,4,6,4,5,5,4,6,6,4,4,4,6,5,4,7,4,4,4,7,4,5,7,4,4,4,4,7,4,4,6,7,4,4,5,4,4,4,5,4,4,5,7,5,4,4,7,5,7,4,6,5,4,4,4,7,4,4,5,6,7,7,5,6,5,4,6,4,7,4,4,5,4,5,4,5,5,5,4,4,4,6,5,5,3,5,6,4,5,7,5,6,4,4,6,4,7,7,4,4,6,5,4,7,7,5,4,5,4,4,4,4,5,7,4,4,7,5,5,5,4,6,7,5,7,4,4,5,4,5,3,6,4,6,5,5,5,6,5,4,7,4,4,5,7,5,7,4,5,5,7,5,6,5,6,4,5,5,5,4,4,5,5,6,7,5,5,4,5,5,6,5,6,6,5,5,4,4,6,6,7,6,4,4,5,7,7,4,4,5,5,4,7,5,6,5,4,4,5,7,5,7,6,5,7,5,4,5,5,5,4,4,4,5,6,4,6,4,3,4,4,4,4,7,6,4,5,4,4,6,5,4,5,4,4,5,4,4,6,5,4,4,7,7,7,7]"
shape_042fbe006906edb78c77,"[4,4,5,4,4,3,3,4,7,4,6,3,6,4,3,5,4,3,7,5,6,4,4,7,3,4,6,3,4,7,5,4,7,3,4,5,4,4,6,5,6,5,4,3,6,4,5,7,6,6,6,4,6,4,6,6,5,4,3,6,5,7,5,6,5,3,5,3,4,4,4,4,4,3,4,6,4,4,6,4,5,6,4,4,4,7,4,5,7,4,6,3,3,4,3,4,6,6,6,6,7,3,4,4,3,4,6,3,3,6,4,4,6,3,7,4,5,5,3,5,7,6,6,4,4,4,4,3,4,6,6,5,5,6,4,6,4,3,3,3,4,3,4,6,3,3,6,3,5,6,3,3,3,6,4,5,3,5,6,3,3,6,6,3,5,3,4,7,5,6,4,4,6,3,6,4,4,4,3,4,3,6,6,6,6,6,3,6,3,6,4,7,6,5,4,3,4,4,4,3,4,5,6,4,4,4,6,4,3,4,7,3,4,4,4,3,3,3,4,4,6,3,3,7,6,3,5,4,5,3,6,7,4,6,4,4,4,4,5,3,4,3,3,5,3,6,6,6,6,6,3,3,3,3,3,4,3,6,3,6,3,4,4,4,4,3,3,3,3,3,4,6,4,3,7,3,4,6,3,4,5,4,6,6,6,5,3,4,6,6,3,5,6,3,4,6,5,3,3,4,3,4,7,7,3,3,4,4,7,4,6,4,4,3,4,4,4,4,4,4,4,6,3,3,4,4,0,4,6,3,3,5,6,4,3,6,3,3,6,4,6,7,6,4,4,4,6,4,4,4,6,3,4,7,6,6,3,3,3,6,4,3,3,4,6,5,4,3,3,4,3,3,4,4,4,4,4,5,3,0,4,5,4,4,3,5,4,5,4,4,3,6,4,5,6,3,5,6,6,4,5,6,4,4,3,4,4,3,4,6,6,5,4,4,4,4,3,4,3,4,7,6,7,4,4,3,4,6,4,4,3,3,4,7,4,5,6,6,7,4,5,4,4,3,4,6,6,5,3,6,5,3,3,4,3,4,6,3,4,3,6,6,6,3,4,6,6,3,3,5,4,5,4,4,4,5,6,4,3,4,6,4,4,7,4,4,3,3,4,6,4,4,6,4,3,3,6,3,3,7,6,6,6,6,7,5,6,3,3,6,3,6,4,4,6,4,3,4,3,7,5,4,5,3,5,4,3,3,6,3,3,6,4,6,6,6,6,6,6,5,5,3,3,6,3,0,4,6,4,4,6,6,3,6,6,4,4,3,5,4,4,4,3,3,5,6,7,4,4,4,6,6,7,4,3,4,3,4,7,6,6,5,3,4,7,3,4,3,5,3,5,6,5,4,3,3,3,4,4,6,3,6,5,3,4,3,4,6,6,5,4,4,3,4,3,4,6,7,3,4,4,7,4,3,5,4,6,4,5,7,3,6,4,6,3,6,4,4,5,4,6,3,4,4,3,3,4,3,3,4,4,5,3,3,7,4,3,4,7,4,3,6,4,6,4,6,5,4,3,7,4,6,4,4,4,4,5,6,4,7,7,4,3,4,3,4,3,3,4,4,4,6,5,7,7,4,3,4,6,4,4,4,4,6,4,5,3,6,5,4,3,4,3,5,4,5,3,6,4,5,6,7,6,3,3,6,5,6,6,6,4,5,5,3,5,3,6,5,3,5,4,4,6,6,7,4,5,6,5,4,4,3,4,6,7,4,7,3,5,6,3,3,6,5,4,4,4,3,6,6,4,6,6,5,4,5,3,4,6,6,5,4,3,5,4,4,4,3,6,6,7,5,7,4,4,4,4,4,5,4,4,4,5,4,3,3,5,6,4,6,4,5,3,4,3,6,3,4,6,6,4,6,3,7,4,4,6,3,6,3,4,0,6,5,4,3,4,4,6,3,3,3,4,6,6,6,4,4,3,3,3,7,4,3,4,4,6,3,4,4,4,6,3,3,5,3,4,3,4,3,3,4,6,4,4,6,6,3,3,5,3,6,4,3,7,6,5,3,4,3,3,4,3,3,6,4,6,3,3,4,7,3,6,6,6,6,3,4,4,4,6,7,3,3,4,4,3,6,3,4,6,6,7,4,3,3,4,7,4,4,3,5,6,5,5,6,5,6,3,6,4,5,4,6,4,6,4,3,4,4,3,3,4,4,6,6,7,3,6,3,4,6,5,6,7,4,4,3,6,4,4,6,4,3,4,7,7,6,6,4,4,4,5,3,4,5,5,3,4,4,6,6,6,4,6,5,4,7,4,4,3,3,4,6,4,3,4,5,3,3,4,4,5,4,3,6,4,4,4,4,6,4,4,3]"
shape_07861699734c8d21a73f,"[6,6,6,6,7,6,6,6,6,6,6,7,6,6,6,6,7,7,6,6,6,6,6,6,6,6,6,6,7,6,6,6,6,6,7,6,6,6,7,6,6,6,6,6,7,6,6,6,7,6,7,6,7,6,6,6,6,6,6,7,6,6,7,7,7,6,7,6,6,6,6,6,6,7,6,6,7,7,6,6,7,6,6,6,6,6,6,6,6,6,6,6,6,6,7,6,6,6,7,7,7,6,6,6,6,6,6,7,6,6,6,6,7,6,6,6,6,6,6,6,6,6,6,6,7,6,6,6,6,7,6,6,6,6,6,6,6,6,6,7,6,6,6,7,6,6,7,6,6,7,6,7,7,6,6,7,6,6,6,6,6,6,6,7,6,6,7,6,7,7,6,6,6,6,6,6,6,6,6,6,6,6,6,6,6,6,6,7,6,6,7,6,6,6,7,6,6,7,6,7,6,6,7,6,6,7,6,6,6,6,6,6,6,7,6,6,7,6,6,6,6,6,6,6,6,6,6,7,6,6,7,7,7,6,6,6,6,6,6,6,6,6,6,7,6,6,6,6,6,6,6,7,6,7,6,6,6,6,6,6,6,7,7,7,6,6,6,7,7,6,6,7,6,6,6,6,7,6,6,6,6,7,7,6,6,7,6,6,6,7,6,6,6,7,6,6,6,7,6,6,6,6,6,6,6,6,7,7,7,6,6,6,6,6,7,6,7,7,6,6,6,6,6,6,6,7,6,7,7,6,7,7,6,7,6,6,6,6,7,6,6,6,7,6,6,6,6,7,6,6,6,6,6,6,6,7,6,6,7,7,6,6,6,7,7,6,6,6,6,6,6,6,6,6,7,7,7,6,6,6,6,6,6,7,7,6,6,6,6,6,7,6,6,6,6,6,6,6,7,6,6,7,6,6,7,6,7,6,7,7,6,7,6,7,6,6,6,6,6,6,6,7,7,6,7,7,6,6,6,6,6,6,6,6,7,7,6,6,6,6,7,6,6,6,6,6,7,6,7,6,6,6,6,6,6,6,6,6,6,7,7,6,6,6,6,6,7,6,6,6,6,6,6,6,7,6,6,7,6,6,6,6,6,6,6,6,6,6,6,6,6,7,6,6,6,6,6,6,6,6,7,6,7,7,6,7,7,6,6,7,6,6,6,6,6,6,6,6,7,6,6,6,7,7,6,6,7,6,6,6,7,6,6,7,6,6,6,6,6,6,6,6,6,6,7,7,6,6,7,6,6,6,6,6,6,6,6,6,6,6,6,6,7,7,6,7,6,6,6,6,6,6,7,6,6,7,6,6,6,6,7,6,6,7,6,6,6,6,6,6,7,7,6,7,6,6,6,7,6,7,6,6,6,6,6,6,6,6,6,7,6,7,6,6,6,6,6,6,7,7,6,6,6,6,6,6,6,6,6,6,6,6,6,6,6,6,6,6,7,6,6,7,7,6,6,6,6,6,6,6,7,6,6,6,6,7,6,6,6,6,6,6,6,7,6,6,6,6,6,7,6,6,6,7,7,6,6,7,6,6,7,6,6,6,7,6,6,7,6,6,7,7,6,6,6,6,6,6,6,6,6,6,6,6,6,6,6,6,6,7,6,6,7,6,6,6,7,6,7,6,6,6,6,6,6,6,6,6,6,7,6,7,6,6,6,6,6,7,6,6,6,6,6,6,6,6,6,6,6,7,6,6,6,6,6,6,6,6,6,6,7,6,6,6,6,6,6,6,6,7,7,6,6,6,6,6,6,6,6,6,6,7,6,6,6,6,6,6,6,6,6,6,6,7,6,6,6,6,6,7,7,7,6,6,6,6,6,6,6,7,6,6,7,7,6,6,6,6,6,7,6,6,6,6,6,7,7,6,6,6,6,6,7,6,6,6,6,6,7,7,6,6,6,7,6,6,6,6,6,6,6,6,7,6,6,6,7,6,7,6,6,6,7,7,6,6,7,6,7,6,7,6,7,6,6,6,6,6,6,6,7,6,6,7,7,6,6,6,6,6,6,6,6,6,7,6,6,6,7,6,7,6,6,6,7,6,6,6,6,6,6,6,6,6,6,6,6,7,6,6,7,7,7,6,6,6,6,6,6,7,7,7,6,7,7,6,7,6,6,7,6,6,6,7,7,6,6,6,6,6,6,6,7,6,7,6,6,6,6,6,6,6,6,6,7,6,6,6,6,7,7,6,6,6,6,6,6,7,6,6,6,7,6,6,6,7,6,6,6,6,6,7,6,6,6,6,6,6,6,7,6,7,7,6,7,6,7,6,6,7,6,6,6,6,6,6,7,6,6,7,7,6,6,6]"
shape_a4383403845eb2ec6a0c,"[6,6,6,6,6,6,5,5,6,7,6,6,6,4,6,5,6,6,5,6,5,4,6,6,5,5,7,5,6,5,6,5,7,5,5,5,6,6,4,6,6,7,6,4,6,7,6,6,6,7,6,6,6,7,7,7,7,7,6,6,6,5,6,6,6,5,6,6,5,4,7,7,6,6,6,6,5,6,4,6,6,6,6,6,6,5,5,6,5,6,6,7,6,5,6,6,5,7,6,6,5,7,7,6,6,6,6,5,7,4,6,5,6,6,6,7,4,5,6,6,4,4,6,4,4,6,5,6,6,7,6,6,4,4,4,6,6,5,6,6,6,6,4,5,6,6,4,7,6,5,6,6,6,6,6,7,7,6,4,4,5,5,5,6,6,6,7,5,6,6,6,6,6,6,6,7,5,5,7,7,5,6,6,6,6,6,6,6,6,5,5,5,6,6,5,7,6,6,4,4,6,5,7,6,6,7,6,6,7,6,6,7,5,7,7,7,6,5,6,5,6,6,6,6,6,6,6,6,6,6,6,4,6,7,6,7,6,6,6,6,4,6,4,6,7,6,6,4,5,6,5,6,7,7,6,6,6,6,5,4,6,7,6,4,7,6,7,6,5,4,6,4,6,6,7,6,7,7,6,6,7,6,6,6,5,6,5,6,6,7,6,6,7,6,6,5,6,6,6,6,6,6,6,6,4,5,6,6,6,6,5,6,5,6,6,6,6,7,6,6,7,6,6,5,6,6,6,7,6,6,4,6,6,7,6,6,5,7,6,7,7,7,6,6,6,7,5,6,6,4,6,6,6,6,5,6,4,6,4,6,7,6,6,6,7,5,6,7,6,6,6,6,6,4,5,6,6,6,6,5,4,4,7,7,6,6,5,6,5,6,5,6,6,6,4,6,6,5,6,5,5,6,6,6,6,6,6,6,7,6,6,5,7,6,5,4,4,6,6,6,6,6,6,6,6,5,6,4,6,5,4,4,7,6,6,4,6,6,6,6,4,5,6,6,6,6,4,6,6,6,5,6,4,6,4,6,6,4,4,7,6,6,6,7,6,6,5,6,6,5,6,6,7,6,6,6,5,6,6,5,7,6,6,7,6,6,6,5,6,4,7,6,6,6,6,6,6,6,7,6,6,6,6,6,6,6,7,7,6,6,6,6,6,6,6,7,5,6,6,4,5,6,6,6,6,6,6,7,6,6,4,7,6,7,6,7,6,6,4,6,6,6,7,6,6,4,6,6,6,7,6,5,4,6,6,6,6,5,6,7,6,6,6,6,6,7,7,6,6,5,5,4,5,7,5,6,7,5,7,4,6,6,6,6,7,6,6,6,6,6,6,7,6,5,6,6,5,5,7,6,6,5,6,7,4,6,6,6,6,5,5,6,6,4,7,6,6,7,6,6,6,6,5,5,6,7,6,4,5,7,6,6,5,6,6,7,5,6,6,6,5,5,6,7,6,6,6,4,6,6,5,7,5,6,5,6,6,7,4,5,6,6,4,6,5,5,5,6,6,6,6,6,6,6,4,6,6,6,6,6,4,7,5,6,6,6,6,7,5,6,6,6,4,5,6,5,4,6,7,6,7,7,5,6,6,6,6,5,6,6,6,6,4,6,6,5,7,6,6,6,6,6,6,6,6,7,6,4,6,6,6,6,5,7,5,6,6,6,4,6,6,5,7,4,4,6,6,6,6,4,6,7,4,6,6,7,6,7,6,6,5,6,6,6,6,6,6,7,6,4,7,6,6,6,6,5,6,4,6,5,6,6,4,4,6,6,4,6,5,5,5,5,5,6,6,6,5,6,4,6,6,4,4,6,6,7,4,6,6,6,6,6,6,6,4,6,7,6,6,4,6,6,6,6,7,6,6,6,6,6,6,5,5,5,4,4,5,7,6,6,6,7,5,6,6,6,5,6,5,6,4,5,6,7,6,6,7,7,4,4,6,6,6,7,6,4,6,6,6,6,6,6,6,5,6,6,6,6,6,7,6,6,6,6,7,7,7,4,5,7,5,4,5,7,6,6,5,6,6,6,5,5,5,4,7,4,6,6,6,7,6,6,6,6,6,4,6,6,6,6,7,6,4,6,6,6,5,6,7,4,4,7,6,6,4,4,6,6,6,6,6,4,4,6,5,5,4,5,6,6,4,6,6,7,6,6,6,7,6,6,6,6,5,7,6,6,4,4,6,6,6,5,4,6,6,6,6,6,6,6,7,5,6,4,6,6,6,4,7,6,6,6,6,6,4,6,7,6,5,7,4,7,5,4,5,6,6,6,6,6,7,7,6,6,5,5,7,4,6,6,7,6,6,6]"
shape_2b0d97863b09393226ae,"[5,0,6,0,4,4,4,4,5,4,0,4,4,5,4,7,5,4,4,5,5,5,4,6,5,7,4,6,7,4,5,6,4,4,5,4,3,4,4,6,5,5,6,5,0,4,4,2,5,3,3,4,4,7,5,6,4,4,4,3,5,5,6,6,6,6,0,3,6,3,4,7,5,4,5,6,4,0,4,4,5,4,4,5,0,5,4,5,6,4,6,4,3,5,6,5,4,4,4,4,0,5,4,3,3,6,4,4,3,6,4,4,4,6,5,5,3,6,4,4,3,4,4,4,4,4,4,6,5,6,5,0,6,4,4,7,4,3,5,7,4,6,0,4,5,5,4,5,7,5,6,4,5,4,0,0,4,5,4,0,5,4,5,4,4,5,5,7,5,4,3,3,4,6,4,5,6,6,5,2,4,5,4,5,3,7,5,6,3,4,6,0,4,4,5,5,3,4,5,5,6,4,4,0,4,0,5,4,6,4,7,6,7,4,4,5,4,6,4,5,4,6,5,6,6,6,3,2,5,4,7,4,5,4,3,4,0,5,6,4,5,3,4,4,5,3,4,6,4,4,4,4,6,6,5,6,4,5,6,4,6,5,0,4,0,6,7,4,4,4,4,4,5,3,5,4,6,0,7,4,4,4,6,3,7,3,6,2,5,4,5,4,0,4,4,5,5,0,2,4,4,5,0,0,3,4,4,4,6,3,3,4,5,3,4,7,0,5,5,6,4,3,4,4,6,4,4,4,4,4,5,4,4,4,3,4,4,3,5,4,6,4,5,4,5,4,5,7,3,7,4,7,4,6,5,7,5,4,6,4,4,5,4,4,3,5,6,7,5,4,3,5,4,0,7,4,4,6,0,5,6,6,0,0,2,0,4,4,3,0,4,3,5,0,5,5,4,4,0,3,4,4,4,0,6,6,4,7,5,4,0,4,5,5,4,4,4,6,4,4,3,4,0,3,7,4,5,7,5,6,3,4,6,0,4,4,4,0,4,3,4,6,4,5,6,4,7,3,5,5,5,4,5,6,4,4,4,4,6,4,3,3,0,5,0,4,4,4,0,5,4,4,3,5,6,6,7,0,4,4,7,4,3,5,7,4,4,4,4,5,3,7,5,3,6,5,4,5,4,5,4,5,4,5,6,4,3,3,3,3,6,4,6,5,5,3,0,4,5,4,4,4,0,5,4,5,6,3,6,5,7,6,5,6,5,5,5,3,4,4,4,5,3,7,4,7,0,6,2,4,6,0,5,5,0,6,6,5,6,3,0,4,3,6,3,4,4,4,5,5,5,5,4,6,6,5,6,4,0,3,5,4,4,4,7,6,7,4,6,4,7,6,3,0,7,5,4,5,4,4,3,5,4,4,5,4,5,0,6,3,6,7,6,0,7,4,4,4,5,6,4,6,5,5,6,4,3,6,7,0,3,7,4,0,2,5,4,6,6,5,3,5,4,0,4,4,5,5,3,4,3,6,4,5,4,4,7,6,5,3,6,4,4,6,5,0,5,4,4,0,4,4,5,3,6,7,4,6,4,4,6,6,4,4,4,4,5,3,3,4,4,4,4,3,4,4,5,0,4,4,7,5,6,4,5,3,4,6,4,6,5,0,4,4,5,3,6,4,5,4,5,5,4,4,3,5,5,4,4,5,5,4,3,4,3,5,6,3,7,5,4,3,4,5,0,4,4,4,4,6,4,6,5,4,4,6,5,2,4,4,5,0,5,0,4,4,5,4,3,6,4,0,6,7,6,6,4,4,6,6,4,4,0,4,6,4,5,0,4,5,3,4,0,4,6,5,5,3,5,6,4,4,3,7,3,6,5,7,4,6,6,4,4,5,7,7,7,6,4,2,3,4,0,4,3,4,6,3,0,5,6,5,4,4,5,4,6,6,4,4,2,5,4,5,0,0,4,6,5,4,6,4,6,5,4,0,5,5,5,4,3,0,5,3,4,5,4,4,4,5,4,7,5,4,5,7,4,4,5,6,6,4,4,0,0,5,4,5,4,2,4,5,6,0,7,6,3,4,5,4,4,4,0,4,4,7,7,6,6,5,5,4,6,6,5,0,0,4,4,4,5,6,4,7,5,4,0,6,7,4,5,4,4,5,4,4,4,0,6,3,5,5,5,0,0,4,5,7,5,5,4,5,3,5,5,3,6,0,5,7,3,3,3,5,4,4,3,5,5,5,5,5,0,5,4,6,3,6,7,4,4,7,6,4,3,6,5,0,5,6,7,5,3,5,6,3,6,4,5,4,5,5,6,5,0,4,4,7,0,6,4,6,4,7,6,5,5,7,4,4,6,6,5,5]"
shape_e847e1e3b0b2cad0d388,"[6,7,6,6,6,6,6,6,6,6,6,6,6,6,6,6,6,6,7,6,6,6,6,6,7,6,6,6,6,6,6,6,6,7,6,7,6,6,6,7,7,6,6,6,7,6,6,6,6,7,6,7,6,6,6,6,7,7,6,6,7,6,6,7,6,6,6,6,6,6,6,6,6,6,6,6,7,6,6,6,7,6,7,6,6,6,6,6,6,6,6,7,6,6,6,6,6,6,6,7,6,6,6,6,6,6,6,6,6,6,6,6,7,6,6,6,6,6,6,7,7,6,6,6,6,6,6,6,6,6,6,7,7,6,6,6,6,7,6,6,7,6,6,7,6,6,6,6,6,6,6,6,6,6,7,6,6,6,6,7,7,7,6,6,6,6,7,6,6,6,6,6,6,6,7,6,6,7,7,6,6,6,6,6,6,6,6,6,6,6,6,7,6,6,7,7,6,6,7,7,6,6,6,6,6,7,6,6,6,6,6,7,6,7,6,7,6,6,6,6,6,6,6,6,6,6,6,6,6,7,6,7,6,6,6,7,7,6,6,6,6,6,6,6,7,6,6,6,6,7,6,6,6,6,7,7,7,6,6,6,6,6,7,6,6,6,6,6,6,6,7,6,6,6,6,6,6,6,7,6,6,7,6,6,6,6,6,7,6,6,6,7,6,7,6,6,6,6,7,6,6,6,7,7,6,7,6,6,6,6,6,6,7,6,7,7,6,7,7,7,6,6,6,6,6,7,6,6,6,7,6,6,6,6,7,6,6,7,6,7,6,7,6,7,6,6,6,6,6,6,6,6,6,6,6,6,6,6,6,6,7,6,6,6,6,6,6,7,7,7,6,7,6,7,6,6,7,6,6,6,6,6,6,6,6,6,6,7,6,6,7,6,6,6,6,6,6,6,6,6,6,6,6,6,7,6,6,6,6,6,6,6,6,6,6,6,6,6,6,6,7,6,6,6,6,6,6,6,7,6,6,6,7,6,7,6,6,6,7,7,6,7,7,7,6,6,6,6,6,6,6,6,6,6,7,7,6,6,6,6,6,6,6,6,6,6,6,6,6,6,6,6,6,6,6,6,7,6,6,6,6,7,6,6,6,7,7,6,6,6,6,7,6,6,7,6,7,6,7,7,6,6,6,6,6,6,6,6,7,7,6,6,6,7,6,6,6,7,7,6,6,6,6,6,7,6,6,7,6,7,6,6,6,6,7,6,6,6,6,7,6,6,7,6,6,6,7,6,6,6,6,6,6,6,7,6,6,6,6,6,6,6,6,7,6,6,6,6,6,6,6,6,7,6,6,6,6,6,6,6,6,7,6,6,7,6,6,6,6,7,6,6,6,6,6,6,6,6,6,6,6,6,7,7,6,6,6,6,6,6,6,6,7,6,7,6,6,7,6,6,6,6,7,6,6,7,6,7,6,6,7,6,6,6,7,6,7,6,6,6,6,6,7,6,6,6,6,6,6,6,7,6,7,7,6,7,6,6,6,6,6,7,7,6,6,7,7,6,6,6,6,6,6,7,6,7,6,7,7,6,7,6,6,7,7,6,6,6,7,6,6,6,6,6,6,6,6,6,6,6,6,6,7,6,6,7,6,6,7,6,6,6,6,7,6,7,6,6,6,6,6,6,6,6,6,6,6,7,6,6,6,6,6,7,6,6,6,6,7,7,6,6,6,7,6,7,6,7,7,6,6,6,7,6,6,7,6,7,6,6,6,6,7,7,6,7,7,6,6,6,6,6,6,6,6,6,7,6,6,7,6,6,6,6,7,6,7,6,6,6,7,6,6,6,6,6,7,6,7,6,6,6,6,6,6,6,6,7,6,6,6,6,6,6,6,6,6,7,6,7,6,6,6,6,6,6,7,7,7,6,6,6,6,6,6,6,7,6,7,6,6,6,6,7,6,6,6,6,6,6,6,6,7,6,6,6,7,7,6,6,6,6,6,6,6,6,6,6,6,6,6,6,6,6,6,6,7,6,6,6,6,6,6,7,6,6,7,6,6,6,7,6,6,6,7,6,6,7,7,6,6,6,7,7,7,6,6,6,7,6,6,7,6,6,6,6,6,6,6,6,6,6,6,7,6,6,6,6,6,7,7,6,6,7,7,6,6,6,7,7,6,6,7,6,6,6,7,6,7,6,6,6,6,6,6,6,6,6,6,6,7,6,6,6,6,6,6,6,6,6,7,6,6,6,6,7,6,6,6,7,6,6,6,7,7,6,6,6,6,6,6,7,7,6,6,6,6,6,6,7,7,7,6,6,7,7,6,6,7,7,6,7,6,6,6,6,6,6,6,6,6,6,6,6]"
shape_91d13a1a41387cf06789,"[0,1,0,0,1,1,0,1,0,0,1,0,0,1,0,1,0,0,0,0,0,0,0,0,1,1,0,0,1,0,0,1,0,0,0,1,1,0,0,1,1,0,1,0,0,1,1,0,0,0,0,0,1,0,0,0,0,0,0,1,1,0,0,0,1,1,0,0,1,1,0,1,0,0,0,0,1,0,0,1,1,0,0,0,1,0,0,1,0,0,0,0,0,0,0,1,0,0,0,1,0,1,1,0,0,1,0,0,0,0,0,0,0,0,0,0,0,0,0,0,1,0,0,1,0,0,0,1,0,1,0,0,1,0,0,0,0,1,0,0,0,0,0,0,1,0,1,1,0,1,0,0,0,0,1,0,0,0,0,0,0,0,0,0,1,0,0,0,0,0,1,0,0,0,0,1,0,0,0,0,0,1,0,0,0,1,0,0,0,0,0,0,0,0,0,0,0,0,0,1,0,0,0,0,0,0,0,0,0,1,1,1,0,0,0,0,0,0,0,0,0,0,0,0,0,1,0,1,1,1,0,0,0,0,0,0,0,0,0,0,1,0,0,1,0,0,0,0,0,0,1,0,0,0,0,0,0,0,0,1,0,0,0,0,0,0,0,0,0,1,0,0,0,1,1,0,0,0,0,1,0,0,1,0,0,0,1,1,1,1,0,0,0,0,1,0,0,1,0,0,0,0,0,0,1,0,0,0,0,1,1,0,0,0,0,0,0,0,0,1,0,0,0,0,0,6,0,0,0,1,0,0,0,1,0,0,1,0,0,0,1,0,0,0,0,0,0,0,1,1,1,0,0,0,0,0,0,0,0,1,0,0,1,0,0,0,1,1,0,0,0,0,1,0,0,1,1,1,0,0,1,0,0,0,1,0,0,0,0,0,1,0,0,0,0,1,0,0,1,1,0,0,0,0,0,0,0,0,0,0,0,1,0,0,0,0,0,0,1,0,0,0,0,1,1,0,0,1,0,1,0,0,0,0,1,0,0,0,0,0,0,0,0,1,1,0,0,0,0,0,1,0,0,1,0,0,0,0,0,1,0,0,1,0,1,0,0,0,0,0,1,0,1,0,0,0,1,1,1,0,1,0,1,0,1,1,0,0,0,0,0,0,0,0,0,1,0,0,1,0,0,0,0,0,0,0,0,0,0,0,0,0,1,1,1,0,1,1,0,0,0,0,1,0,1,0,0,1,0,0,0,1,0,0,0,1,0,0,1,0,0,0,1,0,0,0,0,0,0,0,0,0,1,0,0,0,0,0,0,0,0,0,0,0,0,1,0,1,0,1,1,0,0,1,0,0,0,1,0,0,0,0,1,0,0,0,1,0,0,0,0,1,1,0,0,0,0,0,0,0,1,0,0,0,0,0,1,0,0,0,1,0,0,0,0,1,0,0,0,0,0,0,0,0,0,0,0,1,1,0,0,0,0,0,0,1,0,0,1,0,0,0,0,0,1,0,0,0,1,0,1,0,1,0,0,0,1,1,0,0,0,0,0,0,0,1,0,0,0,0,0,1,0,1,1,0,0,0,0,1,0,0,0,0,0,0,0,0,0,0,0,0,0,0,0,1,0,0,0,1,0,1,0,1,0,0,0,0,0,0,0,0,0,0,0,0,0,1,1,0,1,1,0,0,0,0,1,0,0,0,0,1,0,0,1,0,1,0,0,0,0,1,1,0,0,0,0,0,0,0,1,0,0,1,0,0,0,1,0,1,0,1,0,0,0,0,1,0,0,0,0,0,0,0,0,0,1,0,1,0,0,0,0,0,1,0,0,0,1,0,0,0,1,0,1,0,0,0,0,0,0,0,0,0,0,1,0,0,0,0,1,0,1,0,0,0,1,1,0,1,0,0,0,0,0,0,0,0,0,1,1,1,1,0,0,0,0,0,0,0,0,1,0,0,0,0,0,1,0,0,1,0,0,0,0,1,1,0,0,1,0,0,0,0,0,0,1,0,0,0,0,0,0,0,0,1,0,0,0,0,1,1,0,0,0,0,1,1,0,0,0,0,0,0,0,0,0,0,0,1,0,0,1,0,0,0,0,0,0,1,0,1,0,0,0,0,0,0,0,0,1,0,0,0,0,0,0,0,1,0,0,0,0,1,0,0,0,0,0,0,0,0,1,0,1,0,0,0,0,0,0,0,0,0,0,0,1,0,0,1,0,0,0,0,1,1,0,1,1,0,0,0,0,0,1,1,0,0,0,0,0,0,0,1,0,0,1,0,0,0,0,0,1,0,1,0,0,0,0,0,0,0,0,1,0,0,0,0,0,0,0,0,1,0,0,0,0,1,1,0,0,0,0,0]"
shape_430fb0c3f7773c148e8e,"[6,6,6,6,7,7,7,6,6,6,7,6,6,7,6,6,6,6,6,6,6,6,6,6,6,7,6,6,6,7,6,6,6,6,6,6,6,6,6,6,6,5,6,6,7,7,7,6,6,6,6,7,6,6,6,5,6,6,6,6,6,6,7,6,6,6,6,7,7,7,6,7,7,6,6,6,6,6,6,6,7,6,7,6,6,6,6,6,7,7,6,6,6,6,6,7,6,6,6,6,6,6,7,6,7,6,6,6,6,6,6,6,6,6,6,6,6,6,6,6,7,6,6,6,6,6,6,6,6,6,6,6,6,6,7,7,6,6,7,6,6,7,6,6,6,6,6,7,7,6,7,6,6,6,6,6,6,6,6,6,7,5,6,6,6,6,7,7,6,6,6,6,7,6,7,7,6,7,5,7,6,7,7,6,6,6,6,6,6,7,6,7,6,7,6,7,7,6,6,7,6,6,6,7,6,7,7,6,6,6,6,5,6,6,6,6,5,6,6,6,7,6,7,6,5,6,6,6,6,6,7,6,6,6,6,7,7,6,6,6,6,6,5,7,6,6,7,6,6,6,5,6,7,6,6,6,7,7,6,6,6,6,7,6,6,7,7,6,6,7,7,6,6,5,7,6,6,6,6,6,6,6,6,6,6,6,6,6,6,6,6,7,6,6,6,7,6,6,6,7,6,6,6,6,6,6,7,6,6,6,6,7,6,6,6,6,7,6,6,7,7,6,6,6,6,6,6,7,7,7,6,6,6,6,6,6,7,7,6,7,6,6,6,6,6,7,6,6,6,6,6,6,6,7,6,6,7,6,6,6,6,7,7,6,6,6,6,7,6,7,5,7,6,6,6,6,6,6,6,6,6,5,6,6,6,6,7,6,6,6,6,7,7,7,6,7,6,6,5,7,7,6,6,7,7,6,7,6,6,7,6,6,5,6,6,6,6,6,6,7,7,6,6,6,7,6,6,7,7,6,6,6,6,6,6,7,7,6,6,6,6,6,6,6,6,6,7,6,7,6,6,7,7,6,6,6,6,6,7,6,6,6,6,6,6,7,7,7,7,7,6,6,6,6,6,7,7,6,7,7,6,6,6,6,6,6,6,7,6,7,6,6,6,7,7,7,6,7,6,6,6,6,7,6,6,6,7,6,7,7,6,6,6,6,6,6,7,6,6,6,6,6,7,6,6,6,6,6,6,6,6,6,6,6,6,6,6,6,6,6,6,6,6,7,6,6,6,6,6,6,6,6,7,6,6,6,6,6,6,6,6,7,7,6,6,7,6,7,6,6,6,7,7,6,6,6,6,6,6,6,6,7,6,6,7,6,6,6,6,6,6,6,7,6,6,6,7,6,6,6,6,6,6,6,6,6,6,6,6,6,7,6,7,6,6,7,6,6,6,5,6,6,6,6,6,6,6,6,6,7,6,6,6,6,7,7,6,6,6,6,6,6,6,6,6,6,6,6,7,7,6,7,6,7,6,6,6,6,6,5,6,6,7,7,5,6,7,6,6,7,6,6,7,6,6,6,6,6,7,7,6,7,6,6,7,6,6,6,6,7,6,6,6,6,7,6,6,6,7,7,7,7,7,6,7,6,7,6,7,7,6,6,6,6,7,7,7,6,6,7,6,6,6,6,6,6,7,6,6,6,6,6,6,6,6,6,6,7,6,6,6,7,6,7,6,7,6,6,6,6,7,5,6,6,6,6,6,6,6,6,6,6,6,7,6,7,6,5,7,6,7,7,6,7,7,6,6,6,6,7,6,6,6,7,6,7,6,7,6,7,7,6,6,6,5,6,7,6,6,7,6,7,6,6,6,6,6,7,6,6,6,6,6,6,6,6,6,6,6,6,7,6,6,6,6,7,6,6,7,7,7,7,7,7,6,6,6,7,6,6,7,6,6,6,7,6,6,6,6,6,6,6,6,6,6,4,6,6,6,6,6,7,6,6,7,7,6,6,7,6,6,7,6,6,5,6,6,6,6,6,5,6,6,6,6,6,6,6,7,6,6,6,6,7,6,6,7,6,6,6,6,6,7,7,6,7,7,6,6,6,7,6,7,6,6,7,7,6,6,7,6,7,6,6,7,6,5,7,6,6,4,6,6,6,6,6,7,7,6,6,7,6,6,7,6,6,6,6,6,6,7,6,6,6,6,6,6,6,6,7,7,6,6,6,6,6,6,6,6,7,6,6,6,6,7,7,6,6,6,6,7,6,7,6,6,6,6,7,6,6,6,6,6,6,6,6,6,6,6,6,6,6,7,5,6,6,6,6,6,6,7,7,7,7,6,7,6,6,6,6,6,6,7,6]"
shape_3b905ffe924f65567ce2,"[5,4,6,5,6,4,6,6,6,6,6,5,4,4,7,6,6,0,6,5,6,6,5,5,4,6,5,6,6,6,4,6,5,4,0,4,5,6,4,5,6,6,6,4,6,5,6,6,7,6,4,4,6,4,6,5,5,5,4,5,5,6,5,6,4,6,4,4,6,5,5,4,6,5,6,5,6,5,6,5,4,5,5,6,4,6,4,6,4,6,6,4,6,5,5,4,6,6,6,5,4,5,4,6,7,6,6,6,6,6,5,5,4,4,5,4,4,5,4,6,6,6,6,4,6,5,5,6,4,6,6,4,5,6,4,4,4,4,6,4,6,4,0,6,6,5,4,6,6,6,6,4,6,5,6,6,4,6,5,6,6,4,5,4,6,4,6,4,6,5,4,4,6,4,4,6,6,4,4,6,5,4,6,6,6,5,6,4,6,6,5,4,4,6,4,5,6,6,6,4,6,5,4,6,5,6,4,6,6,6,6,6,6,4,6,5,5,6,4,6,6,6,6,6,4,6,4,6,4,5,6,6,5,5,6,4,5,4,6,6,6,5,4,4,6,5,6,6,0,5,4,6,4,5,6,6,6,6,6,6,6,5,6,6,4,6,4,4,4,6,4,6,4,4,4,5,4,5,4,5,6,6,5,4,4,4,4,6,5,6,4,5,6,4,4,5,5,6,6,4,5,5,4,5,4,6,5,6,6,6,6,4,6,5,6,4,6,4,4,6,4,5,6,6,6,6,5,5,6,6,5,6,6,5,5,6,6,6,5,6,4,5,4,4,5,5,5,6,5,5,6,4,4,6,4,4,6,5,6,5,6,6,6,4,4,5,5,6,6,5,4,4,6,4,4,6,4,5,6,6,6,5,5,6,5,6,4,6,6,4,4,4,5,4,4,4,4,4,6,6,4,5,6,6,4,4,5,6,4,6,6,4,6,4,6,5,4,6,6,4,5,6,5,4,6,5,6,5,6,6,4,5,6,4,4,6,4,6,6,6,6,4,4,4,4,6,6,4,6,6,4,4,4,6,6,6,4,6,4,0,5,6,6,4,6,4,4,4,4,5,6,4,6,6,6,4,6,4,6,5,6,4,6,4,4,5,4,6,6,4,6,5,6,6,4,5,6,6,6,6,4,4,4,5,6,4,5,6,4,4,6,5,6,6,6,4,0,4,6,6,6,5,6,4,6,4,6,4,5,6,6,4,5,5,5,4,4,6,6,4,4,5,4,4,5,4,4,4,6,6,4,4,4,4,4,4,0,4,4,6,6,5,4,4,6,4,6,4,6,0,4,4,6,5,4,6,4,6,4,6,4,5,4,6,4,4,6,4,4,6,6,4,6,6,5,0,6,4,4,6,4,6,6,4,5,4,6,4,6,4,5,5,4,4,4,6,5,6,4,6,6,6,6,6,4,4,4,4,6,6,4,0,4,0,4,6,4,5,4,7,5,6,6,5,6,4,4,4,4,6,6,6,6,4,5,5,6,6,4,4,5,6,6,4,7,6,4,4,6,6,6,5,6,4,6,5,6,4,4,6,4,4,4,6,0,0,6,4,5,5,5,4,4,4,6,6,5,5,6,6,5,4,6,4,6,5,4,4,4,6,6,5,6,6,4,6,6,5,6,7,5,6,6,5,6,4,6,6,6,4,4,6,6,6,4,6,5,5,6,4,5,4,5,6,6,6,6,4,6,5,6,6,6,5,6,5,6,5,5,6,4,4,6,6,4,4,6,5,6,6,6,6,6,6,6,4,5,4,4,6,4,6,5,6,5,6,6,6,4,4,4,6,6,4,6,5,6,4,6,6,5,6,6,4,4,4,6,4,4,6,6,6,6,5,6,6,5,5,6,4,5,6,4,4,4,6,6,6,5,6,5,5,6,6,5,4,4,6,6,6,4,5,4,5,6,6,4,6,6,5,5,5,5,6,5,5,6,5,6,6,4,4,4,6,6,5,6,5,4,6,4,4,5,4,6,4,6,6,4,6,4,4,6,4,5,6,6,4,4,6,4,4,6,5,6,4,4,7,6,5,6,4,4,6,6,4,6,5,5,4,4,6,6,4,6,4,4,5,6,4,6,6,6,6,6,6,4,4,6,5,5,6,4,4,4,4,6,6,6,4,5,4,4,6,4,6,4,4,4,6,4,0,4,4,4,7,6,5,6,5,4,5,6,4,4,6,4,6,6,4,6,6,4,6,5,5,4,6,6,5,4,4,6,4,4,5,4,6,5,5,4,4,6,5,4,4,6,5,6,4,6,6,4,6,4,6,4,6,6,4,4,4,6,5,6,4,4,6,6,6,6,4,5,4]"
shape_472a145c08fad400efbb,"[6,5,4,5,4,5,6,6,4,6,5,4,7,5,4,6,5,6,7,4,4,4,7,4,4,4,4,4,4,6,5,6,4,5,4,4,6,6,4,4,5,4,5,5,7,7,6,7,4,4,4,4,7,4,4,5,7,4,5,5,5,5,5,6,5,5,6,7,5,7,4,4,4,5,4,4,5,6,7,4,7,5,5,5,4,5,6,5,7,4,5,5,4,5,4,4,4,5,7,5,4,5,4,5,5,5,4,4,6,6,7,4,5,7,5,4,6,4,4,4,5,7,4,6,5,5,4,4,6,6,5,7,4,6,5,7,5,5,7,5,6,7,4,4,4,4,7,5,5,4,7,5,4,6,7,6,4,4,6,5,4,4,6,5,7,4,7,4,4,4,5,7,6,5,4,4,4,6,4,4,6,7,4,5,6,6,4,6,5,7,4,6,4,5,5,6,4,5,4,4,4,4,6,4,4,6,4,7,5,4,7,5,4,5,6,6,5,7,5,7,5,4,5,4,4,6,4,7,7,4,7,4,5,6,5,4,4,5,5,7,7,5,5,7,5,4,5,4,5,5,6,5,6,4,7,4,4,5,5,5,7,7,6,4,5,5,4,4,5,6,4,6,6,6,5,5,5,4,5,4,6,4,5,5,5,5,5,6,7,5,6,4,5,6,4,4,7,6,5,7,5,5,5,5,4,4,6,6,4,5,7,6,5,5,4,4,4,5,4,4,5,5,5,4,5,4,7,7,4,4,6,4,4,7,4,5,7,7,6,7,6,7,5,5,5,5,6,4,5,5,4,5,7,5,6,6,7,6,4,4,7,6,7,4,4,7,4,5,4,4,4,7,4,6,4,7,7,4,4,4,4,6,4,5,7,5,5,6,5,4,5,4,7,5,4,5,4,5,4,5,4,6,5,5,5,4,4,4,7,4,4,4,4,5,5,4,7,6,5,4,4,4,6,6,6,5,5,6,7,7,5,7,4,6,6,4,7,4,6,5,5,5,6,7,7,0,4,5,4,4,6,4,7,6,4,5,4,7,7,5,5,4,5,7,7,5,5,7,4,5,5,5,4,7,5,5,5,4,4,6,7,4,6,5,7,6,5,4,5,4,4,5,4,4,5,4,4,5,6,7,7,5,4,7,4,5,4,6,6,5,4,5,6,7,5,4,4,6,5,5,5,6,7,5,5,4,6,5,7,6,4,5,4,4,5,4,7,7,4,5,6,5,4,4,7,4,5,4,5,4,4,4,4,5,4,5,6,5,6,7,5,5,5,4,7,4,7,5,7,4,5,4,4,4,6,6,5,4,7,5,5,4,4,5,5,4,6,6,7,4,4,6,4,5,6,7,4,4,4,4,5,4,5,4,7,7,6,4,5,5,4,4,4,4,4,5,4,4,7,6,5,5,4,4,6,4,4,5,5,5,4,5,6,5,4,5,5,5,4,5,6,5,4,7,6,7,4,4,5,6,4,4,6,5,5,4,7,5,5,5,4,5,4,5,4,6,6,7,6,4,6,4,5,6,4,4,7,4,4,5,5,4,7,6,5,5,5,4,4,6,4,6,4,7,4,4,6,5,5,5,4,4,5,5,7,7,7,4,4,6,4,6,5,7,4,5,4,5,4,4,7,6,4,7,5,7,5,6,4,4,4,4,4,5,5,5,4,5,4,6,4,4,7,4,7,6,5,4,4,6,6,7,5,4,4,4,4,4,4,6,6,7,5,5,5,4,5,4,5,4,4,7,5,6,4,5,4,7,5,6,5,4,5,4,4,7,7,4,5,6,6,7,4,7,5,7,6,4,4,4,6,5,4,5,7,6,5,5,5,5,5,4,7,5,4,7,5,7,6,4,7,5,4,6,5,6,4,4,5,6,5,5,4,5,4,7,5,5,6,7,7,5,7,7,5,7,4,6,5,4,5,5,5,6,6,5,5,6,4,4,6,6,4,4,7,4,7,6,4,5,4,4,6,4,5,5,4,5,4,5,5,4,5,5,6,6,4,4,7,5,4,7,7,4,5,7,4,5,7,7,5,4,7,6,4,4,5,5,5,4,4,7,5,4,5,5,5,6,5,4,7,7,4,7,4,5,5,5,5,5,6,4,4,7,7,4,4,5,5,6,7,5,5,7,6,5,4,5,6,6,5,5,4,5,6,7,4,4,5,5,6,5,4,7,5,5,5,4,6,7,4,7,4,6,4,6,4,6,7,5,5,5,6,6,5,4,7,6,5,7,6,4,5,4,5,4,5,5,7,7,6,4,4,4,5,6,7,4,4,6,5,4,7,6,4,5,6,7,7,4,4,4,5,4]"
shape_3e8e6b80a3f99d1bb143,"[5,5,5,5,5,5,5,2,5,5,5,5,4,5,5,4,3,5,4,5,5,4,5,5,6,4,5,5,5,5,5,5,5,5,5,5,5,5,5,7,3,5,7,4,5,5,5,4,5,5,5,6,5,7,5,5,5,5,5,5,5,3,5,5,5,5,5,5,5,5,5,5,5,5,4,5,5,5,6,5,5,5,5,5,5,5,5,5,5,4,5,5,5,5,5,5,5,5,5,5,5,5,6,0,5,5,3,5,5,5,5,5,3,5,5,4,5,5,5,3,4,4,5,5,5,5,4,5,5,7,5,5,5,5,5,5,5,4,0,4,5,5,5,5,5,3,4,5,4,5,5,5,5,6,3,5,4,5,5,5,5,5,7,5,3,5,5,5,5,5,3,5,4,5,0,4,5,5,5,5,5,5,5,5,4,6,4,5,5,5,3,5,5,5,5,5,5,5,5,5,5,5,5,5,5,4,5,5,5,5,5,5,4,5,5,5,5,5,5,5,5,5,6,4,5,4,5,5,5,5,5,4,5,5,7,5,5,5,5,5,5,5,7,5,7,4,5,4,5,4,5,5,5,7,5,5,5,5,5,5,5,4,3,5,5,5,5,5,5,5,5,5,5,5,5,5,5,5,5,5,5,4,5,4,5,4,4,5,5,2,0,5,5,5,5,5,5,4,2,5,5,5,7,5,4,5,5,5,4,5,5,5,7,5,4,4,5,4,7,5,5,0,5,4,5,5,5,4,7,5,4,5,5,5,5,5,0,4,5,3,5,5,5,5,5,0,5,2,5,5,5,5,5,5,3,4,5,7,4,4,5,5,5,5,5,5,5,4,7,5,5,5,3,3,4,7,5,5,5,5,5,4,4,5,3,4,5,7,3,5,5,7,4,5,5,5,5,5,5,5,4,5,4,6,5,5,5,5,5,5,5,5,4,5,5,7,5,7,5,5,5,5,5,5,4,5,5,5,5,5,5,5,5,5,5,5,5,5,7,5,5,5,5,5,4,5,5,5,7,5,5,6,5,5,0,4,5,5,4,5,5,5,5,7,5,5,5,7,5,5,5,5,6,5,5,5,5,5,5,7,6,5,5,5,5,5,5,7,5,5,5,7,4,5,5,2,5,5,5,5,4,5,5,5,7,5,5,5,5,5,5,5,5,5,5,5,4,5,5,4,5,5,3,5,6,5,5,5,7,5,4,5,5,5,3,0,7,5,5,5,5,4,5,5,5,5,3,4,5,4,5,5,3,0,5,5,5,7,5,5,5,5,4,5,5,5,5,5,5,4,5,5,5,4,3,5,5,5,4,4,6,5,5,5,5,5,2,5,4,5,5,5,5,4,5,5,5,5,5,5,7,5,5,4,5,5,5,5,5,5,4,5,7,4,5,5,4,5,5,5,7,5,5,4,5,5,5,5,5,5,5,5,5,5,5,5,5,6,5,5,4,5,5,5,5,5,5,5,5,5,4,5,5,5,5,5,4,5,5,5,4,5,5,5,7,5,5,5,5,5,0,5,7,5,2,5,5,5,5,5,6,4,5,7,5,5,5,7,5,5,5,5,5,5,5,5,4,5,5,4,7,5,5,5,5,5,7,4,0,5,5,5,5,5,5,7,5,5,4,5,5,4,3,5,5,5,5,5,4,4,5,5,5,5,5,7,5,5,7,7,5,5,5,5,5,5,5,7,3,5,4,5,4,5,5,6,3,2,4,7,5,5,5,7,5,5,5,3,5,7,5,5,4,5,4,4,5,5,5,5,5,5,5,5,5,5,3,5,5,5,7,0,4,5,5,5,5,5,5,5,5,5,5,7,5,5,3,5,5,5,5,5,4,5,5,7,5,5,5,5,5,5,5,5,5,5,5,5,4,3,3,5,6,5,4,5,5,4,5,5,5,5,4,7,5,5,5,5,5,4,7,5,5,5,5,5,5,5,5,5,5,0,5,5,7,5,0,5,5,5,5,5,5,5,5,5,3,5,4,4,4,5,7,5,5,5,5,4,3,5,5,5,4,5,5,5,5,5,5,5,5,5,5,3,5,5,5,5,0,5,5,5,3,4,5,5,6,4,5,5,4,4,5,4,5,5,5,5,5,3,5,5,0,5,5,4,5,5,5,5,5,4,6,5,5,4,5,0,5,5,4,5,4,5,5,7,4,5,5,5,5,5,5,0,4,5,7,5,5,5,5,5,5,5,7,5,5,5,3,5,4,5,5,5,5,4,5,7,5,3,5,5,3,5,4,5,5,5,4,7,5,5,5,5,5,4,5,5,5,5,5,5,5,4,5,5,5,5,5,5,5,5,5,5]"
shape_a535c71fca309f6e9ff4,"[1,5,5,5,1,7,5,5,5,7,7,5,7,5,7,7,1,5,5,5,5,7,5,1,7,5,5,5,7,5,5,5,5,7,5,7,5,7,7,7,7,5,5,5,5,5,1,7,7,5,5,5,7,7,1,5,1,5,7,7,1,1,5,7,5,5,7,7,5,5,1,5,7,7,5,5,5,5,5,1,5,5,5,1,5,5,5,5,7,7,5,7,7,5,5,5,5,5,1,5,1,7,5,1,5,1,5,5,5,7,5,5,7,5,7,5,5,7,7,5,5,5,7,5,5,5,7,7,5,7,5,5,5,5,7,5,5,7,1,7,5,5,5,5,5,5,5,5,7,7,7,5,5,5,7,1,5,7,5,5,5,5,7,5,5,5,5,1,5,1,5,7,5,7,7,5,7,7,7,5,7,5,5,7,1,1,5,5,5,5,1,5,5,5,5,7,7,1,7,7,7,5,5,7,5,7,5,5,5,5,1,5,7,5,5,7,5,1,7,5,5,5,5,5,5,1,5,7,1,5,5,7,5,5,5,5,5,1,7,5,5,1,7,5,1,7,5,5,7,5,5,5,5,5,7,5,5,5,7,7,5,7,5,5,7,7,5,1,5,5,5,5,5,5,7,5,5,5,7,5,5,5,5,7,5,5,5,5,5,5,5,7,5,7,5,5,5,5,5,7,5,5,5,5,7,5,5,7,7,1,5,7,5,7,5,7,1,5,1,5,5,7,5,0,5,5,7,5,5,7,5,7,1,5,5,5,5,5,1,5,5,5,5,5,7,1,7,7,1,7,7,7,5,5,5,1,5,5,5,5,1,5,5,5,5,5,5,5,5,5,5,5,1,5,5,5,1,7,1,1,1,5,1,1,5,7,7,7,5,7,1,5,5,5,5,5,1,5,7,5,5,1,5,1,5,7,5,5,7,7,7,5,1,5,5,7,5,5,5,0,1,5,1,7,5,5,5,5,1,5,1,1,7,5,1,7,5,5,7,5,5,5,1,7,5,5,5,5,5,1,7,5,7,5,7,5,5,1,5,1,5,7,5,5,1,5,5,7,5,5,5,5,5,5,7,5,5,5,5,1,5,5,7,5,5,5,7,7,5,7,1,5,5,1,5,5,5,5,5,7,5,5,5,5,5,5,1,5,7,5,5,7,1,5,7,1,5,5,7,7,5,5,5,5,5,1,7,7,7,5,5,7,5,5,7,7,5,5,5,5,5,5,5,5,1,7,7,5,7,7,5,7,5,5,5,1,5,5,7,5,7,5,1,7,5,1,5,7,5,5,5,5,5,7,5,5,7,5,5,5,5,5,7,1,5,5,5,7,5,5,7,5,7,5,5,7,7,5,5,1,1,5,5,5,1,5,5,5,7,1,7,5,1,7,1,5,5,5,7,7,5,5,5,1,5,5,5,5,5,5,5,5,5,5,7,5,5,5,1,5,5,5,5,5,5,5,5,1,5,5,5,5,5,1,5,5,5,5,5,5,5,5,7,5,5,7,5,5,7,5,5,5,7,7,5,5,7,5,7,5,5,5,5,7,7,7,5,5,5,5,7,7,5,5,5,5,1,5,7,5,7,7,5,5,1,5,1,7,5,5,5,5,1,7,5,7,1,5,5,1,5,5,5,5,7,1,5,5,7,7,5,5,7,1,5,7,5,5,5,1,1,7,5,5,7,5,5,5,7,5,5,5,7,5,7,1,5,7,5,7,5,5,7,5,5,5,5,7,5,5,5,5,1,5,5,5,5,5,7,5,5,5,5,5,7,5,5,5,1,5,5,1,5,5,5,7,5,7,5,5,5,1,5,5,1,7,5,7,5,7,5,5,0,5,5,5,5,5,5,5,7,5,5,5,5,1,7,7,5,5,1,5,5,7,5,1,5,5,1,5,5,5,5,7,7,1,5,5,5,7,7,1,5,5,5,5,5,5,5,5,7,5,0,5,5,5,7,5,5,5,5,5,5,5,1,5,1,7,5,5,7,5,5,5,7,5,7,5,1,5,5,5,5,5,5,1,7,5,5,7,5,7,7,7,5,7,7,1,7,5,7,7,5,7,7,5,5,1,5,1,5,7,7,5,5,5,5,7,7,7,7,5,7,5,7,5,5,5,5,5,7,5,7,7,5,5,5,7,7,1,5,7,5,5,5,7,5,5,1,5,5,5,5,5,5,5,5,5,5,1,5,5,7,7,5,5,5,5,5,5,1,7,0,5,5,7,0,5,5,5,5,5,1,5,5,7,5,5,7,5,7,7,1,7,5,5,5,1,5,5,5,5,7,5,7,0,5,5,5,5,5,1,7,7]"
shape_f2d2b020cb63c357c5c2,"[7,6,7,7,6,6,6,6,6,6,6,6,6,6,6,6,6,7,7,6,6,6,6,6,6,6,6,6,6,6,7,6,7,7,6,6,6,7,6,6,6,6,6,6,6,6,6,6,6,6,6,7,7,7,7,6,6,6,6,6,6,7,6,7,6,6,6,6,6,6,7,7,6,6,6,6,6,6,7,7,6,7,6,6,6,6,6,7,6,7,7,7,6,6,6,6,6,6,6,7,6,6,7,6,6,6,6,6,6,6,6,6,6,6,6,6,7,6,6,6,6,6,6,7,6,6,6,7,6,6,6,6,6,6,6,6,6,6,7,6,6,7,6,7,6,6,6,7,6,6,7,6,6,7,6,6,6,6,7,6,7,6,7,7,6,6,6,6,7,7,6,7,6,6,6,6,7,6,6,6,6,6,6,6,7,6,6,7,6,6,6,6,6,6,6,6,7,6,7,6,6,6,6,6,6,7,6,7,7,6,6,7,6,6,7,6,6,6,6,6,6,6,6,6,6,6,6,6,6,7,6,7,7,6,7,7,6,6,7,6,7,6,7,7,6,6,6,6,7,6,7,6,7,7,7,6,6,6,6,7,6,6,6,6,6,6,6,6,6,6,7,7,7,6,6,6,6,6,6,6,6,6,6,6,6,6,6,6,7,7,7,7,6,6,6,7,6,6,6,6,6,6,6,6,6,6,7,7,6,7,6,7,7,7,6,6,6,6,6,7,6,7,6,6,7,6,6,7,6,6,6,7,6,6,6,6,6,6,6,6,7,7,6,6,6,6,6,6,6,6,6,6,7,6,7,6,7,6,6,6,6,6,6,6,6,6,6,7,6,6,6,6,6,6,6,7,6,7,6,6,6,6,6,7,6,6,6,6,6,6,6,6,7,6,6,6,6,6,6,6,6,7,6,6,6,6,7,6,7,6,6,7,6,6,6,6,6,6,6,6,6,6,7,6,6,7,6,7,6,7,7,6,6,6,7,6,6,6,7,6,6,7,6,6,7,7,7,6,6,7,6,7,6,6,6,6,6,7,6,7,6,6,6,6,7,6,6,7,6,6,6,6,6,6,6,6,7,6,6,6,6,6,6,7,6,6,6,6,6,7,6,6,6,7,6,6,6,6,6,7,6,7,6,6,7,6,6,6,6,6,6,6,7,7,6,6,6,6,7,6,7,6,6,6,6,7,7,6,6,6,6,6,7,6,7,6,6,7,6,6,6,6,7,7,6,7,6,6,6,6,6,7,7,6,6,7,6,6,6,6,6,6,6,6,6,7,6,6,6,6,6,6,6,6,7,6,7,7,6,6,7,6,6,6,6,6,7,6,6,6,6,6,6,6,6,6,6,6,6,6,7,6,6,6,6,6,7,6,6,6,6,6,6,6,6,7,6,6,6,7,6,6,6,6,7,6,6,6,6,7,7,6,7,6,7,6,6,6,7,6,7,6,7,6,7,7,7,6,7,7,6,6,6,6,6,6,7,6,6,6,6,6,6,6,6,6,7,6,6,6,7,7,6,6,6,6,6,6,6,6,6,7,6,6,6,7,6,6,6,7,6,7,6,6,6,6,7,6,6,6,6,7,6,6,6,6,7,6,6,6,6,6,6,6,6,6,6,6,7,6,6,6,6,7,7,6,6,6,6,7,6,6,6,7,6,6,6,7,6,6,7,7,7,6,6,6,6,6,6,6,7,6,6,6,6,6,6,6,7,6,6,6,7,6,6,7,7,7,6,6,7,7,6,7,6,6,6,6,6,6,7,6,7,6,7,6,6,6,6,7,6,6,6,6,6,7,6,7,6,6,6,6,7,6,7,7,6,6,7,6,6,6,6,6,6,6,7,7,6,6,6,6,7,6,6,7,6,6,6,6,6,6,6,6,6,6,7,6,7,7,6,6,7,6,6,6,6,6,6,6,7,6,6,6,6,7,7,6,7,6,7,6,6,6,7,6,6,6,6,6,6,7,6,7,7,7,6,6,6,7,6,7,7,7,7,6,6,6,6,6,6,6,7,7,6,6,6,6,6,6,6,6,6,6,6,6,6,6,6,6,6,6,7,7,6,6,6,6,6,6,6,6,6,7,6,6,6,7,6,6,6,6,6,6,6,6,7,6,7,6,6,6,6,6,7,6,6,6,6,6,6,6,6,6,6,6,6,6,6,7,7,6,6,6,6,7,6,6,6,6,6,6,6,6,6,6,6,6,6,6,7,6,6,6,7,6,6,6,6,6,6,7,6,6,7,6,6,7,6,6,6,7,6,6,7,6,7,6,6,7,6,7,6,7,6,6,6,6,6,6,6,6,6,6]"
shape_d579b226c298627be5e2,"[6,7,5,6,5,6,6,5,6,6,5,6,5,6,5,6,5,6,6,6,6,6,6,6,6,7,5,5,4,6,6,6,5,6,4,5,6,6,6,5,6,5,6,6,5,6,6,6,6,6,6,5,6,5,5,4,6,6,6,6,5,5,5,5,6,5,6,5,5,5,7,4,6,6,5,6,6,6,5,6,4,6,4,6,6,5,5,6,5,6,6,6,6,7,5,6,6,5,5,5,6,6,6,4,5,5,5,6,7,4,5,6,4,6,5,5,6,6,6,6,6,4,6,6,4,5,6,5,4,6,4,4,5,4,4,6,5,6,6,5,7,5,6,6,6,7,6,5,5,6,6,5,6,5,5,6,7,5,4,6,6,5,6,6,6,6,6,4,6,6,6,4,6,6,6,5,5,6,4,6,5,6,5,5,1,6,6,6,5,6,6,5,7,6,6,6,4,5,5,6,5,4,5,5,6,5,6,6,6,5,6,7,6,4,5,6,6,6,6,6,6,6,5,6,5,6,6,6,5,6,6,6,6,5,6,5,5,6,4,6,6,6,6,6,6,5,7,6,6,6,6,6,6,4,5,4,6,6,6,5,6,6,6,5,6,4,5,6,6,6,5,5,5,6,5,5,6,5,6,4,5,6,2,6,6,6,7,6,4,6,7,7,6,6,6,4,6,6,6,5,5,5,6,5,6,4,5,6,6,5,6,6,6,6,5,5,6,4,4,5,5,5,4,7,6,5,6,6,6,5,6,6,5,6,5,5,6,7,5,5,4,5,5,7,5,6,4,6,5,5,6,4,4,4,6,6,5,5,5,4,5,6,6,6,6,5,6,6,5,6,4,5,7,4,5,7,5,5,6,5,5,6,4,6,4,5,7,6,5,5,6,4,4,5,5,5,4,6,5,4,5,5,5,6,5,5,4,4,4,5,5,5,6,4,6,5,6,6,6,4,5,6,6,6,6,5,5,5,5,7,6,6,5,6,4,6,6,5,6,6,6,5,5,5,5,5,6,5,5,5,5,5,4,6,6,5,4,6,6,5,4,5,6,5,6,7,6,6,6,5,6,5,6,5,5,5,5,6,7,4,5,6,6,4,6,6,5,6,5,6,6,6,4,5,6,4,5,5,6,6,6,5,5,5,5,4,6,6,4,6,6,5,7,5,5,5,6,4,5,6,6,6,5,5,5,4,5,6,6,6,6,5,5,5,5,5,7,6,5,6,6,6,5,6,4,6,6,6,4,5,6,6,4,5,6,6,4,6,6,6,6,6,5,6,5,5,6,4,6,6,6,5,6,6,4,5,5,5,6,6,7,6,5,6,4,4,5,6,6,5,6,7,6,5,6,5,6,6,6,6,5,4,5,4,6,6,5,5,6,7,6,6,5,6,6,6,5,6,6,4,6,5,5,6,5,4,4,4,4,4,6,6,6,4,4,6,5,6,6,5,5,5,6,6,6,5,6,6,6,4,5,6,6,5,6,4,7,4,5,5,6,5,6,6,5,6,6,6,7,7,6,6,4,5,5,7,6,5,6,5,6,6,5,6,5,5,6,4,6,4,6,6,7,6,5,5,5,6,5,5,5,7,5,6,5,6,6,5,5,6,5,6,6,5,6,6,6,6,6,5,5,5,5,6,6,6,5,6,6,6,5,6,5,6,5,4,5,5,6,5,5,5,6,6,6,7,5,5,6,6,5,4,5,4,6,6,4,6,5,6,6,5,6,7,5,4,6,4,6,6,6,6,7,6,6,6,6,6,5,5,5,5,4,4,5,6,6,6,6,6,6,6,5,5,5,7,5,5,6,4,6,5,4,6,6,6,4,5,6,5,5,5,6,6,6,6,7,4,5,6,6,6,6,6,5,6,6,6,5,4,6,6,5,6,5,5,4,6,6,6,6,6,6,6,5,7,6,6,6,5,6,6,5,6,5,6,5,7,6,4,6,7,6,6,6,6,6,5,5,4,5,6,4,6,6,5,6,5,5,6,5,6,6,4,6,5,4,5,5,5,5,5,6,6,4,6,5,6,6,5,6,5,4,6,6,5,4,5,4,6,6,6,5,6,5,6,6,6,6,6,5,5,6,5,6,4,6,6,5,6,5,6,4,4,5,5,6,6,7,6,6,5,5,6,5,6,5,6,6,5,4,6,6,6,6,6,5,5,6,4,5,5,5,6,5,4,6,5,4,6,4,6,5,4,5,5,6,6,5,6,6,5,5,6,6,5,5,6,6,6,6,5,5,5,5,6,5,4,4,5,6,2,6,5,6,6,5,5,4,6,6,5,5,5,6,4,6,6,5,6,6,5,5,6]"
shape_fe6f7f96a835f88638ad,"[4,6,5,4,5,4,5,5,4,4,5,5,6,4,6,4,7,4,6,5,4,4,4,6,5,4,0,4,5,4,4,6,5,5,4,0,6,4,5,4,5,5,5,0,6,4,5,6,0,4,0,6,6,6,6,5,5,5,6,5,5,5,6,5,4,4,4,4,5,4,6,4,5,5,5,0,5,4,4,4,6,4,4,4,4,5,6,4,4,4,4,5,6,5,4,4,4,5,4,5,5,6,4,5,0,5,4,6,4,0,4,4,5,5,4,4,6,5,4,6,5,5,4,5,4,5,7,6,5,0,5,4,4,5,5,7,5,4,5,5,4,6,5,5,0,4,4,4,4,4,4,5,4,0,4,4,7,4,4,4,5,4,6,5,6,4,4,5,5,4,5,5,4,4,4,5,4,5,0,4,0,5,5,7,5,4,5,4,5,5,5,4,4,4,4,5,4,4,5,4,4,5,0,6,4,6,4,4,5,5,5,5,0,4,5,5,6,6,7,6,4,4,6,0,4,4,4,5,4,7,5,5,4,4,6,4,4,7,4,5,5,5,4,0,6,5,5,4,5,6,4,4,5,6,5,4,7,5,4,0,4,5,6,4,4,5,4,4,4,4,4,4,4,6,4,4,4,4,4,6,0,4,5,5,5,6,5,5,6,4,5,5,0,5,5,4,4,4,4,5,4,7,4,7,5,4,5,4,4,4,4,4,5,5,4,4,5,4,5,4,0,4,4,5,4,5,4,7,5,7,4,4,4,6,4,4,4,5,4,4,5,6,4,5,5,5,4,4,4,4,5,5,6,5,7,0,4,4,5,5,4,4,4,4,4,5,4,5,4,4,5,4,4,4,6,4,4,4,0,7,4,4,5,5,6,4,4,7,6,4,4,5,5,0,5,5,5,7,4,5,5,4,5,5,5,0,4,5,6,5,5,4,4,4,5,4,6,4,5,5,7,4,4,4,4,6,4,5,4,4,4,5,4,4,0,5,5,5,4,5,5,6,6,4,0,6,5,6,4,4,5,6,4,7,5,4,5,5,5,4,4,6,7,4,4,4,4,5,5,6,5,4,6,7,4,4,4,4,5,5,4,4,5,4,7,4,4,4,4,6,6,6,5,4,4,6,6,5,4,5,6,4,5,6,4,4,4,5,5,3,4,5,5,4,5,4,5,4,4,6,0,5,4,5,5,4,0,4,4,6,7,0,4,4,5,5,6,5,4,0,4,4,4,4,7,5,4,0,6,4,5,4,5,4,5,6,5,4,4,6,5,5,0,4,4,4,4,0,6,4,4,4,4,5,4,0,4,4,4,5,4,5,6,0,4,4,5,6,5,4,4,5,4,4,5,4,5,6,5,5,6,0,4,4,4,4,7,5,5,5,4,4,7,4,4,5,5,6,0,5,6,6,6,5,4,6,0,4,6,5,4,4,4,6,6,5,5,5,5,4,5,4,5,5,4,5,4,5,4,4,4,0,6,4,4,4,6,6,5,4,4,4,4,5,4,6,6,5,6,4,4,5,4,4,5,4,4,4,6,4,4,5,5,4,4,4,4,5,0,4,6,5,0,4,4,4,5,5,4,4,5,5,5,4,0,5,5,0,6,0,4,5,4,6,7,4,5,5,6,7,4,6,4,4,4,4,4,6,4,4,4,4,5,4,5,4,5,5,6,7,5,5,5,5,4,4,4,5,4,7,5,4,7,5,5,5,5,7,4,4,4,4,4,5,0,6,5,4,4,4,5,5,5,4,4,4,5,4,5,6,4,4,6,4,4,4,4,4,7,4,5,5,5,4,5,5,5,4,4,7,5,4,4,4,5,6,4,6,4,5,4,4,4,4,0,0,4,5,5,5,0,5,5,5,4,4,4,4,4,5,1,4,4,4,5,4,4,4,4,5,7,6,5,5,4,4,4,0,4,4,6,6,4,5,4,0,4,7,4,5,4,5,4,5,6,4,4,5,0,4,5,5,0,6,6,4,3,5,5,5,7,5,7,4,4,5,6,5,4,4,4,4,4,4,4,5,4,4,4,5,6,6,4,4,5,4,4,4,0,4,4,4,4,4,4,0,5,5,4,5,5,5,4,6,5,4,4,5,4,4,5,4,4,4,5,4,0,6,4,4,4,4,5,7,4,4,5,5,5,5,6,5,5,5,4,0,4,4,4,5,5,0,4,5,4,6,5,0,4,4,6,5,7,4,4,4,5,6,4,4,6,5,4,4,5,4,0,5,4,4,5,6,6,5,0,5,7,0,6,5,0,5,6,4,5,5,4,7,4,5,4,5,5,6,4,4,0,5,5,4,4,6,5,5]"
shape_4c990b5dbe886a1e9721,"[6,5,4,5,7,4,6,4,6,4,7,6,5,4,4,5,4,5,6,5,5,5,5,6,5,6,1,4,6,6,6,5,5,5,5,5,5,4,5,5,5,6,4,4,4,4,4,6,5,6,5,4,5,4,6,6,6,4,6,4,5,5,5,4,6,5,4,5,6,6,5,5,6,5,4,4,6,5,5,4,4,4,4,6,5,5,5,4,5,5,4,6,4,6,6,4,6,2,4,5,6,7,4,5,4,6,5,4,6,5,5,5,5,7,5,6,5,4,5,2,7,5,6,5,5,6,4,5,5,6,4,6,4,4,4,5,4,4,5,4,4,4,5,6,6,5,4,6,5,6,5,7,5,6,4,4,5,7,5,4,5,5,4,5,5,5,6,4,5,6,4,4,5,4,5,5,6,6,7,4,5,2,6,6,6,6,6,4,5,4,5,5,6,6,6,5,2,5,4,6,5,5,6,5,6,5,7,6,5,5,6,4,5,6,4,4,4,4,5,5,6,7,4,5,6,4,4,5,5,6,6,6,5,4,4,4,5,4,5,6,6,5,6,5,5,5,2,6,2,5,7,6,5,4,4,4,4,4,4,6,6,6,4,5,6,4,5,6,6,6,4,4,5,5,6,4,4,5,5,6,7,4,7,6,4,5,6,5,4,6,5,6,4,5,4,6,5,5,4,4,6,4,6,6,4,4,5,5,6,4,5,6,5,5,5,6,6,7,5,4,6,5,6,5,6,6,6,6,4,4,6,5,5,5,5,5,6,4,5,4,5,5,6,5,4,6,4,4,4,7,6,5,6,5,4,5,5,5,5,6,6,5,5,6,6,4,4,4,6,4,5,6,7,5,5,5,4,5,4,5,5,4,4,4,5,6,4,6,6,6,5,5,6,6,6,5,4,5,4,4,6,4,5,4,5,4,4,5,5,5,5,5,5,4,5,5,6,5,5,6,5,5,4,6,5,4,5,6,6,6,4,6,4,6,6,5,5,6,6,5,5,5,5,4,4,5,6,5,6,5,6,4,4,4,6,2,5,5,5,5,5,5,4,4,6,4,5,5,5,6,4,4,5,4,4,5,4,4,6,6,5,5,6,5,4,5,6,6,6,5,7,6,5,6,5,4,4,5,5,2,5,4,4,5,5,5,4,4,4,4,6,6,4,4,6,4,5,4,5,6,7,7,6,6,5,5,5,6,5,5,4,7,5,5,5,6,6,5,5,5,4,5,4,5,5,5,4,5,4,5,4,4,7,4,6,4,4,4,4,1,4,6,5,4,4,4,6,6,4,2,5,4,4,4,4,5,5,5,5,5,4,6,7,5,5,2,6,5,6,4,4,5,6,5,4,5,6,6,6,5,4,6,4,4,5,5,5,4,4,4,4,6,5,5,6,6,4,5,4,4,4,5,6,5,6,5,5,5,6,7,6,4,6,5,5,5,4,5,5,6,5,4,5,5,5,4,4,7,5,5,5,6,4,5,6,4,5,6,5,6,5,4,4,6,5,4,6,5,4,5,6,4,6,6,5,4,5,6,6,5,4,5,6,4,6,5,4,6,2,6,4,6,5,4,5,5,4,5,5,4,5,7,6,4,4,5,6,4,6,6,4,5,6,5,5,6,4,2,5,4,6,4,6,7,5,5,4,4,5,4,7,6,4,6,4,7,6,5,5,6,4,5,5,4,6,6,4,5,6,6,4,5,6,6,4,4,5,4,5,5,5,4,6,5,5,4,4,5,5,7,2,4,4,6,6,7,4,6,7,6,4,5,5,6,6,4,5,2,7,4,4,4,6,6,4,4,4,5,2,6,5,4,7,4,5,5,5,4,4,6,6,6,6,6,4,5,5,6,6,6,5,5,5,6,4,6,4,7,4,6,7,6,4,5,4,4,6,4,5,6,6,4,4,4,4,5,6,5,6,6,6,7,6,5,4,6,6,5,6,6,6,5,6,4,4,4,6,6,4,7,7,4,4,4,6,5,6,6,6,2,4,6,5,5,6,7,6,5,4,5,5,6,5,4,6,4,5,6,4,5,5,6,7,6,6,5,5,6,6,5,6,7,5,5,6,5,4,5,5,5,4,6,4,4,5,4,4,6,7,5,4,6,7,5,6,6,5,5,5,6,6,7,5,4,5,5,6,6,5,5,6,5,5,5,5,7,5,4,6,6,6,4,4,5,5,4,4,5,5,4,6,6,7,5,5,4,6,7,5,5,5,4,5,5,7,4,7,7,5,5,4,4,6,5,5,4,5,5,6,5,4,6,6,4,4,5,4,4,6,5,6,5,2,4,6,5,6,5,5,5,6,4,7,6]"
shape_71be83156de46b657628,"[6,6,7,6,6,6,6,6,7,7,6,7,6,7,6,6,6,7,6,6,6,6,6,6,7,6,6,6,6,6,6,7,6,6,7,7,6,6,6,7,6,6,6,6,6,6,6,6,6,7,6,6,6,7,7,6,7,7,6,6,6,6,7,7,6,6,6,6,6,6,7,6,6,6,6,6,7,6,7,6,6,6,7,6,6,6,6,6,7,7,6,6,6,6,7,6,6,6,6,6,7,6,6,6,7,6,6,6,6,6,6,6,6,6,6,6,6,6,6,6,7,7,6,7,7,7,6,6,6,6,7,6,6,7,6,7,7,7,6,7,6,6,6,6,7,6,6,7,6,6,6,6,6,6,6,6,7,6,6,7,7,6,6,7,6,6,6,6,6,6,6,6,6,7,6,6,6,6,7,6,7,6,6,6,7,6,6,6,6,6,7,6,6,6,7,7,6,7,7,6,6,6,6,6,6,7,6,6,7,6,6,7,6,6,6,6,6,6,6,6,7,7,6,7,7,6,6,6,7,6,7,6,7,7,6,6,6,6,6,6,6,6,7,6,6,6,7,6,6,6,6,6,6,6,6,7,6,6,7,6,6,6,6,6,7,6,7,6,6,7,6,6,6,7,7,6,6,6,7,7,7,6,7,6,6,6,6,6,6,7,6,6,6,6,6,7,6,7,7,6,6,6,6,6,6,7,6,6,7,6,6,6,6,6,6,6,6,6,7,6,6,7,6,6,6,6,6,7,6,6,6,6,6,7,6,6,6,6,6,6,6,7,7,6,6,6,7,6,6,7,6,6,7,6,6,7,6,7,6,6,7,6,6,6,7,7,6,7,7,6,6,6,6,6,7,6,7,6,6,6,6,6,6,6,7,7,6,6,7,7,7,6,7,6,7,7,6,6,7,6,6,6,7,7,6,7,6,7,7,6,7,6,6,6,6,6,7,7,6,6,6,6,6,6,6,6,6,6,6,6,6,6,6,6,6,6,7,6,7,7,6,6,6,6,6,6,7,6,6,6,6,7,6,6,6,7,6,6,6,6,7,6,6,6,7,6,7,6,6,6,6,6,6,6,6,6,6,6,6,6,6,6,7,7,7,7,6,7,6,6,5,6,7,6,6,6,6,6,6,6,6,6,7,6,6,6,6,7,7,6,7,6,6,6,7,6,6,7,6,6,6,6,6,6,7,6,6,6,6,6,7,7,7,6,6,6,7,6,6,6,6,6,6,6,6,6,6,6,6,7,6,6,6,6,7,7,6,7,6,6,6,7,6,6,7,6,6,6,6,6,7,6,6,6,6,7,6,7,6,6,6,6,6,6,6,6,6,6,7,6,6,6,6,6,6,7,6,6,7,6,6,7,6,6,7,7,6,6,6,6,6,6,6,7,6,6,6,6,7,6,7,6,7,7,6,6,7,6,6,7,6,7,6,7,6,6,6,7,6,6,6,6,6,6,6,7,6,6,7,6,6,6,6,6,7,6,6,7,6,6,7,6,6,6,6,6,6,6,6,6,6,6,7,6,6,6,7,6,7,6,6,7,6,6,7,6,6,6,6,7,6,7,6,7,6,6,6,6,6,6,6,6,6,6,6,6,6,6,6,6,6,6,7,6,6,6,6,6,7,6,7,7,7,6,6,6,7,6,6,7,6,6,7,6,6,6,6,6,6,6,7,6,7,6,6,7,7,6,6,6,7,6,7,6,7,6,7,6,6,6,6,7,6,6,6,7,6,6,6,6,6,6,7,6,6,7,7,6,6,6,6,6,7,6,7,6,6,6,6,6,6,6,6,6,6,6,6,7,6,6,6,6,6,6,7,7,6,6,5,6,6,6,6,6,6,7,6,6,6,6,6,7,6,7,7,6,6,7,6,7,6,6,6,6,6,7,7,6,6,6,7,6,6,6,6,6,6,6,6,7,6,6,7,6,6,7,7,6,7,6,6,6,6,6,6,6,6,7,7,6,7,6,6,6,6,6,7,7,6,7,6,7,6,6,7,7,6,7,6,6,6,6,6,6,6,7,6,6,7,6,6,6,7,6,6,7,6,6,6,6,7,6,6,7,7,6,7,6,6,6,6,6,7,6,7,6,6,6,6,6,6,6,6,6,6,6,6,6,6,6,6,6,6,6,6,6,6,6,7,6,7,6,6,6,6,6,6,7,6,6,6,7,6,6,6,6,6,6,7,7,7,6,6,6,6,6,6,7,6,7,6,6,6,6,7,6,7,6,6,6,6,6,7,6,7,6,7,7,6,6,7,6,7,7,6,6,6,6,6,6,7,6,7,6,6,6,7,6,6,6,7,6,6,6]"
shape_f25dc3884c404bed43a4,"[6,6,6,6,6,6,6,7,6,7,6,7,6,6,7,6,6,6,6,6,6,7,6,7,6,6,6,6,7,6,6,6,6,7,6,6,6,6,6,7,6,6,6,6,6,6,6,6,6,6,6,6,6,6,6,7,6,6,6,6,6,6,6,6,7,6,7,6,7,6,6,7,6,6,6,6,6,7,6,6,6,6,6,6,6,6,6,6,6,6,7,6,6,6,7,7,6,6,6,6,6,6,6,6,6,6,6,6,6,7,6,7,6,7,6,6,6,6,6,6,7,6,6,6,6,6,7,6,6,6,6,7,6,6,6,6,7,6,6,6,6,6,6,6,6,6,6,7,6,6,6,6,6,6,6,6,6,6,6,6,6,7,6,6,6,6,6,6,6,6,6,6,7,6,7,7,6,6,6,6,6,6,6,6,6,6,6,6,6,6,6,6,7,6,6,7,7,6,7,6,6,6,6,6,6,7,6,7,6,6,7,6,6,7,6,7,7,6,6,6,6,6,6,6,6,7,7,6,7,6,6,6,6,6,6,7,7,6,7,6,7,6,6,6,6,6,6,6,6,6,7,7,7,7,7,7,6,6,7,6,6,6,7,6,6,7,7,6,6,6,7,7,6,7,6,6,6,6,6,6,6,6,6,6,6,6,6,6,6,7,6,6,7,6,7,7,6,6,6,6,6,7,6,6,6,6,7,7,7,6,6,6,6,6,6,6,7,6,6,6,6,6,6,6,6,6,6,7,6,6,6,6,6,6,6,7,6,6,6,6,6,7,7,6,6,6,7,6,6,6,6,6,6,6,6,6,6,6,6,7,7,6,7,7,6,6,6,6,7,7,6,6,7,6,6,6,6,6,7,6,6,6,6,6,6,7,6,6,6,7,6,7,6,6,7,6,6,7,7,6,7,6,7,6,6,6,6,7,7,6,6,6,6,7,7,6,6,6,6,6,6,6,6,6,6,6,6,6,6,6,7,6,7,6,6,7,6,6,6,6,6,6,7,6,6,6,6,6,6,6,6,6,6,6,6,6,6,7,6,6,6,6,6,6,6,7,6,7,6,6,6,6,6,6,6,6,6,6,6,6,6,6,6,6,7,7,6,6,6,6,6,6,6,6,6,6,6,6,6,6,7,6,6,6,7,6,6,7,7,6,6,7,6,6,6,6,6,7,6,6,6,6,7,6,6,6,6,6,6,6,6,6,6,6,6,7,6,6,7,6,7,6,6,6,7,6,6,7,6,7,7,6,7,6,7,7,6,6,6,6,7,6,6,6,6,6,6,6,6,6,6,6,6,6,7,6,6,6,6,6,6,6,6,6,7,6,6,6,6,6,7,6,6,6,6,6,6,7,6,7,7,6,6,7,7,6,7,6,6,7,6,6,6,7,6,6,6,6,6,7,6,6,6,6,6,7,6,6,6,6,7,6,7,6,6,7,6,6,6,6,6,6,6,6,6,7,6,6,6,7,6,6,6,6,7,6,7,7,6,7,7,7,6,6,6,6,7,6,6,6,6,7,6,6,7,6,7,6,6,6,6,6,7,6,6,6,7,7,6,6,6,6,7,6,6,6,7,6,6,6,6,6,6,6,6,7,6,7,7,6,6,6,6,6,6,6,6,6,6,7,6,7,6,6,6,6,6,6,6,6,6,6,6,7,6,6,6,7,7,6,6,6,6,6,6,7,7,6,6,6,7,6,6,6,6,6,6,6,6,6,6,6,6,7,6,7,6,6,7,6,6,7,6,6,6,7,6,6,6,7,6,6,6,6,7,6,6,6,6,6,7,6,7,6,6,6,6,6,6,7,6,6,6,6,7,6,6,6,6,6,6,6,6,6,6,7,7,7,6,6,6,6,6,6,7,6,7,6,7,6,6,6,7,6,6,6,6,6,6,6,6,6,7,7,6,6,6,6,6,6,6,6,6,6,7,6,6,6,6,6,6,6,6,6,6,6,6,6,6,6,7,6,6,6,7,6,6,6,6,7,6,6,6,6,6,6,6,6,6,6,6,6,6,7,6,6,6,6,6,6,6,6,6,6,6,6,6,6,6,6,6,6,6,6,6,6,6,6,6,6,7,6,7,6,7,6,7,6,7,6,6,6,7,6,7,6,6,6,6,6,7,6,6,6,6,6,6,7,6,6,6,6,6,7,6,6,6,6,6,6,7,7,6,6,6,6,6,6,6,6,6,6,7,6,6,6,6,6,6,6,6,6,6,6,6,6,6,7,6,6,6,6,6,6,6,7,6,7,7,7,6,6,6,6,6,6,6,6,6,6,6,6,6,7,6,6,6,6,6,6,6,7,6,6]"
shape_53ff28080527d200a8bb,"[0,5,5,5,0,5,5,5,7,5,5,5,6,5,5,5,5,5,5,5,5,5,5,0,5,5,5,5,7,5,5,0,6,5,5,5,5,0,5,5,5,0,5,5,5,0,5,0,5,0,5,5,5,5,5,5,5,5,5,5,5,5,4,0,5,0,5,5,5,5,5,5,5,5,5,5,0,5,5,5,0,5,5,5,5,5,0,5,7,0,5,5,0,5,4,5,5,5,0,0,5,5,5,0,5,6,5,0,5,5,5,0,5,5,5,5,0,5,5,5,7,5,5,5,5,5,5,5,5,5,5,5,5,5,5,0,0,5,5,5,5,5,5,5,6,5,0,5,0,5,5,5,0,5,5,5,5,5,5,5,5,5,5,5,5,5,0,4,5,7,5,5,5,0,5,5,5,5,5,5,5,5,5,5,5,5,5,5,5,5,5,5,5,5,5,6,5,5,7,5,5,5,5,5,5,5,7,5,5,5,5,5,5,5,5,5,5,5,5,5,5,5,5,5,5,5,6,5,5,0,5,5,5,5,7,0,5,0,5,6,5,5,5,6,5,5,5,5,5,5,5,5,5,7,7,0,5,7,5,5,5,5,0,5,5,5,5,5,5,5,0,5,5,5,5,5,5,5,5,5,5,5,5,5,5,5,5,0,0,0,0,5,5,6,0,5,5,6,5,5,0,5,0,5,5,5,5,0,5,5,5,5,5,0,0,5,5,5,5,5,6,5,6,0,5,5,5,5,0,5,5,5,5,6,0,5,5,5,5,0,5,0,5,5,5,5,5,5,0,5,5,5,5,0,0,5,5,5,5,5,5,0,5,5,5,0,5,5,5,5,5,5,5,5,5,5,5,0,5,5,5,7,5,6,5,5,5,5,5,0,4,6,6,5,5,7,5,5,5,5,5,5,5,5,5,5,5,5,5,5,7,5,5,5,0,5,5,5,5,5,5,5,5,5,0,5,5,5,7,5,5,5,0,5,5,7,4,5,5,5,7,5,5,5,5,0,5,5,0,5,7,5,5,0,0,5,0,5,5,5,5,7,5,5,5,6,5,5,5,5,0,5,5,5,0,5,5,5,5,0,5,5,5,7,0,0,6,5,5,0,5,6,0,5,5,5,5,5,5,5,5,5,5,5,5,5,5,5,4,5,6,5,5,5,5,5,5,0,5,5,5,5,5,5,6,5,0,5,5,5,5,0,5,5,5,0,0,0,5,5,5,5,6,0,5,5,7,5,5,7,5,5,0,5,5,5,5,5,5,5,5,5,4,5,5,5,0,5,5,5,0,5,4,6,5,5,7,5,5,5,5,5,5,5,5,5,0,5,5,5,5,0,0,5,5,5,5,5,5,5,0,5,0,5,5,5,5,0,5,5,5,5,5,0,0,5,5,5,5,5,5,6,5,5,0,5,5,7,6,5,5,5,6,5,5,5,6,5,5,5,5,5,5,5,5,5,6,5,0,4,5,5,5,5,5,5,5,6,5,5,5,5,0,5,5,5,5,5,5,5,5,5,5,5,5,5,5,5,0,5,5,5,5,5,5,0,5,5,5,5,5,5,5,5,5,4,5,5,7,6,5,5,0,5,6,5,5,5,5,5,5,5,0,5,5,5,0,5,5,5,5,5,5,5,5,7,5,7,5,5,5,5,5,5,5,0,5,4,5,5,5,7,5,5,5,5,5,5,5,5,5,5,0,5,5,5,5,4,0,7,5,5,5,5,0,6,5,5,5,5,0,5,6,5,5,5,5,5,0,5,5,5,5,5,0,5,6,5,0,5,5,0,5,5,5,0,5,5,5,5,0,0,5,5,0,6,5,5,5,5,5,5,5,0,0,5,0,5,5,5,5,5,7,4,5,5,5,5,5,5,7,5,5,5,6,7,5,7,5,7,6,5,7,5,0,5,0,5,5,5,5,5,5,5,5,5,5,5,5,5,5,5,5,5,7,5,5,5,5,6,5,5,5,5,6,5,5,5,5,0,0,5,7,5,5,0,5,5,5,5,0,5,5,5,5,5,0,0,0,5,5,5,7,5,5,5,5,5,5,5,5,5,5,5,7,5,5,7,5,5,0,5,5,5,0,0,5,5,5,5,5,5,5,5,7,0,5,0,0,5,0,5,5,5,5,5,0,5,5,5,5,6,5,0,5,5,5,5,5,5,5,5,5,5,5,5,5,5,5,5,5,4,5,0,5,5,5,5,6,5,5,5,0,0,5,5,5,5,5,5,5,5,5,5,5,5,7,4,5,5,5,5,5,4,5,5,5,5,5,5,5,5,5,0,5,5,5,5,5,5,5,5,5,0]"
shape_f8340b090f4811d219bc,"[4,6,7,7,6,6,6,6,7,7,6,6,5,6,7,4,6,6,7,4,4,4,7,4,3,6,4,6,7,6,6,6,6,6,5,6,6,6,7,6,6,6,6,6,6,6,7,6,6,4,6,6,7,4,6,7,4,6,6,7,6,6,6,6,4,6,4,6,6,7,6,7,6,6,6,5,6,7,4,4,6,6,7,6,4,6,6,4,4,6,5,6,4,4,6,5,6,6,4,7,6,6,7,6,6,5,4,6,6,6,7,7,6,6,4,6,7,5,6,6,4,6,7,6,6,7,7,4,6,6,7,7,6,6,6,6,6,6,6,6,6,7,6,6,7,4,6,6,6,6,7,7,4,6,6,6,4,6,4,6,6,4,6,6,7,6,6,6,7,4,5,6,7,6,6,6,6,6,4,7,7,6,6,4,6,7,6,6,7,7,4,6,7,6,6,6,6,7,6,6,6,6,4,4,6,6,7,6,6,6,6,6,7,6,7,4,6,6,4,6,4,6,4,7,4,6,5,6,6,6,6,6,6,6,4,7,6,4,6,4,4,4,7,6,4,6,6,7,6,7,6,6,4,7,6,6,4,6,7,6,7,4,4,4,6,4,6,6,4,6,7,6,6,6,4,7,6,6,6,6,6,6,6,6,6,6,6,6,5,6,6,7,6,6,7,4,6,6,6,6,6,6,6,6,7,6,6,7,4,5,5,4,6,4,5,6,6,6,6,4,6,6,4,6,6,7,7,4,6,6,6,6,6,4,6,6,7,6,6,6,7,4,4,6,6,6,6,6,4,7,6,6,6,4,6,5,7,4,6,6,6,4,7,6,6,6,6,7,7,6,6,4,6,6,7,7,4,4,6,7,6,6,7,6,6,6,6,4,4,6,7,4,6,6,4,6,6,6,4,6,4,4,4,6,4,6,6,5,6,4,7,6,6,6,4,7,7,4,6,6,7,5,7,6,6,6,6,7,4,4,5,6,6,6,6,6,6,4,6,6,7,6,4,4,4,6,4,4,7,6,6,7,6,6,6,6,7,4,4,6,6,6,7,4,7,6,6,4,6,6,7,6,4,6,6,6,4,7,6,6,6,6,6,7,4,7,6,7,6,4,6,6,4,7,7,4,6,7,6,4,6,6,6,5,7,6,4,7,6,6,7,7,4,7,7,6,4,7,6,6,6,4,4,6,7,6,4,4,4,6,6,6,7,6,6,6,4,7,6,4,6,6,6,6,6,4,6,6,4,7,6,6,6,4,4,4,6,6,4,6,6,6,7,6,4,6,6,7,6,6,6,4,6,7,6,6,6,6,7,6,6,7,6,6,6,6,6,4,7,6,6,4,6,7,7,6,6,7,7,6,6,6,6,4,6,7,6,6,6,4,7,6,7,6,6,4,4,7,4,7,5,6,4,7,7,4,7,5,7,7,6,6,6,6,4,6,6,4,7,7,4,6,6,6,7,7,7,7,6,6,6,6,4,6,7,4,4,7,5,4,7,4,6,7,7,4,6,6,7,6,6,7,6,7,6,6,6,4,6,5,4,7,7,6,6,4,7,6,6,6,6,7,6,6,6,6,6,7,5,6,6,4,6,6,6,4,4,4,6,4,6,6,6,6,4,4,6,6,6,7,7,7,5,6,4,6,6,6,7,6,7,6,6,4,6,6,6,7,6,6,6,6,6,6,6,7,4,7,6,6,4,4,6,7,6,6,6,6,4,5,6,7,6,6,6,6,7,6,6,6,4,6,4,4,6,6,7,6,6,5,7,6,4,6,4,4,6,5,6,6,7,6,6,6,6,4,6,6,4,6,4,7,6,4,7,7,4,7,7,4,4,6,7,6,4,7,5,4,7,6,6,4,6,6,7,6,7,6,6,6,4,7,6,6,7,4,6,7,4,4,7,6,7,6,7,6,6,6,4,7,6,6,7,4,3,6,6,6,6,7,6,7,6,6,6,6,4,6,6,6,6,7,6,6,6,7,6,6,4,6,4,6,4,6,6,6,6,6,4,4,4,6,6,4,6,5,4,7,4,6,6,4,5,6,4,6,6,5,6,6,4,6,6,6,4,5,4,7,7,6,6,7,6,6,6,5,4,6,6,4,7,7,6,6,6,7,6,6,7,4,4,6,6,7,6,7,6,6,7,6,7,6,7,7,6,6,7,7,6,5,6,6,6,4,6,7,6,6,6,6,5,6,6,6,6,6,4,6,6,4,7,6,7,6,6,6,6,6,4,6,7,4,6,6,6,6,6,6,6,6,4,7,6,6,6,4,6,6,7,6,6,7,4,7,7,4,6,6,4,6,4,6,6,6]"
shape_875847cac428b87fcd8b,"[6,6,7,6,7,7,6,7,6,7,6,7,6,6,6,7,6,7,6,7,6,7,7,7,6,7,6,6,6,6,6,7,6,6,6,7,6,6,4,6,6,6,7,6,7,6,6,6,6,4,6,6,7,7,6,7,6,6,7,6,5,6,6,6,7,6,6,7,7,6,7,6,6,6,6,7,6,6,7,6,6,6,7,4,6,6,6,7,6,7,4,6,6,7,6,4,4,6,4,6,6,6,6,6,6,7,6,6,6,4,6,6,4,6,4,7,6,6,6,6,4,6,6,6,4,4,6,6,7,6,4,6,6,6,4,4,6,6,6,7,6,6,7,4,4,6,7,4,7,6,4,7,6,6,6,7,7,6,7,6,6,6,5,6,4,7,4,6,6,6,7,6,6,4,4,6,6,7,7,6,4,6,7,7,4,7,6,4,7,5,6,6,7,6,6,6,7,5,6,6,6,6,6,6,6,6,5,7,6,6,7,6,6,6,6,7,6,7,6,7,4,4,7,6,6,6,6,7,6,6,6,6,4,4,7,6,6,7,7,6,4,6,6,7,7,6,6,6,7,6,6,7,7,5,7,6,4,7,7,6,6,6,7,4,7,6,7,6,4,6,4,5,6,4,7,6,6,7,6,6,6,6,6,6,4,6,7,6,6,7,7,6,6,6,6,4,6,6,6,6,6,7,6,6,5,6,7,6,6,6,7,6,6,4,6,6,6,7,4,5,7,5,6,6,6,6,7,6,5,7,6,6,7,7,4,7,5,6,6,6,7,6,7,6,7,6,4,6,6,6,6,6,6,7,4,7,7,6,4,6,6,7,6,6,7,7,6,4,7,6,6,6,6,6,6,6,7,6,7,6,6,7,7,7,7,5,7,7,6,6,6,6,6,6,6,6,6,7,7,6,4,7,6,7,6,6,6,7,6,6,6,6,7,6,6,6,7,6,4,6,4,7,5,6,7,6,4,7,5,6,7,7,6,6,6,6,6,7,6,4,6,6,5,7,6,6,5,6,6,7,6,6,6,6,7,5,6,6,7,7,5,6,6,7,6,6,6,4,6,6,4,7,6,7,7,6,7,7,6,7,6,6,4,5,4,7,4,4,4,6,6,6,6,6,6,6,6,7,6,7,7,7,7,7,7,7,6,4,6,7,7,6,6,7,7,6,6,6,5,6,7,6,6,4,4,7,6,7,6,4,7,7,4,6,7,6,7,7,6,4,6,6,6,6,6,4,4,6,6,7,6,6,7,7,6,5,6,7,6,7,6,6,6,7,4,6,7,6,6,5,7,4,6,7,7,6,6,6,7,7,7,6,6,6,7,4,7,6,4,4,7,7,7,6,5,6,4,6,6,6,6,7,7,6,6,6,7,6,7,7,6,6,7,5,6,6,7,6,6,6,6,6,6,6,7,6,4,6,6,7,4,6,4,5,6,7,6,7,4,6,6,7,7,4,7,7,6,6,6,6,6,6,6,4,6,6,6,6,7,7,6,6,7,6,6,6,7,6,6,7,6,7,7,4,4,7,7,7,6,6,7,6,4,4,7,7,7,7,6,6,6,6,7,6,7,6,7,6,5,6,6,6,7,6,7,4,6,6,7,7,6,7,7,7,7,6,6,6,6,6,6,7,6,7,6,7,6,6,6,6,6,6,6,6,5,7,6,6,7,6,6,7,6,6,6,7,7,5,6,6,6,7,6,6,6,7,6,6,6,6,7,7,7,6,5,6,6,4,7,5,6,6,6,4,7,6,6,6,7,6,5,6,4,6,7,6,7,6,5,6,7,6,4,7,6,7,6,7,6,6,4,7,6,6,6,6,5,6,4,7,6,4,7,6,4,7,7,6,7,6,5,6,4,6,6,6,6,4,6,6,4,6,6,6,7,6,6,5,6,6,6,6,6,7,7,6,6,6,4,6,6,4,6,4,6,7,4,6,4,4,6,6,6,6,7,6,6,6,6,6,6,6,6,6,6,7,4,6,7,6,5,7,7,6,6,6,6,6,6,6,5,6,6,7,6,7,6,6,7,6,6,7,7,7,6,6,7,6,6,6,4,7,6,6,6,6,7,7,7,6,7,6,6,6,6,6,6,6,7,6,6,7,6,7,6,6,4,5,7,6,7,6,7,6,7,4,7,6,6,7,6,6,6,6,6,6,6,6,6,7,6,7,5,5,6,4,7,6,6,6,4,6,7,4,6,7,6,6,6,6,4,6,6,7,6,7,7,6,4,6,6,6,4,6,5,7,4,6,7,6,6,7,7,6,6,6,4,6,6,5,6,6,4,6,6,4,4,4,6,6,7,7,4,6]"
shape_a067eeda977ec845738b,"[1,7,0,7,7,1,0,7,7,1,7,7,7,7,7,7,7,7,1,1,7,7,7,1,7,7,1,1,1,7,7,7,7,7,1,1,7,7,7,7,1,1,7,1,7,1,7,7,7,7,1,7,1,7,7,1,7,7,7,7,1,7,1,1,7,7,7,7,7,7,7,7,1,7,7,7,1,1,7,1,7,0,7,7,7,1,7,0,7,7,0,1,7,7,7,7,7,7,7,7,1,7,7,7,7,1,7,1,1,7,1,1,7,7,7,7,7,7,7,7,7,7,1,1,1,1,7,7,7,7,7,1,7,7,1,7,7,7,7,1,1,7,0,7,7,7,7,7,7,1,1,7,7,7,1,1,7,1,7,1,7,1,1,7,1,7,1,7,7,1,0,7,7,1,1,7,7,7,7,1,7,7,7,7,1,7,7,0,0,7,7,7,1,7,0,0,1,1,7,7,7,1,7,7,7,7,7,7,1,1,7,7,7,1,1,1,7,7,1,7,7,1,1,7,1,1,1,0,7,7,7,0,7,7,7,7,7,1,7,1,1,1,7,7,7,1,7,7,7,7,7,7,1,7,7,1,1,7,7,1,1,7,7,1,7,7,7,7,1,7,7,1,7,7,1,0,7,7,1,0,1,7,7,1,7,7,1,5,7,1,7,1,1,7,7,7,7,7,0,1,1,1,7,1,7,7,7,1,1,7,7,1,7,7,7,1,7,7,1,7,1,7,7,1,7,7,7,0,7,7,7,1,7,1,7,1,1,7,7,7,7,7,1,7,1,7,7,1,7,1,1,1,1,7,7,7,7,7,1,0,7,7,7,1,7,1,7,7,1,1,7,7,7,1,1,7,7,7,1,1,7,1,7,7,7,0,1,7,7,7,7,7,7,7,7,7,7,7,1,7,0,1,1,7,7,7,7,7,1,7,7,7,7,7,7,1,1,1,7,7,7,1,7,7,7,1,7,7,7,7,7,1,7,1,7,0,0,7,7,7,7,0,0,7,7,7,7,1,7,1,0,7,1,1,1,7,1,7,7,7,7,1,7,1,1,7,1,1,1,7,7,0,7,1,7,7,1,7,7,7,7,7,7,7,0,7,7,7,1,1,7,1,7,7,1,7,7,7,7,7,7,7,1,7,1,7,5,7,7,1,1,1,7,1,1,7,7,7,7,7,7,7,7,7,7,7,0,7,7,7,7,1,1,0,7,7,7,7,1,7,1,7,7,7,7,1,7,7,7,1,7,7,7,7,1,1,7,7,0,1,7,1,7,7,7,7,7,7,7,7,1,5,7,7,1,1,1,7,0,7,1,1,7,7,1,7,7,7,7,0,1,7,7,7,7,7,1,1,7,7,7,7,7,7,1,7,7,1,7,7,7,7,7,7,0,0,1,1,7,7,0,0,1,7,7,7,7,7,1,7,7,7,7,1,7,7,7,7,1,7,7,7,1,7,7,1,0,7,7,7,7,7,1,1,7,7,7,0,1,7,7,7,7,7,7,7,1,7,0,1,7,7,0,0,7,1,7,7,7,1,1,7,7,7,1,7,7,7,1,7,7,7,7,7,7,0,7,7,1,1,7,7,1,7,7,7,7,7,7,0,1,7,7,7,1,7,1,7,0,1,1,7,1,7,7,7,7,7,7,7,7,1,7,7,1,1,7,7,1,1,7,7,0,7,7,7,7,7,0,7,5,7,1,1,7,1,7,7,7,7,7,7,7,7,7,0,7,7,1,0,7,7,1,1,7,7,7,7,1,7,0,7,1,7,7,7,7,7,7,1,1,7,7,7,7,1,1,7,7,7,7,0,7,1,7,1,7,1,7,1,1,1,0,7,1,7,7,7,1,7,7,7,7,7,1,1,1,5,7,1,1,5,1,1,7,7,7,7,1,7,0,1,0,7,0,7,7,7,7,7,7,7,1,1,7,7,1,1,7,7,0,1,7,7,7,7,0,7,7,0,7,1,1,7,7,7,1,7,7,0,7,7,7,7,1,7,7,7,7,7,7,1,7,1,1,7,1,7,1,1,7,7,1,1,7,7,7,7,1,7,1,7,7,7,7,1,0,7,1,7,1,7,7,0,7,7,7,1,7,1,7,0,7,7,0,7,7,7,7,1,7,1,1,0,1,7,7,7,7,7,7,7,7,1,1,1,7,7,7,7,1,7,7,7,1,7,7,7,7,1,7,7,7,0,7,1,1,7,7,1,7,7,1,1,7,1,1,7,7,7,7,1,5,7,1,7,7,7,7,0,7,1,7,1,7,7,7,1,7,7,7,7,0,7,7,7,7,7,7,7,7,7,0,1]"
shape_2fb17aef08ca38163abc,"[6,6,5,5,6,7,6,5,5,5,6,6,6,6,6,5,4,4,6,2,5,4,5,5,5,4,5,4,4,4,5,6,6,5,4,6,6,6,4,4,5,4,5,4,6,6,4,6,4,4,6,6,4,2,5,5,6,6,6,4,4,4,6,4,6,6,6,6,6,6,6,7,4,5,6,6,6,4,5,6,2,4,6,6,5,6,6,6,5,6,2,6,5,4,5,5,6,6,6,5,5,4,4,2,4,6,5,6,6,6,4,4,4,5,4,5,5,7,6,6,6,2,5,5,6,5,4,4,6,4,6,4,6,6,2,4,5,4,4,4,5,5,4,5,4,5,7,6,6,5,5,6,6,5,5,5,4,5,2,4,6,2,6,4,4,5,5,6,4,5,5,6,6,5,6,4,6,5,6,4,6,5,4,5,6,7,5,6,6,6,5,6,6,6,6,5,4,4,6,5,6,4,6,4,5,4,5,6,6,6,6,6,6,6,4,4,5,4,6,4,6,6,5,5,6,4,7,4,6,7,4,5,5,4,5,6,4,5,4,4,6,5,5,6,4,6,5,4,4,4,6,5,5,5,5,5,6,5,4,6,6,6,6,2,6,4,4,6,6,6,4,4,4,6,6,4,6,4,4,5,6,5,5,6,4,5,6,5,4,5,5,4,5,5,4,4,6,6,5,6,4,5,6,4,5,5,5,4,5,6,5,4,6,6,4,6,5,6,6,6,6,4,6,5,5,6,4,5,4,6,4,4,4,6,5,4,6,4,6,5,6,5,5,6,4,4,4,4,5,5,5,4,7,5,5,4,6,6,5,5,4,6,6,5,6,5,6,6,6,5,6,4,5,4,5,5,4,5,5,4,4,4,5,6,5,4,6,5,5,6,6,6,4,5,6,5,5,6,5,6,6,4,4,5,6,6,6,5,6,5,6,4,5,6,6,6,4,5,6,5,4,4,6,5,6,4,4,4,4,4,5,5,4,6,6,5,5,6,4,6,6,4,5,6,2,5,4,4,6,6,6,6,5,5,2,4,4,5,6,2,5,6,5,4,6,5,6,6,6,5,6,5,6,4,5,6,6,6,6,5,5,5,6,4,4,4,2,5,5,6,6,4,4,5,6,6,2,6,7,6,5,6,4,5,5,6,4,4,6,6,6,5,6,6,5,4,5,4,2,6,5,6,5,6,4,5,6,6,5,6,6,6,5,6,5,4,4,6,5,4,6,4,6,4,6,6,4,6,5,4,4,5,5,5,6,5,5,5,6,4,6,5,6,6,4,5,4,6,6,5,4,4,6,6,6,6,6,5,5,4,5,6,4,5,4,6,0,6,6,6,4,5,6,6,6,4,5,4,5,4,6,4,6,2,6,4,4,4,5,5,4,6,6,4,6,6,4,6,6,4,5,5,6,0,6,6,4,4,4,4,4,5,4,4,4,4,5,4,5,6,6,6,4,4,5,2,5,2,6,5,6,4,6,4,6,5,4,5,6,6,6,4,4,4,6,6,6,5,4,6,6,6,5,5,2,2,6,6,4,5,5,6,5,6,2,5,4,2,5,6,5,4,6,5,6,5,6,5,4,7,6,4,6,6,5,5,6,4,4,5,5,4,4,5,5,6,5,6,5,5,4,4,6,5,6,6,4,6,4,4,5,6,4,6,4,6,4,5,4,4,4,5,2,6,2,5,5,4,5,6,4,6,4,7,6,5,6,4,6,6,4,5,6,4,4,4,6,6,4,6,5,6,2,6,4,4,7,5,5,5,6,6,4,4,6,4,5,4,6,4,6,5,6,6,4,5,6,5,6,4,5,5,4,6,4,2,6,5,6,6,4,6,7,6,4,6,6,5,6,5,6,6,5,6,6,5,6,5,6,4,5,6,6,5,5,6,5,6,2,6,5,6,5,6,5,5,4,4,5,5,2,5,4,5,5,6,2,6,6,6,5,5,5,6,6,6,4,4,6,5,6,4,4,4,5,4,6,6,5,4,6,4,6,5,6,6,6,4,6,5,6,4,6,5,5,6,5,4,6,5,5,5,4,5,5,6,6,6,6,4,6,5,5,4,5,6,6,4,5,5,4,2,4,6,6,4,6,4,6,6,6,6,4,4,5,6,5,4,6,5,5,5,5,4,6,5,6,5,5,6,6,6,6,6,4,6,4,6,6,6,4,4,5,6,7,4,5,5,6,6,4,5,5,6,5,5,5,5,4,5,4,5,4,5,4,6,6,5,5,4,6,4,4,5,5,4,5,6,5,6,7,4,6,4,5,6,5,5,5,4,4,5,6,4,4,6,5,4,5,5,5,6,4,5]"
shape_3bfab5c50f18da6be02a,"[6,6,6,7,7,6,7,6,6,6,7,6,6,6,6,6,6,6,6,7,7,6,6,6,6,6,6,7,6,6,6,7,6,6,6,7,6,7,7,7,6,6,7,6,6,6,7,6,7,6,6,7,6,7,7,6,6,6,6,7,6,7,7,6,6,6,6,6,6,6,6,7,6,7,6,6,7,7,6,6,6,6,6,6,6,6,7,6,6,7,7,6,6,7,6,6,6,6,6,6,7,7,6,7,6,6,6,7,7,7,7,6,6,7,6,7,6,6,6,6,6,7,7,6,7,6,6,6,6,7,7,7,6,6,6,7,6,6,6,6,6,7,6,6,6,6,6,7,7,6,7,7,6,6,6,6,6,7,6,6,6,6,6,6,6,6,6,7,7,6,7,7,7,7,6,7,6,7,7,6,6,7,6,7,6,6,7,6,6,6,6,6,6,6,6,6,6,6,7,6,7,6,7,7,6,6,6,6,6,6,6,7,6,6,6,6,6,6,7,6,6,6,6,7,6,7,7,6,6,7,6,6,7,6,6,7,7,7,6,6,6,6,6,6,6,6,7,6,6,6,6,6,7,6,6,7,6,7,7,6,6,6,7,7,6,7,7,6,6,6,6,7,7,7,6,7,6,7,6,6,6,7,6,6,7,6,6,7,7,7,7,6,7,7,6,7,7,7,6,6,7,7,6,6,7,6,7,6,6,6,6,6,7,6,6,7,6,6,6,7,6,6,7,6,7,6,6,6,6,7,7,6,6,7,7,7,7,6,7,7,6,7,6,6,7,6,6,6,7,6,6,6,7,7,7,7,6,6,6,6,7,7,6,7,6,6,7,6,7,6,7,6,6,6,6,6,6,7,6,6,6,6,7,6,6,7,6,7,6,6,6,7,6,6,7,6,6,7,6,7,6,6,6,7,6,7,7,6,6,6,6,6,6,7,6,6,6,6,6,7,6,7,6,6,6,6,6,6,6,6,6,7,6,7,7,6,6,6,7,6,6,7,6,6,6,7,6,6,7,7,6,6,6,6,6,6,7,6,6,6,6,6,6,6,6,7,6,6,7,6,6,6,6,7,6,6,6,6,7,6,6,6,6,6,6,6,7,7,7,6,6,6,7,7,6,6,7,6,7,7,6,6,7,6,7,6,6,6,6,7,7,7,6,6,6,7,6,6,6,6,6,6,6,6,6,6,6,6,6,6,6,6,6,6,6,6,7,6,6,6,6,6,6,7,6,6,6,7,6,6,7,7,6,6,7,6,6,7,6,6,6,6,6,7,7,7,6,6,6,7,7,7,6,6,6,6,6,6,7,6,6,6,6,6,6,6,6,7,6,6,6,6,6,6,7,6,6,7,6,7,7,6,6,6,6,6,7,7,7,6,6,7,6,6,6,7,6,7,6,7,6,7,6,7,7,6,6,6,7,6,6,6,6,6,6,7,6,6,6,6,6,6,6,6,6,7,6,6,6,6,6,6,6,6,6,6,6,6,6,6,6,6,7,6,7,6,7,7,6,6,6,6,6,6,6,7,6,7,6,7,6,6,6,6,6,6,6,6,6,6,6,7,6,6,6,6,6,7,6,7,6,7,6,6,7,6,6,6,6,6,6,6,7,7,6,6,6,6,6,6,6,6,6,6,6,7,6,7,7,6,7,6,6,6,7,7,6,6,7,7,7,6,7,6,7,7,7,6,7,7,7,7,6,6,6,6,6,6,7,7,6,7,6,6,6,6,6,6,6,6,7,7,7,6,6,6,6,6,6,6,6,6,6,6,6,7,7,7,6,7,6,6,7,6,7,6,6,6,6,7,6,6,7,6,7,7,6,6,7,6,6,6,6,6,7,6,6,6,7,7,6,6,6,7,6,6,6,7,7,7,6,6,6,6,7,6,7,6,6,6,7,6,6,7,6,7,6,6,6,6,6,6,6,7,6,7,6,6,6,6,6,6,7,6,6,6,6,7,6,7,6,7,6,6,7,6,6,6,6,7,6,6,6,6,6,6,6,6,6,7,6,6,7,6,6,6,7,6,6,6,6,6,6,6,6,6,6,7,7,7,7,6,6,6,6,6,6,7,7,7,6,7,6,6,7,6,7,6,7,6,6,7,6,6,6,6,6,7,6,6,6,6,6,6,7,7,7,7,6,7,6,6,7,6,6,6,7,6,6,7,6,7,7,6,6,6,7,6,7,6,6,6,7,6,6,6,6,6,6,6,6,6,7,6,6,6,6,7,6,6,7,7,6,7,7,6,6,7,6,7,7,7,7,7,6,7,7,7,6,6,6,6,6,7,7,7,6,7,6,6,7,6,7,6]"
shape_14288c2e361f143ffdd7,"[6,5,5,5,6,4,5,6,5,6,5,6,4,6,5,5,5,5,5,6,6,5,5,5,5,5,6,4,5,5,6,5,6,6,6,5,5,5,5,6,6,6,6,6,5,5,5,5,5,5,6,6,5,5,6,6,6,5,6,5,6,5,6,6,5,6,6,5,5,6,5,6,5,5,5,5,6,6,6,5,6,6,5,5,4,6,5,6,5,7,6,5,6,5,5,6,5,5,5,6,6,5,6,5,4,5,6,5,7,6,5,6,6,4,6,6,5,5,5,5,6,5,5,5,5,6,5,5,6,6,5,4,6,4,6,6,6,5,5,7,5,5,6,6,5,5,6,5,5,7,6,5,5,6,6,5,6,4,6,5,6,5,6,5,5,5,6,6,6,6,6,6,5,6,5,5,5,6,6,4,6,6,5,6,6,5,5,5,4,6,5,6,5,5,5,5,5,6,5,5,5,6,6,5,6,5,4,6,4,5,5,6,5,6,5,7,6,5,6,6,5,6,7,5,6,5,5,6,6,6,6,5,4,5,6,6,6,5,6,5,5,5,6,5,6,6,6,6,5,6,5,5,5,6,6,4,5,5,5,4,5,4,5,6,6,5,5,6,5,6,5,5,6,6,6,5,5,4,6,6,5,6,5,5,5,6,5,5,5,5,6,6,5,4,4,5,4,6,5,6,6,6,6,5,5,5,7,5,6,5,6,6,5,5,6,5,5,5,5,5,7,5,6,6,5,5,6,6,5,6,6,5,6,5,6,6,5,7,4,6,6,5,5,5,6,6,5,6,5,6,6,6,6,6,5,6,4,5,6,6,6,5,5,6,4,6,6,6,5,4,5,5,5,5,5,5,7,6,5,5,5,6,6,6,5,5,6,6,6,6,6,4,4,5,6,5,5,6,5,6,5,4,5,5,6,6,5,6,6,6,7,6,5,5,7,5,6,5,7,6,6,5,6,5,6,6,6,6,5,6,5,5,5,5,6,5,6,5,5,5,4,5,6,5,6,5,5,5,5,6,5,5,5,5,4,6,6,6,6,5,5,6,4,6,6,5,5,5,5,5,7,5,6,5,5,5,5,6,4,6,5,5,5,5,6,6,5,4,6,5,5,6,5,5,5,5,5,5,5,6,6,5,6,6,6,5,6,6,5,5,6,6,6,6,4,5,6,6,5,4,6,5,5,5,6,6,5,6,4,7,5,5,6,5,6,5,4,6,5,7,5,6,5,5,5,5,7,4,5,5,6,5,6,6,6,6,6,4,6,5,6,5,6,5,6,5,4,5,5,5,6,6,4,6,5,6,5,6,5,5,5,6,5,6,6,5,5,5,6,6,5,6,6,5,6,5,4,5,6,6,4,5,4,6,5,5,6,6,6,6,5,6,4,6,5,5,4,5,4,6,5,6,6,5,6,5,6,5,5,7,6,6,6,6,5,6,6,6,5,5,6,5,5,6,6,6,6,5,4,6,4,6,6,6,6,5,5,6,6,5,5,6,6,5,5,6,6,5,6,4,5,5,6,6,6,5,6,6,6,5,4,5,5,5,5,4,6,5,5,5,6,5,5,6,7,6,5,6,6,5,5,4,5,5,5,5,5,6,6,6,5,5,7,7,5,5,6,6,6,5,6,5,6,5,5,6,5,6,7,6,5,5,5,6,6,6,6,5,6,5,6,6,6,5,5,6,7,6,6,6,6,6,6,4,4,6,5,6,6,5,6,5,7,6,4,5,5,6,5,6,5,5,6,5,6,6,7,5,5,5,6,4,5,6,4,5,6,4,6,6,5,6,6,4,5,7,6,6,6,5,5,5,6,6,5,5,5,4,6,6,5,5,4,6,6,6,5,5,5,6,6,5,6,5,6,6,5,4,5,5,5,5,6,5,5,7,5,5,5,6,5,4,4,6,5,6,5,5,5,4,5,6,5,6,5,6,5,5,6,5,4,6,6,6,6,5,6,5,5,6,4,6,5,6,4,6,5,5,5,6,6,4,7,4,6,4,6,6,6,6,5,5,5,6,5,6,5,6,4,6,4,6,5,4,6,5,5,6,5,5,6,6,6,5,5,5,6,6,5,5,5,6,6,6,6,6,5,5,5,4,6,6,6,6,5,5,5,6,7,5,6,6,4,6,5,6,6,6,5,5,7,5,5,4,7,5,6,5,6,4,4,5,6,5,5,5,6,5,6,4,5,5,6,6,5,6,5,7,6,5,6,6,6,6,6,5,5,6,4,6,6,6,6,5,4,5,5,5,5,4,5,4,4,5,4,6,5,5,6,5,6,5,4,4,5,5,6,4,5,5,6,5,6,6]"
shape_2b430842d340a35f3183,"[0,0,0,0,0,0,0,1,0,0,1,0,0,1,0,0,0,1,0,0,0,0,0,0,7,1,0,0,0,1,0,0,0,1,0,0,0,1,0,0,1,0,0,0,0,0,0,0,0,0,0,0,0,0,0,0,0,1,0,0,0,0,0,0,0,0,0,0,0,0,0,0,0,0,0,0,0,0,0,0,0,1,0,0,0,0,0,0,0,0,0,0,0,0,0,0,1,0,0,1,0,0,1,0,0,0,0,0,0,0,1,0,0,0,0,0,0,1,0,0,0,0,5,1,0,0,0,7,0,0,1,0,0,0,0,0,0,1,0,0,0,0,1,0,0,0,0,0,0,0,0,0,0,0,0,0,0,0,0,0,0,0,1,0,1,0,0,0,0,0,1,0,0,0,0,0,1,0,0,0,1,0,0,0,0,1,0,0,0,0,0,0,0,0,1,0,0,0,1,0,0,1,1,0,0,0,0,0,0,0,1,1,7,0,0,0,0,0,1,0,0,1,0,0,0,0,0,0,0,0,0,0,0,0,0,0,0,0,0,0,0,0,1,0,1,1,0,0,0,0,0,0,0,0,0,1,1,0,0,0,0,0,0,0,0,0,0,0,0,0,0,0,0,0,0,0,0,0,0,1,0,0,0,0,0,0,0,0,1,0,0,0,0,0,0,1,0,0,0,0,0,0,0,0,0,1,0,1,0,0,0,0,0,1,1,0,0,0,0,1,0,0,0,0,0,0,0,0,0,0,0,0,0,1,1,0,0,0,0,1,0,0,0,0,0,1,0,0,0,1,0,0,1,0,0,0,1,0,1,0,0,1,0,1,0,0,0,0,0,0,0,0,0,0,1,1,0,0,1,0,0,0,1,0,0,0,1,0,0,0,0,0,0,0,1,0,0,0,0,0,1,1,0,0,1,0,0,0,0,1,0,0,0,0,0,0,0,0,7,0,0,0,0,1,0,0,0,0,0,1,1,0,0,0,0,0,0,0,0,0,1,0,1,0,0,0,0,0,0,0,0,0,0,0,0,0,0,0,0,0,0,0,0,0,0,0,0,0,0,0,0,0,0,0,0,1,1,1,0,0,1,1,0,0,0,0,0,0,0,0,0,0,0,0,0,0,0,0,0,0,0,0,0,0,1,1,0,1,0,1,0,0,0,0,0,0,0,0,0,1,0,0,0,0,0,1,1,0,0,0,0,0,0,0,0,0,0,0,0,0,0,0,0,0,0,0,0,0,0,0,0,0,1,0,0,0,0,0,0,1,1,1,0,1,0,0,0,0,0,0,0,0,1,0,1,1,0,0,1,0,0,0,0,1,1,1,0,0,0,0,0,0,0,0,0,0,0,0,0,1,0,0,0,0,1,0,0,0,0,0,0,0,0,1,0,1,0,0,0,0,0,0,0,0,1,0,0,0,0,0,0,0,1,0,0,0,0,0,5,0,0,0,0,0,1,0,0,0,0,0,1,0,0,0,0,0,1,5,0,0,0,0,0,0,0,0,0,0,0,0,0,0,0,0,1,0,0,1,0,0,0,0,0,0,0,0,0,0,0,0,0,1,0,0,0,0,1,0,0,0,0,0,0,1,0,0,0,0,0,1,0,0,0,0,0,0,0,0,0,0,0,0,0,0,1,0,0,0,0,0,0,0,0,0,0,0,0,0,0,1,0,5,0,1,0,5,0,0,0,0,0,0,0,0,0,0,0,0,1,0,0,0,0,0,0,0,0,1,0,0,0,0,0,0,0,0,0,1,1,0,0,0,0,0,0,1,0,0,0,0,0,0,1,0,0,0,0,0,0,0,0,0,0,1,0,0,0,0,1,1,0,0,0,0,0,1,1,0,1,0,1,0,0,0,1,1,0,0,0,1,0,0,0,0,1,1,0,0,1,1,0,0,0,0,0,1,0,0,0,0,7,0,1,0,0,0,1,0,0,0,0,0,1,0,1,0,0,0,0,0,0,0,0,0,0,0,0,0,1,0,0,0,0,0,1,0,0,0,0,0,1,0,0,0,0,0,0,0,0,0,0,0,0,0,1,0,1,0,0,0,1,1,0,0,1,0,0,0,0,0,0,0,0,0,1,0,0,0,0,0,0,0,1,0,0,0,0,0,0,0,0,0,0,0,0,0,0,1,1,0,1,0,0,0,0,0,0,0,0,0,1,0,0,0,1,1,0,0,0,0,0,0,0,0,1,0,0,0,0,0,0,0,0,0,0,1,0,0,0,0,0,1,0,0,0,0,1,0,0,0,0,0,0,0,0,0,0,0,0,0,0,0,0,0,1,0,0,0,0,0,0,0,1,1]"
shape_a8fb05bf8a47f8c54a9f,"[6,7,6,6,4,5,6,6,6,6,6,5,6,4,6,6,4,5,4,4,6,5,4,5,6,6,6,4,5,6,6,6,6,5,6,6,5,6,6,4,6,6,4,6,6,6,6,6,6,5,6,4,6,5,5,6,4,6,4,6,6,6,6,6,6,4,6,6,6,6,6,6,6,5,5,5,6,6,4,6,6,4,5,6,6,6,5,7,5,6,6,4,7,6,5,6,6,5,6,6,6,6,6,5,5,6,6,6,5,6,4,6,4,6,5,6,5,5,6,6,6,4,6,5,6,6,7,6,5,5,4,6,6,5,5,5,6,6,6,6,4,5,4,4,6,5,5,4,6,6,7,5,6,6,6,6,4,6,4,6,5,6,6,6,6,6,5,5,6,6,4,6,5,7,6,6,6,5,7,5,6,6,6,5,6,7,5,6,6,5,5,6,6,6,5,6,6,6,4,6,5,6,5,6,4,5,6,6,4,5,6,4,6,4,6,4,6,6,7,6,6,6,7,6,6,5,5,6,6,7,6,5,6,4,6,5,4,5,6,4,5,6,6,6,4,4,6,6,6,6,5,4,5,5,6,6,7,4,6,5,5,5,4,4,4,6,5,6,4,4,5,6,6,6,6,6,5,6,5,5,4,6,6,6,5,6,6,6,6,6,4,6,6,4,6,6,6,6,6,6,4,6,6,6,6,5,6,6,6,6,7,5,6,5,5,4,6,5,5,5,6,6,4,6,6,6,5,5,6,6,6,4,6,6,5,6,5,6,5,6,6,7,6,6,5,5,5,6,6,6,6,6,5,4,6,6,5,6,4,6,6,6,6,6,4,7,4,6,5,6,7,6,6,6,6,6,6,5,5,6,7,5,5,5,6,7,6,5,6,6,6,4,6,6,5,4,6,6,5,4,6,6,7,4,5,5,4,4,6,6,6,6,4,6,5,6,6,6,4,5,6,5,6,4,6,6,4,6,5,5,6,6,6,5,6,4,6,4,5,6,6,6,6,6,5,6,7,6,4,6,6,6,6,6,4,5,6,6,5,6,6,6,6,5,5,6,6,5,5,6,5,5,6,6,6,5,5,6,6,5,6,6,6,4,5,6,6,4,6,6,5,6,6,6,6,6,6,6,4,6,5,6,6,4,6,5,5,5,6,5,6,7,6,5,5,5,6,4,6,6,6,6,6,6,5,6,6,6,6,5,5,6,5,6,6,6,7,5,5,6,6,5,6,4,6,6,6,5,6,4,5,5,6,4,4,6,5,6,5,4,5,6,6,6,6,6,4,6,5,7,6,6,4,5,6,5,6,6,5,4,5,6,6,5,5,6,6,4,6,7,4,6,6,5,6,6,5,6,6,6,6,6,4,4,6,5,5,5,6,6,6,5,6,4,5,6,6,6,5,5,4,4,4,5,5,6,6,5,6,5,6,5,6,5,4,5,5,6,4,6,6,6,6,5,6,6,5,5,6,5,6,6,5,6,6,6,5,6,6,6,6,6,7,6,6,6,6,4,6,5,5,5,6,7,6,6,6,6,5,6,5,4,5,7,5,6,6,6,6,4,6,6,6,5,5,5,5,6,6,6,6,6,5,5,4,5,6,4,6,7,4,6,6,6,5,5,6,5,6,6,5,5,6,6,7,5,6,5,5,6,5,6,5,6,6,6,6,6,5,5,6,6,6,6,6,6,5,6,6,4,4,6,6,6,6,6,6,4,5,6,2,6,6,6,6,5,7,4,6,5,6,7,6,5,4,5,6,4,6,7,6,4,5,4,6,6,6,6,7,6,5,6,6,6,5,6,6,6,6,4,6,6,6,4,6,6,6,4,4,6,7,5,6,5,4,6,5,6,4,6,6,4,6,6,5,4,6,6,5,5,6,6,6,6,5,6,6,6,6,6,6,5,6,5,6,6,6,6,6,5,6,5,6,6,6,6,7,6,5,5,6,6,5,4,6,5,5,6,6,6,6,7,5,4,6,6,6,6,6,6,6,4,6,6,6,6,6,5,6,5,6,6,6,6,5,6,7,5,6,6,4,6,5,6,4,7,6,6,5,4,6,6,4,6,5,5,6,4,5,5,6,6,6,6,5,6,6,6,4,6,5,5,6,6,6,6,4,6,6,5,4,6,4,6,4,5,4,6,4,5,4,6,5,5,6,6,5,2,6,6,6,6,6,7,6,7,6,5,6,6,4,6,6,5,5,4,6,6,6,6,6,4,6,6,4,4,5,5,5,6,4,4,6,6,6,4,6,4,6,6,4,6,6,6,6,5,6,6,6,6,6,6,5,5,6,5,6,6,6,6,5,5,6,6]"
shape_90a94ab594060724714f,"[4,5,4,4,5,6,5,5,6,6,4,5,5,4,4,5,4,5,4,5,6,5,5,6,4,5,5,6,4,6,6,5,2,4,5,5,5,4,5,4,5,4,6,5,4,4,6,5,6,6,4,6,5,4,4,4,5,5,5,5,5,5,4,4,4,4,5,4,6,4,4,5,5,6,5,4,4,6,5,6,5,4,2,4,7,5,6,7,4,5,5,6,4,4,5,4,4,4,6,5,4,4,4,6,4,5,4,4,5,5,5,4,4,5,5,5,7,6,6,5,6,5,5,4,4,5,5,4,4,5,4,6,4,5,4,4,5,6,5,4,4,4,4,4,6,5,5,4,4,4,4,5,6,5,4,4,4,4,5,6,6,4,4,5,4,6,4,5,4,5,5,5,5,5,6,4,5,5,7,6,6,4,4,5,6,5,4,6,4,4,4,5,4,6,4,4,5,4,6,5,5,5,5,6,5,6,4,5,4,4,5,5,5,5,4,5,6,6,4,5,6,6,6,5,6,5,5,5,4,4,6,4,5,5,6,4,5,4,6,5,4,4,4,5,6,5,5,5,4,6,4,5,6,5,5,5,5,4,5,4,6,5,5,5,4,6,6,4,5,4,4,5,4,5,4,4,6,4,4,6,5,4,4,4,4,6,5,4,4,6,5,6,4,5,6,5,6,5,4,6,5,6,4,5,5,4,4,6,6,5,5,6,5,6,5,5,6,4,4,6,5,4,4,4,4,4,4,5,5,5,4,4,5,4,5,4,4,4,6,6,4,4,4,4,4,4,5,4,5,4,5,5,5,5,6,4,4,5,5,7,4,6,4,4,6,4,4,6,5,6,5,6,5,4,5,4,3,4,4,4,5,5,4,4,4,4,6,6,6,5,4,5,4,5,4,5,5,5,5,4,2,5,4,4,4,5,5,4,5,6,7,4,6,5,4,4,5,4,4,6,4,5,4,5,5,5,5,4,4,4,4,2,4,4,4,4,5,4,5,4,5,6,6,4,5,5,4,4,4,5,4,5,4,5,6,4,4,5,4,4,4,4,5,4,6,2,4,5,5,2,5,4,4,6,6,6,4,5,4,6,5,6,5,5,4,6,4,4,5,5,6,6,4,5,4,7,6,4,6,5,4,6,4,5,7,4,5,6,5,5,5,5,4,5,4,6,4,5,4,5,5,5,6,4,5,4,2,5,5,5,4,5,5,5,5,4,5,5,5,6,6,4,5,4,6,4,6,4,6,6,5,5,5,4,4,5,5,7,5,5,6,6,6,6,5,6,5,4,4,5,5,6,4,5,5,7,4,4,5,4,6,5,5,6,5,4,6,4,4,4,4,7,5,4,6,4,5,4,4,6,5,4,4,4,7,5,4,7,4,5,6,4,5,4,5,5,5,5,5,6,5,5,4,5,5,4,4,5,4,2,2,4,5,5,5,6,4,6,4,5,6,6,5,5,5,5,4,5,6,5,5,4,4,5,5,5,4,7,5,5,4,4,6,6,6,4,5,4,4,5,5,5,4,5,5,5,6,6,4,6,6,6,6,6,4,5,7,5,5,4,4,4,4,5,6,4,7,5,4,5,6,4,4,4,6,4,4,4,5,5,4,6,4,5,6,5,5,5,5,4,7,5,5,6,4,4,5,5,4,4,4,5,5,4,5,5,5,4,5,6,4,2,5,5,5,4,6,4,6,4,6,4,4,7,5,5,5,6,4,6,5,4,5,5,5,4,4,4,2,4,4,6,6,4,6,5,6,4,5,5,4,4,5,6,4,4,5,5,6,5,4,4,4,5,6,4,4,5,5,6,5,6,4,4,5,5,5,5,5,7,5,6,6,4,5,6,6,5,6,5,4,5,5,6,5,7,5,6,5,5,4,5,4,6,4,6,6,4,4,4,4,5,5,5,5,5,5,4,5,5,5,5,6,5,7,6,5,6,4,7,5,4,5,6,5,4,4,6,4,4,6,5,5,5,5,4,6,6,5,4,5,4,5,6,5,6,5,5,5,4,5,5,4,4,6,5,6,6,6,4,4,5,5,4,4,4,5,5,4,6,6,5,5,4,6,5,4,5,5,4,4,6,5,4,4,6,4,5,5,5,4,5,5,4,5,4,5,6,5,6,6,4,4,6,4,6,5,4,5,6,5,6,6,5,4,4,4,5,4,5,5,6,5,5,5,6,6,5,6,4,4,5,6,4,5,4,6,6,6,5,6,5,4,6,6,5,4,6,4,4,4,4,4,5,6,5,5,6,4,4,5,5,5,4,4,5,6,6,5,5,4,5,4,5,5,4,6,4,2,6,4,2,4,5]"
shape_d719f070d6a871c9743e,"[7,6,6,6,6,7,4,6,4,6,7,7,4,7,7,6,4,7,7,7,6,6,7,7,6,6,4,6,5,4,7,7,4,6,6,6,6,6,4,6,6,6,7,6,6,4,6,6,6,4,6,7,6,6,6,6,4,6,6,6,6,7,7,6,5,6,7,7,5,6,6,4,6,6,4,7,6,6,6,4,6,6,6,6,6,6,6,6,6,6,6,4,6,4,6,5,4,6,6,6,6,6,4,7,7,4,6,6,6,6,6,7,7,4,6,6,6,6,6,6,6,6,4,6,7,4,6,4,7,4,6,7,6,6,6,6,7,6,6,7,6,7,4,4,7,6,6,7,6,7,6,7,7,4,4,6,6,7,7,6,6,7,6,7,4,6,6,4,6,6,6,4,7,6,6,6,6,6,6,7,6,6,7,6,5,7,7,7,4,6,6,4,4,6,6,6,6,6,7,6,7,6,4,6,6,6,6,6,6,6,6,6,6,6,7,4,7,7,6,4,6,6,4,6,7,6,4,6,4,4,6,4,6,6,6,7,4,6,6,5,6,6,6,6,7,4,6,7,5,6,6,4,4,6,7,6,6,6,6,7,7,5,7,7,4,6,6,6,6,6,6,6,4,6,6,6,6,4,6,6,6,7,6,6,6,4,6,6,6,4,6,7,6,7,6,6,7,4,6,6,6,4,7,6,6,6,7,7,6,6,7,6,4,6,4,6,6,7,4,6,6,7,6,6,6,6,6,4,6,6,6,6,6,6,4,4,6,6,4,6,7,7,6,6,6,7,4,6,7,7,6,7,6,6,4,7,4,6,6,6,4,6,4,6,7,7,6,7,6,4,6,6,7,6,7,6,4,6,7,4,4,7,7,4,6,4,4,6,6,7,4,4,7,6,4,7,6,7,7,6,5,6,6,7,6,6,6,6,7,6,4,6,6,7,6,4,6,4,7,7,7,6,6,6,7,7,6,6,7,6,7,6,6,4,7,6,6,6,6,6,7,6,6,6,6,7,6,6,7,6,7,7,6,6,6,7,6,6,7,6,6,7,6,6,7,4,6,7,7,4,6,4,4,6,6,7,7,4,7,6,6,6,6,4,4,4,6,6,6,6,6,6,4,6,6,6,5,6,6,4,6,5,6,6,7,6,6,6,6,6,6,6,6,6,6,6,6,6,7,7,6,4,4,7,7,7,4,6,4,6,6,6,6,6,5,6,7,4,7,5,6,6,6,7,6,6,6,6,5,4,7,6,6,4,6,6,6,6,6,6,4,6,4,6,6,4,6,7,6,6,6,6,6,7,4,6,6,6,4,4,6,6,6,4,6,5,6,4,6,7,4,6,4,6,6,6,6,7,7,6,7,6,4,4,7,4,6,4,6,4,6,6,6,7,7,6,6,6,6,6,7,5,6,4,5,6,6,4,6,6,7,6,6,6,6,4,6,6,7,7,6,6,6,6,4,7,6,6,6,6,7,7,6,6,5,6,5,6,4,6,6,7,6,6,7,6,6,6,4,6,6,4,7,7,7,6,6,7,7,7,6,5,6,7,4,7,6,6,6,6,7,4,6,6,7,5,4,4,6,5,7,7,6,7,6,6,7,3,6,4,7,4,6,6,4,6,6,7,7,6,6,6,6,6,6,6,4,6,6,6,7,4,6,5,7,6,4,6,7,4,6,6,6,6,4,7,7,6,6,6,6,6,6,6,7,6,4,4,4,6,6,5,6,4,6,4,6,6,6,7,7,6,7,6,6,7,7,4,6,4,6,6,6,6,7,7,6,6,4,6,6,7,4,6,6,6,6,6,4,6,6,7,6,7,7,6,7,4,4,7,6,7,6,6,6,6,6,6,7,4,6,6,4,5,6,6,6,6,6,6,6,5,4,6,4,6,4,6,7,6,6,4,6,6,7,6,6,6,7,6,6,7,4,6,4,7,6,6,6,7,6,6,7,6,6,6,6,5,4,6,4,6,6,4,6,6,6,7,4,6,6,6,5,6,7,6,6,6,6,6,6,4,4,6,4,5,6,7,6,6,4,6,6,6,6,6,6,4,4,7,6,6,6,6,6,7,7,6,7,7,6,7,7,7,7,6,6,6,6,4,6,6,6,6,6,4,6,7,5,4,6,6,4,4,4,6,7,7,6,6,7,4,4,4,4,7,4,6,7,7,6,6,6,6,6,6,6,6,6,5,6,6,4,6,6,4,7,7,6,7,6,6,4,6,7,6,4,6,6,4,6,6,4,7,7,7,6,4,6,4,6,4,7,6,6,7,6,6,7,7,6,6,6,6,7,6,6,4,7,6,6,6,6,6]"
shape_4dad8ddaa2d471f913ae,"[5,5,5,5,5,5,5,5,5,5,5,5,5,5,5,5,5,5,5,5,5,5,5,5,5,5,5,5,5,5,5,5,5,5,5,5,5,7,5,5,5,5,5,5,5,5,5,5,5,5,5,5,5,5,5,5,5,5,5,5,5,5,5,5,5,5,5,5,5,5,5,5,5,6,5,5,5,5,5,5,7,5,5,5,5,5,5,5,5,5,5,5,5,5,5,5,5,5,5,5,5,5,5,5,5,5,5,5,5,5,5,5,5,5,5,5,5,5,5,5,5,5,5,7,5,5,5,5,5,5,5,5,5,5,5,5,5,5,5,5,5,5,5,5,5,5,5,5,5,5,5,5,5,5,5,5,5,5,5,5,5,5,5,5,5,5,5,5,5,5,5,5,5,5,5,5,5,5,5,5,5,5,5,5,5,4,5,5,5,5,5,5,5,5,5,5,5,5,5,5,5,5,5,5,5,5,5,5,5,5,5,5,5,5,5,5,5,5,5,5,5,5,5,5,5,5,5,5,5,5,5,5,5,5,5,5,5,5,5,5,5,5,5,5,5,5,5,6,5,5,5,5,5,5,5,5,5,5,5,5,5,5,5,5,5,5,5,5,5,5,5,5,5,5,5,5,5,5,5,5,5,5,5,5,5,5,5,5,5,5,5,5,5,5,5,5,5,5,5,5,5,5,5,5,5,5,5,5,5,5,5,5,5,5,5,5,5,5,5,5,5,5,5,5,5,5,5,5,5,5,5,5,5,5,5,5,5,5,5,5,5,5,5,5,5,5,5,5,5,5,5,5,5,5,5,6,5,5,5,5,5,5,5,5,5,5,5,5,6,5,5,5,5,5,5,5,5,5,5,5,5,5,5,5,5,5,5,5,5,5,5,5,5,5,5,5,5,5,5,5,5,5,5,5,5,5,5,5,5,5,5,5,5,5,7,5,5,5,5,5,5,5,5,5,5,5,5,5,5,5,5,5,5,5,5,5,5,5,5,5,5,5,5,5,5,5,5,5,5,5,5,5,5,5,5,5,5,5,5,5,5,5,5,5,5,5,5,5,5,5,5,5,5,5,5,5,5,5,5,5,5,5,5,5,5,5,5,5,5,5,5,5,5,5,5,5,5,5,5,5,5,5,5,5,5,5,5,5,5,5,5,5,5,5,5,5,5,5,5,5,5,5,5,5,5,5,5,5,5,5,5,5,5,5,5,5,5,5,5,5,5,5,5,5,5,5,5,5,5,5,5,5,5,5,5,5,5,5,5,5,5,5,5,5,5,5,5,5,5,5,5,5,5,5,5,5,5,5,5,5,5,5,5,5,5,5,5,5,5,5,5,5,5,5,5,5,5,5,7,5,5,5,5,5,5,5,5,5,5,5,5,5,5,5,5,5,5,5,5,5,5,5,5,5,5,5,5,5,5,5,5,5,5,5,5,5,5,5,5,5,5,5,5,5,5,5,5,5,5,5,5,5,5,5,5,5,5,5,5,5,5,5,5,5,5,5,5,5,5,5,5,5,5,5,5,5,5,5,5,5,5,5,5,5,5,5,5,5,5,5,5,5,5,5,5,5,5,5,5,5,5,5,5,5,5,5,5,5,5,5,5,5,5,5,5,5,5,5,5,5,5,5,5,5,5,5,5,5,5,5,5,5,5,5,5,5,5,5,5,5,5,5,5,5,7,5,5,5,5,5,5,5,5,5,5,5,5,5,5,5,5,5,5,5,5,5,5,5,5,5,5,5,5,7,5,5,5,5,4,5,5,5,5,5,5,5,5,5,5,5,5,5,5,5,5,5,5,5,5,5,5,5,5,5,5,5,5,5,5,5,5,5,5,5,5,5,5,5,5,5,5,5,5,5,5,5,5,5,5,5,5,5,5,5,5,5,5,5,5,7,5,5,5,5,5,5,5,5,5,5,5,5,5,5,5,5,5,5,5,5,5,5,5,5,5,5,5,5,5,5,5,5,5,5,5,5,5,5,5,5,5,5,7,5,5,5,5,5,5,5,5,5,5,5,5,5,5,5,5,5,5,5,5,5,5,5,5,5,5,5,5,5,5,6,5,5,5,5,5,5,5,5,5,5,5,5,5,5,5,5,5,5,5,5,5,5,5,5,5,5,5,5,5,5,5,5,5,5,5,5,5,5,5,5,5,5,5,5,5,5,5,5,5,5,5,5,5,5,5,5,5,5,5,5,5,5,5,5,5,5,5,5,5,5,5,5,5,5,5,5,5,5,5,5,5,5,5,5,5,5,5,5,5,5,5,5,5,5,5,4,5,5,5,5,5,5,5,5,5,5,5,5,5,5]"
shape_c61b0024d15834dea50c,"[0,1,1,1,1,1,1,1,1,1,0,1,1,1,0,0,1,1,1,1,1,1,1,1,1,1,1,1,1,0,1,1,1,1,1,1,1,1,1,1,1,1,1,0,1,1,1,0,1,1,0,1,1,1,1,1,0,1,1,1,1,0,1,1,1,1,1,1,1,5,1,1,1,1,1,1,1,1,1,0,0,0,1,1,4,1,1,0,1,0,1,0,0,1,1,1,1,0,1,1,1,1,1,1,1,1,1,0,1,1,1,0,0,1,0,1,1,1,1,1,1,1,1,0,1,1,0,1,1,1,1,1,0,1,1,1,1,1,1,1,0,1,1,4,7,1,0,1,1,1,1,1,0,1,1,0,1,1,1,1,1,1,1,1,1,1,0,0,1,1,1,1,1,1,1,1,1,1,0,1,1,1,1,1,0,1,1,0,1,1,1,0,1,1,1,1,1,1,1,1,1,1,1,0,1,1,1,1,0,0,1,1,1,1,1,1,1,0,0,1,1,1,1,1,1,1,1,1,1,1,1,1,1,0,1,1,1,1,0,1,1,1,1,1,0,1,1,1,1,1,0,1,1,1,1,0,1,1,1,1,1,1,1,1,1,1,1,1,1,0,1,1,1,1,1,1,1,0,1,1,1,1,1,1,0,1,1,1,1,1,1,0,1,1,1,1,1,0,0,1,1,1,1,1,1,1,1,1,0,1,1,1,2,1,1,1,1,1,1,0,1,1,1,1,1,1,1,1,1,0,0,1,1,1,0,0,1,1,1,1,5,1,1,0,1,1,1,1,1,1,1,1,1,1,1,1,1,1,1,1,1,1,1,0,0,0,0,0,1,0,1,1,0,0,1,1,1,0,0,1,1,1,1,1,1,1,0,0,1,1,1,1,1,1,1,0,1,1,1,0,1,1,1,1,1,1,1,1,1,1,1,1,0,1,0,1,0,1,1,1,1,1,1,1,0,1,1,1,1,1,1,1,1,0,1,1,1,1,0,1,0,1,1,1,0,1,1,0,1,1,1,1,0,1,1,1,1,1,1,1,1,1,1,1,1,1,1,1,1,1,1,1,1,1,1,1,1,1,1,1,1,1,1,1,1,1,1,1,1,1,1,1,0,1,1,1,1,1,1,1,1,1,1,1,1,1,0,1,1,7,1,1,0,0,1,1,0,0,1,5,1,1,1,1,0,1,0,1,1,1,1,1,1,0,1,1,1,0,1,1,1,0,1,1,0,1,1,1,1,1,0,1,1,1,0,1,1,1,1,1,1,1,1,1,1,1,1,0,1,1,1,0,1,1,0,1,1,5,1,1,0,1,1,7,0,1,1,1,0,1,1,1,1,1,1,1,1,1,1,1,1,0,1,1,1,1,1,1,0,1,1,1,1,1,1,1,1,0,1,1,0,1,1,1,5,1,1,1,1,1,0,1,1,1,1,1,0,0,1,1,1,1,0,1,1,1,1,1,1,0,1,1,1,0,0,1,1,1,4,0,1,1,1,1,1,1,1,1,1,1,0,0,1,1,1,0,0,1,1,1,1,1,0,1,1,1,1,0,1,1,1,1,1,1,1,1,1,0,0,0,1,1,1,1,1,1,1,1,1,1,1,1,1,1,1,0,1,1,0,1,1,1,0,1,0,1,1,1,4,1,1,1,1,1,1,1,1,1,1,1,0,1,1,0,1,0,1,0,1,0,1,0,1,1,0,1,1,0,1,1,1,1,1,1,1,1,0,0,1,1,1,1,1,1,1,1,0,0,1,1,0,1,1,1,1,7,1,1,1,1,1,1,1,1,1,1,1,0,1,1,0,0,0,0,1,1,0,1,1,1,1,1,1,1,0,1,1,1,1,1,1,1,1,1,0,0,0,1,0,1,0,1,1,0,1,1,1,0,1,1,1,1,1,1,1,1,1,1,1,1,1,0,1,1,1,1,1,1,1,1,1,1,1,1,0,0,1,1,1,1,0,1,1,1,1,1,1,1,0,1,0,1,0,1,1,1,1,1,0,0,1,1,0,1,1,1,0,1,1,1,1,1,1,1,0,1,1,1,1,1,0,1,1,1,1,0,0,1,0,1,0,0,1,1,1,1,1,1,1,0,1,1,0,0,0,1,1,1,1,1,1,1,1,1,1,1,1,1,1,1,1,1,0,1,1,1,1,1,1,1,1,1,1,1,1,1,1,1,0,1,1,1,5,0,1,1,1,1,1,1,1,1,1,1,1,1,1,0,1,1,1,1,1,1,1,5,0,1,1,1,1,1,1,1,0,0,1,1,1,1,1,1,0,1,1,1,1,0,1,1,1,1,1,1]"
shape_c7fbf7d4234393112f6b,"[5,4,5,5,6,7,7,7,5,7,4,4,6,4,6,6,5,5,6,6,7,6,4,4,5,5,6,6,6,4,6,4,4,4,6,6,4,4,6,5,5,5,6,4,6,6,6,4,5,4,7,4,0,4,6,6,5,5,6,7,6,4,5,5,4,5,5,6,6,5,4,4,4,6,5,4,5,5,6,5,5,5,5,6,5,6,4,4,4,7,4,5,5,4,4,5,7,5,5,6,6,5,6,5,6,6,6,4,5,6,6,6,5,6,6,6,4,4,7,4,6,4,7,4,7,4,5,5,6,6,5,4,4,4,4,5,7,5,4,5,6,7,5,5,5,6,5,4,6,5,7,5,4,5,5,5,6,4,4,5,6,5,6,4,7,5,7,4,5,4,7,7,5,6,4,6,5,7,5,4,5,6,4,4,4,7,4,4,5,5,6,4,4,4,6,6,6,6,7,5,5,5,5,5,7,6,5,5,6,7,6,7,7,4,6,7,4,5,6,5,5,6,5,6,5,5,4,6,6,6,6,5,5,5,5,6,4,4,4,4,7,4,4,5,6,5,7,4,6,5,5,6,5,6,6,4,6,6,6,4,7,6,6,6,4,6,4,6,6,4,4,5,5,4,5,5,5,6,4,4,4,6,6,4,4,6,6,4,6,6,5,5,5,6,5,5,5,5,4,5,5,6,6,6,6,6,7,5,4,6,6,5,4,4,6,5,5,5,5,5,6,4,4,5,5,7,6,6,5,4,5,6,5,7,4,4,7,5,6,7,4,4,4,4,4,4,6,6,5,5,4,6,5,5,6,6,5,6,5,7,4,4,5,5,5,5,6,6,5,7,5,6,6,5,6,5,6,5,6,7,6,5,6,5,5,6,6,6,4,7,0,7,4,5,5,6,4,6,6,7,5,4,4,5,6,4,4,5,5,7,4,4,4,4,5,6,7,5,5,5,4,6,6,5,6,7,6,4,6,5,4,7,5,6,7,7,6,5,6,6,5,6,5,4,6,5,7,6,7,7,5,5,5,5,7,6,6,5,6,6,6,4,0,4,5,4,5,5,5,7,4,6,4,4,4,6,4,4,6,7,6,5,7,5,4,5,5,6,5,5,7,6,6,4,7,4,6,7,6,4,5,6,5,4,4,6,7,4,7,4,5,4,4,5,6,5,5,6,5,4,7,4,4,4,5,4,4,6,6,5,6,6,5,6,6,5,5,5,5,6,6,5,6,5,6,4,7,5,6,7,7,6,4,4,6,6,6,5,6,5,5,5,4,6,6,4,5,5,6,6,6,4,4,4,5,5,5,5,7,5,5,4,5,7,4,5,7,5,4,6,6,6,6,6,5,5,6,5,4,4,7,5,5,5,5,6,5,5,4,5,5,6,5,7,4,4,5,4,5,5,5,4,4,6,6,6,5,6,4,6,4,5,5,4,7,4,6,7,7,5,5,5,6,5,5,4,4,5,5,4,6,6,7,6,4,4,4,7,7,5,7,4,6,5,5,4,7,7,5,6,4,5,5,4,4,5,6,6,4,4,7,4,4,5,6,7,4,6,7,6,7,4,6,6,6,5,5,5,4,4,6,7,6,5,4,5,5,5,5,5,5,6,6,6,4,5,6,5,5,6,7,4,4,4,6,7,6,5,5,4,4,0,7,6,5,6,5,6,4,6,4,5,6,6,4,7,4,4,5,5,5,4,7,6,5,5,4,7,6,5,4,7,6,5,7,7,5,5,5,7,4,5,6,6,6,6,5,4,5,4,6,5,5,7,4,6,4,4,4,7,6,5,5,6,6,4,6,6,4,4,6,6,5,6,4,5,4,6,6,4,6,6,4,6,7,4,5,6,5,0,6,6,4,5,4,5,5,4,4,5,4,7,6,6,4,4,4,4,5,4,5,4,5,6,5,6,4,5,6,5,4,6,7,7,5,4,6,6,6,7,6,4,5,4,6,5,6,6,7,6,5,6,4,6,5,6,6,5,0,4,5,6,4,6,5,6,6,6,6,6,6,5,5,5,6,6,5,4,5,6,7,7,4,7,6,5,4,4,4,6,4,7,4,7,5,4,5,6,6,5,5,4,4,4,6,6,5,4,7,6,6,4,6,5,6,6,6,6,5,4,4,6,6,5,7,7,4,7,5,6,6,4,6,7,7,4,6,5,6,4,6,4,0,5,6,5,6,6,4,6,5,5,6,6,4,5,5,6,6,4,5,6,7,5,6,6,4,6,5,5,6,6,4,6,6,6,6,5,5,5,4,6,6,6,6,4,6,7,6,5,5,4,6,5,4,5,6,5,4,4,4,5,5,6]"
shape_799f1361a7bb2dafab2f,"[6,6,6,4,6,6,6,6,5,6,6,6,4,5,6,5,4,6,6,4,6,6,4,5,6,4,6,5,4,6,4,5,6,5,6,6,6,6,6,4,6,5,6,7,5,5,6,4,4,6,6,6,7,6,5,5,6,6,7,6,6,6,6,6,6,6,5,6,5,6,6,5,4,6,6,4,5,6,4,6,5,4,6,5,6,4,4,5,6,6,6,6,5,4,4,6,5,5,6,6,6,4,6,6,6,6,5,6,5,5,4,7,6,4,6,5,4,5,6,6,6,4,6,5,5,6,5,5,5,6,4,5,4,5,6,6,6,6,4,6,7,6,4,6,5,6,6,5,6,5,6,6,5,6,5,6,6,6,4,5,4,6,6,5,4,7,4,4,4,6,6,6,6,6,6,6,5,6,5,6,5,6,4,5,5,6,5,6,4,6,6,6,5,5,6,6,6,6,6,5,6,5,6,6,6,4,4,7,4,4,4,4,4,6,5,4,6,6,6,5,5,6,6,6,6,4,4,6,4,5,6,6,4,6,4,4,6,5,6,6,6,6,4,6,6,6,6,6,6,6,6,5,6,6,6,6,6,4,5,6,4,4,4,4,6,6,4,4,6,4,4,6,6,7,6,6,4,6,5,6,4,6,4,6,6,4,4,5,6,4,5,5,6,6,6,5,4,6,6,5,6,6,4,6,5,4,4,6,4,6,6,4,6,6,6,6,5,6,5,6,4,5,6,6,6,6,6,6,6,6,4,5,5,5,6,6,4,6,6,4,4,5,6,6,5,6,6,6,6,6,5,4,4,5,6,6,6,6,4,6,6,6,6,6,4,6,6,5,6,6,4,6,6,4,6,6,5,6,5,6,6,6,4,5,6,6,5,6,5,6,6,4,5,6,6,4,4,6,6,6,6,5,6,6,6,5,6,4,6,6,6,6,7,7,4,7,6,6,6,6,6,6,4,5,5,5,7,6,6,5,6,4,6,4,5,6,5,6,4,6,6,6,5,6,6,5,5,5,6,6,5,6,6,6,5,6,6,6,5,6,4,5,6,5,5,5,6,4,6,6,6,6,6,6,6,6,5,6,6,6,6,6,6,6,6,6,6,5,6,6,6,6,5,6,6,4,4,6,5,5,5,6,5,4,6,6,4,6,6,4,5,7,4,4,4,5,5,4,6,7,6,5,5,5,6,6,6,6,6,6,5,4,6,4,4,4,6,4,6,6,6,6,6,6,6,4,6,6,6,5,4,5,5,6,6,4,6,5,6,4,4,6,6,6,6,5,4,5,5,6,6,6,4,4,6,4,6,6,6,6,6,6,5,6,4,6,6,6,7,5,5,6,6,4,6,5,4,5,6,4,6,4,5,5,6,6,4,6,4,6,6,4,6,6,6,5,6,6,7,4,5,4,6,6,6,5,6,4,5,6,5,4,6,6,6,6,5,6,6,6,5,4,6,5,4,6,4,6,6,5,5,4,6,6,5,6,6,6,6,6,5,6,6,6,7,5,6,6,4,6,6,6,6,5,5,6,6,6,6,5,4,4,6,6,6,6,4,5,6,4,6,6,6,5,7,6,6,6,6,4,6,6,4,5,6,4,6,5,6,5,5,6,5,6,4,6,6,6,6,6,6,6,7,6,6,6,6,5,6,5,7,6,7,6,6,6,6,6,5,4,7,6,4,6,6,5,6,6,5,6,6,6,5,4,5,4,6,5,6,4,6,4,4,4,6,6,6,6,4,5,4,5,4,6,4,4,6,6,5,6,6,4,6,6,6,4,4,6,6,5,6,4,4,6,6,5,6,6,6,6,6,6,6,6,6,6,6,4,6,5,6,4,6,6,6,6,6,4,5,5,6,6,6,6,6,4,4,5,6,6,6,6,4,4,4,4,7,6,6,6,4,6,5,6,5,5,5,4,5,6,6,5,4,4,6,6,6,5,6,6,6,6,5,5,5,4,6,6,6,6,4,5,6,4,4,4,6,5,6,6,5,4,4,4,7,6,7,6,5,6,6,4,6,6,4,6,5,7,5,6,4,7,6,5,6,4,6,6,6,4,5,7,4,6,6,6,6,5,6,6,4,4,7,6,5,6,6,4,6,6,6,5,6,6,4,4,5,5,6,6,6,5,5,6,7,6,6,5,6,7,5,4,6,6,5,6,4,6,6,6,6,6,5,5,4,6,6,6,4,4,4,5,6,5,5,6,6,5,6,5,5,5,6,7,4,6,6,6,6,6,4,4,6,5,6,6,6,6,6,6,4,6,4,6,6,6,6,6,6,6,5,5,4,4,6,5,4,5,4,5,4,5,6,6]"
shape_26e747eb6dc263695022,"[5,5,7,5,5,6,5,4,5,5,4,4,7,6,4,7,4,6,4,4,4,5,7,4,4,6,6,4,5,6,4,7,7,7,7,4,7,5,6,7,6,5,4,5,7,3,6,5,5,6,5,6,7,5,6,4,4,4,7,7,4,4,4,4,4,4,4,6,5,6,4,7,7,6,7,6,4,4,6,4,5,4,6,6,5,7,7,4,4,3,5,3,3,5,6,5,4,5,7,4,5,4,5,5,4,5,7,4,7,6,5,4,4,3,3,5,4,6,5,6,5,5,7,4,6,4,4,5,7,6,4,4,4,5,4,4,5,6,5,5,6,5,6,6,4,5,5,4,5,5,4,5,6,5,4,6,4,4,6,5,4,6,7,7,7,4,4,5,0,5,4,6,5,7,4,5,5,5,5,5,4,6,4,4,7,0,5,6,4,7,7,5,5,7,5,6,3,7,7,5,6,7,5,5,4,6,5,4,7,4,5,4,7,7,5,4,5,4,7,6,4,5,5,7,5,4,6,6,6,6,5,4,6,7,7,4,6,6,6,4,4,5,7,5,4,5,4,3,4,6,4,6,4,0,5,7,5,5,5,4,5,6,4,4,5,5,5,4,4,5,4,5,4,5,6,4,5,7,3,4,4,4,0,7,5,4,4,7,5,6,7,4,7,5,7,6,3,5,6,4,4,6,5,5,4,5,4,6,7,5,5,4,6,6,4,5,4,7,5,6,5,4,7,4,4,4,5,5,7,6,6,4,5,6,4,5,6,4,4,4,6,4,6,7,3,5,4,5,4,4,4,7,5,5,6,6,4,5,5,4,4,6,7,6,5,4,7,4,5,4,7,7,5,5,5,4,5,4,6,6,7,4,6,5,5,5,7,5,6,5,5,5,4,6,4,6,6,6,3,4,6,5,4,7,4,5,3,5,5,7,6,5,4,6,6,6,6,5,5,5,4,6,5,6,5,5,5,7,5,5,4,4,4,4,6,0,5,6,6,4,5,4,6,5,6,4,6,6,5,3,4,5,7,4,6,4,5,4,5,7,4,4,5,6,4,3,7,4,4,0,5,5,6,6,4,7,5,4,6,7,4,5,5,4,4,5,5,4,7,4,5,5,6,7,7,6,5,5,4,5,5,4,4,7,4,5,7,3,5,6,4,5,5,6,7,6,4,6,4,5,6,5,5,7,3,5,6,6,5,7,5,4,3,4,4,4,4,7,5,5,5,5,4,4,4,5,4,4,4,4,4,5,4,7,5,6,7,4,5,4,4,5,6,6,4,4,7,5,4,5,5,4,4,6,7,6,4,6,5,7,6,4,5,5,4,5,4,0,6,6,4,5,4,5,6,5,7,6,5,6,6,7,7,5,4,4,4,6,5,4,6,7,5,4,5,6,5,4,6,6,4,4,5,4,3,5,5,6,4,7,6,5,6,6,4,5,5,6,5,7,5,3,4,7,5,7,7,6,5,7,6,4,4,7,4,4,6,4,6,3,5,4,6,5,5,7,3,6,7,4,5,5,5,4,4,4,7,4,6,5,7,5,5,4,4,4,7,3,6,6,5,4,7,7,4,5,4,4,5,6,6,5,4,4,6,4,7,6,5,7,4,5,7,5,4,5,4,4,5,5,5,7,6,6,5,5,6,5,4,6,6,5,5,5,6,4,7,4,6,6,7,5,5,5,4,4,5,4,4,6,5,5,4,5,7,6,7,7,5,7,5,5,6,7,7,4,6,7,4,5,5,4,6,5,6,3,4,5,5,4,4,5,5,4,4,6,4,4,4,6,6,6,5,4,5,5,7,7,4,5,5,4,5,6,7,3,4,4,5,7,6,5,4,7,4,4,5,4,4,6,7,4,4,6,7,5,6,4,5,7,7,4,4,5,4,4,5,5,5,3,5,5,5,7,5,5,4,5,4,6,6,5,4,4,4,7,4,4,4,6,5,4,4,7,4,7,7,6,7,6,6,4,5,4,6,4,4,5,7,6,4,5,5,7,5,4,6,4,5,5,7,6,3,6,5,5,5,7,4,0,5,6,7,4,5,5,4,5,6,7,6,5,5,5,5,5,5,4,4,5,5,4,6,5,5,7,5,4,4,4,5,4,4,4,7,5,4,5,7,5,7,5,4,6,5,5,6,4,7,5,6,5,5,7,5,4,4,7,6,7,5,7,4,7,4,6,4,5,6,5,6,5,4,4,5,4,5,6,5,5,4,5,4,5,7,4,5,5,6,5,6,6,5,5,4,5,4,5,5,4,7,4,7,4,4,6,6,4,4,4,4,4,6,5,5,5,4,5,5,0,5,4,5,5]"
shape_5b3c630c907b63673120,"[6,4,7,7,6,6,7,6,6,4,7,6,6,6,6,6,6,6,4,6,7,4,6,6,6,7,6,6,6,6,6,7,6,6,6,7,4,4,7,7,6,7,6,6,5,6,7,7,6,6,6,6,6,7,7,6,7,6,7,6,6,4,6,6,4,7,5,7,4,6,4,4,6,4,6,6,7,6,6,6,6,6,7,6,7,6,6,5,6,4,6,6,7,6,6,7,6,7,6,6,4,6,6,7,6,6,6,4,7,6,7,6,7,6,4,6,7,6,6,6,4,6,6,6,6,6,7,7,7,6,6,7,6,6,6,6,7,6,4,4,4,4,4,6,6,6,7,6,7,7,4,6,6,6,7,6,5,4,6,6,6,6,6,6,4,6,6,6,7,4,5,6,6,6,6,6,4,6,6,7,7,7,6,5,5,4,6,6,4,7,4,7,6,6,4,6,6,6,5,7,6,6,6,7,7,6,7,7,4,6,7,6,6,7,6,4,6,4,6,6,7,7,6,6,7,6,7,6,7,7,6,7,4,6,6,7,6,4,4,6,6,6,7,6,6,6,7,6,6,4,6,6,6,6,6,7,6,7,6,6,7,6,4,6,7,6,6,4,7,6,6,7,6,7,7,6,6,6,4,6,5,6,6,7,7,7,6,7,6,7,6,7,6,4,6,6,7,7,6,4,6,4,7,7,7,6,6,7,7,7,6,6,4,6,6,6,7,4,6,6,6,4,7,7,6,6,6,7,6,6,6,6,6,4,7,7,6,7,6,6,6,6,7,6,7,6,6,6,6,4,7,6,7,7,6,6,6,6,4,7,6,6,6,7,6,6,7,6,6,7,7,6,6,6,7,6,4,6,4,7,4,6,7,7,6,6,6,6,7,5,4,6,4,6,7,4,7,6,6,7,7,4,6,4,7,5,7,7,7,5,6,6,5,6,6,6,7,7,6,4,6,6,4,6,7,6,4,7,4,4,6,6,6,7,6,4,6,7,6,6,7,7,6,7,4,4,6,4,7,6,7,6,4,4,6,7,7,7,7,7,6,4,6,6,4,7,6,6,6,4,7,6,6,6,6,4,6,6,4,6,7,6,7,6,6,7,6,6,6,7,6,7,7,6,5,6,6,4,7,4,6,6,6,6,6,6,7,6,5,7,6,7,7,6,6,4,5,6,4,6,6,6,4,6,6,7,7,6,6,6,5,7,6,4,6,5,6,5,6,6,6,6,6,7,7,4,6,6,6,4,6,7,6,6,7,7,7,6,6,6,5,4,7,6,6,6,6,6,6,6,4,7,6,7,6,6,6,6,6,6,6,4,5,7,6,7,4,6,7,7,6,6,6,4,7,7,6,7,5,6,6,4,6,7,6,7,5,6,6,7,7,6,7,6,7,7,6,7,6,6,7,6,4,4,6,6,7,6,6,6,6,4,7,7,7,7,7,4,6,4,4,4,7,5,4,4,6,7,7,6,7,6,6,6,7,4,6,7,6,6,6,6,7,7,4,6,6,6,6,7,7,6,6,6,7,6,6,5,6,6,4,7,6,6,6,6,7,6,7,6,4,7,7,7,6,6,6,7,7,4,6,6,6,7,7,7,6,4,4,4,6,6,4,6,4,6,6,6,7,6,6,7,6,6,6,6,6,6,7,7,6,7,7,4,6,6,6,6,7,6,6,6,7,7,6,7,7,4,7,6,6,7,6,7,7,4,7,7,7,6,6,4,6,6,6,4,7,7,7,6,6,4,4,5,6,6,6,6,6,4,6,6,6,7,7,7,6,6,6,6,7,7,4,7,7,6,6,6,7,6,7,7,6,4,7,6,7,6,6,7,7,6,6,6,6,7,6,4,6,4,4,7,6,6,6,6,7,6,6,6,6,4,4,6,6,7,6,6,7,7,6,6,6,6,6,7,7,7,7,7,5,7,7,6,6,4,7,6,6,4,6,6,6,7,6,6,6,7,4,7,6,6,6,6,7,7,6,7,6,6,7,4,4,6,6,7,6,7,7,7,6,6,6,7,6,6,6,7,7,7,6,7,7,7,7,7,7,6,7,5,6,6,7,6,7,6,6,6,6,4,7,7,6,4,5,6,7,6,6,6,6,6,7,7,6,6,6,7,4,6,6,7,4,6,6,6,6,7,6,4,4,6,6,4,4,6,4,7,6,7,6,7,7,4,7,7,7,6,6,7,6,7,7,6,6,6,6,6,6,6,6,7,7,7,4,5,6,4,7,6,7,6,7,6,7,6,7,6,7,6,4,6,6,6,4,6,7,6,6,6,6,6,7,7,6,6,6,6,4,7,6,6,6,6]"
shape_cb62a7d1d326ba85f2d6,"[6,7,6,6,6,7,6,6,6,6,6,6,7,6,6,6,6,6,7,6,7,7,7,6,6,6,7,7,6,6,6,6,7,6,6,6,6,6,7,6,6,6,7,6,6,7,6,6,7,6,7,7,6,6,6,7,6,7,6,7,6,6,7,6,6,7,6,6,7,6,6,6,6,6,6,6,7,6,6,6,7,6,7,7,7,6,6,6,6,7,6,6,6,6,7,6,6,6,7,6,7,6,6,6,6,7,6,6,6,6,6,6,6,6,6,6,6,7,6,7,6,6,7,4,6,6,6,7,7,7,6,6,6,6,7,6,6,7,7,6,7,6,7,6,6,6,6,6,6,7,7,6,6,6,7,6,6,6,6,6,7,6,7,7,6,6,6,6,6,6,7,6,6,6,7,6,7,6,7,6,6,6,7,4,6,6,7,7,7,7,6,7,7,6,6,6,6,6,6,7,6,6,6,7,6,6,6,7,6,6,6,6,6,6,6,6,7,7,7,6,7,6,7,7,6,6,6,4,6,6,7,6,7,6,7,6,6,6,6,6,6,6,6,7,6,6,7,7,6,7,6,7,6,6,6,6,6,7,6,7,6,6,6,6,7,6,6,6,6,6,6,7,6,7,6,7,7,6,6,6,6,6,6,6,6,4,7,6,6,6,6,6,6,6,7,6,6,7,6,6,4,6,7,7,6,6,6,7,6,7,6,7,7,6,6,7,7,6,6,6,7,6,4,6,6,6,6,6,6,6,6,6,7,6,6,6,6,6,7,7,6,6,7,6,6,7,6,7,6,6,7,7,6,6,6,6,6,7,6,7,7,6,6,6,6,6,6,7,4,7,6,7,6,6,7,7,6,6,6,7,7,6,7,6,6,6,6,6,6,6,6,6,6,6,7,7,6,7,6,6,7,6,6,7,7,7,6,6,6,6,6,6,6,6,6,6,6,6,6,7,7,6,7,7,7,6,7,7,6,6,7,7,7,7,6,6,6,6,6,6,6,7,6,7,6,7,6,7,7,7,5,6,7,6,6,7,6,6,6,6,6,7,6,6,6,7,6,4,6,7,6,6,7,6,6,7,7,6,7,6,6,6,6,7,6,6,7,6,6,7,7,6,6,6,7,7,7,6,6,6,6,6,6,6,7,6,6,5,7,6,6,6,7,6,7,7,7,6,6,6,6,6,6,6,6,6,6,4,7,6,7,7,6,7,6,7,7,6,6,7,7,6,7,7,7,7,6,7,6,6,6,7,6,6,6,6,6,6,6,6,7,6,6,6,6,6,6,6,6,6,7,6,7,6,7,7,6,6,6,7,6,6,6,6,6,6,7,6,7,6,7,7,6,6,6,6,6,6,6,7,7,6,6,6,6,6,6,7,7,6,7,6,6,6,6,6,6,6,7,7,6,7,7,6,7,6,6,7,6,6,6,4,6,6,6,6,6,6,7,6,6,7,6,7,7,6,7,7,7,6,7,6,6,6,7,6,6,6,6,6,7,6,7,6,6,7,7,6,6,6,6,7,6,6,6,6,6,7,6,6,7,7,6,6,6,7,6,6,7,6,7,6,6,6,6,7,6,6,6,6,6,6,7,6,6,7,6,6,6,6,6,6,6,7,6,6,6,6,6,7,4,6,6,6,7,6,6,6,6,7,6,6,6,4,6,6,6,6,7,6,6,6,6,6,6,6,6,6,6,6,6,6,6,6,7,7,6,6,6,6,6,6,6,6,4,6,6,6,6,6,7,6,6,6,6,6,6,6,6,6,6,6,6,6,6,6,7,6,6,7,6,7,6,6,7,6,6,6,6,6,6,7,6,6,6,6,6,6,6,7,6,6,6,6,7,6,7,7,6,7,6,7,6,7,6,7,7,6,6,7,6,6,7,6,7,7,6,6,6,6,7,6,6,6,6,6,7,6,7,6,6,7,6,6,6,6,6,6,7,7,6,6,7,7,6,7,7,6,6,6,6,7,7,6,6,6,6,6,7,7,7,7,6,6,6,6,6,6,6,7,6,7,7,6,6,6,7,6,6,6,6,7,6,7,7,6,6,6,6,7,6,6,6,7,7,6,7,6,6,7,6,6,7,6,7,7,6,6,7,7,6,6,6,7,6,6,6,7,6,5,6,6,7,6,6,6,6,6,6,6,7,6,6,6,6,7,6,6,6,6,7,7,6,6,6,6,6,7,6,6,6,7,6,6,6,6,7,7,7,6,5,7,7,7,7,6,6,7,6,7,6,6,7,6,7,6,6,7,7,7,7,6,7,7,6,7,6,7,6,6,6,7,6,6,6,6,7,7,6,7,6,6,6,7]"
shape_accbd720701f1a04bfe2,"[5,4,5,5,5,4,4,5,4,5,7,6,5,5,4,5,5,5,4,5,5,5,5,4,4,5,4,5,4,5,5,5,0,0,5,4,4,5,7,4,4,7,4,5,4,4,4,5,5,5,4,5,5,7,5,5,4,5,4,4,4,5,7,5,4,5,5,4,5,5,5,5,4,6,5,4,5,5,5,5,4,4,4,4,5,4,5,5,4,0,5,4,5,4,0,5,5,4,4,5,4,5,0,4,5,5,5,0,4,4,4,5,4,4,5,5,4,5,4,5,5,5,5,5,4,5,5,4,5,4,5,4,5,5,4,6,4,5,5,5,4,5,4,5,4,4,4,5,4,5,4,5,4,4,5,4,5,4,5,5,5,5,1,5,7,5,5,5,5,4,5,4,5,4,4,0,7,5,5,5,4,5,5,7,5,4,5,5,5,0,4,5,4,4,4,5,4,4,5,5,7,5,5,4,5,4,5,5,5,4,5,5,5,5,5,5,5,5,5,5,5,4,5,5,4,5,4,5,5,4,5,5,5,4,4,5,4,4,4,4,4,4,4,5,5,4,5,4,5,4,5,4,5,5,4,5,4,5,4,5,4,5,5,4,7,5,5,5,5,4,4,4,5,4,5,4,5,5,5,5,4,5,5,4,5,5,7,5,5,4,4,5,4,4,4,4,5,4,4,4,5,5,7,4,4,5,5,3,4,5,5,5,4,4,4,5,5,5,4,5,5,4,5,5,5,4,5,0,5,5,5,5,4,5,5,5,5,5,5,5,5,0,4,5,5,5,5,5,6,4,5,5,4,5,4,4,5,5,5,4,5,5,5,4,4,5,5,5,4,4,5,5,5,4,5,4,4,4,5,5,4,4,4,5,5,5,4,5,5,5,7,4,4,4,0,5,5,4,4,4,5,4,5,4,5,5,5,5,5,4,5,4,4,4,4,5,0,4,5,4,4,5,4,4,5,5,5,4,5,5,4,5,4,5,5,4,5,4,4,4,5,4,5,4,5,4,5,4,5,7,5,5,5,5,4,4,5,4,5,4,4,4,5,4,5,4,5,4,5,5,5,4,7,5,4,4,4,5,4,4,5,5,4,5,0,5,0,5,0,4,5,5,4,4,5,4,5,5,5,5,5,4,5,5,4,5,5,5,5,4,4,5,4,4,5,5,5,4,4,5,4,5,5,5,5,5,5,5,4,5,4,5,5,5,5,5,5,5,6,4,4,4,4,4,5,5,5,5,5,4,5,5,4,5,5,5,4,4,5,4,5,5,5,5,5,5,1,4,0,5,4,5,4,5,5,4,4,4,5,5,5,5,5,4,5,4,4,5,5,0,4,4,4,5,5,4,5,5,5,5,5,4,4,7,4,5,5,4,5,4,0,5,4,5,5,5,4,4,5,4,7,5,4,5,4,5,4,4,4,4,5,4,5,5,4,4,5,5,4,5,5,5,4,4,4,5,5,5,4,4,5,5,4,5,4,6,4,5,4,4,5,5,0,5,5,7,4,4,5,5,4,4,5,5,3,5,5,5,4,4,7,5,4,5,4,5,5,4,4,5,5,4,4,5,7,5,5,5,5,4,5,5,5,4,5,4,5,4,5,5,5,5,5,5,5,0,4,5,5,5,5,5,5,5,5,5,4,5,5,0,4,4,5,5,4,4,5,4,5,4,7,7,5,5,4,5,4,5,4,4,5,4,5,4,5,5,5,4,4,4,0,4,5,5,5,4,5,5,5,5,5,4,5,4,5,5,5,5,5,4,4,5,5,5,4,4,5,5,5,5,4,5,4,5,5,5,7,4,5,5,5,5,5,5,5,4,7,5,5,5,4,4,4,5,4,4,4,5,5,7,5,5,5,5,5,5,4,5,4,4,5,5,5,5,7,5,4,5,5,6,5,5,4,4,5,4,5,4,4,5,5,6,4,5,4,5,4,5,5,4,4,4,5,5,5,5,5,4,5,5,4,4,5,4,4,5,4,5,5,5,5,4,5,0,5,5,3,5,5,5,5,5,5,7,4,5,5,4,5,5,4,5,4,4,5,0,5,5,5,5,5,5,4,0,5,5,5,5,5,4,5,5,5,5,7,5,5,5,5,4,4,4,4,4,4,4,4,5,5,4,4,5,4,5,5,4,5,4,4,4,4,4,4,4,5,4,4,5,4,0,5,7,5,4,5,5,5,4,5,5,4,4,5,5,4,6,4,5,4,5,5,5,4,5,5,5,5,5,4,6,4,5,5,4,5,5,4,4,5,4,4,5,4,5,5,5,5,5,5,7,5,5,5,4,5,4,3,6,4,4,5,0,5,5]"
shape_03ad47861295c740fe69,"[6,4,4,4,4,5,6,4,5,4,4,5,5,5,4,5,6,5,5,5,4,4,4,4,5,4,4,5,4,4,4,4,5,4,5,5,0,0,4,4,4,4,4,6,5,6,4,5,5,4,4,6,4,5,5,4,4,7,5,5,4,4,4,4,7,5,4,5,4,7,5,5,4,5,4,4,5,4,4,5,5,6,5,4,5,4,4,5,4,4,5,7,4,5,7,4,7,4,0,5,4,6,6,6,5,4,4,5,5,4,4,5,5,5,5,5,5,5,6,4,6,4,4,0,4,5,4,4,5,4,4,4,4,4,4,5,4,5,5,4,5,0,5,7,5,5,5,4,4,4,5,4,4,5,5,5,6,4,6,5,4,4,5,4,5,4,5,5,4,5,4,6,4,4,4,5,5,4,6,4,5,4,4,7,5,4,5,0,4,4,4,4,4,5,4,5,4,5,5,6,4,4,5,5,6,5,4,6,5,6,5,5,5,5,5,4,5,4,5,4,5,5,5,4,4,5,5,4,4,5,4,4,4,5,5,4,5,0,5,5,5,4,5,4,4,4,4,5,5,4,7,4,6,5,4,7,7,5,5,4,4,4,0,4,4,5,5,5,4,4,4,4,5,5,4,5,5,5,6,5,4,4,4,4,4,5,4,5,4,4,4,5,4,4,5,5,5,4,5,5,6,4,5,4,4,5,5,5,4,4,4,5,4,5,4,4,5,4,4,4,5,5,4,4,4,4,4,0,7,5,4,4,4,5,4,5,7,5,5,5,5,5,5,5,4,4,5,6,7,5,5,5,5,5,5,4,5,5,5,5,4,5,5,5,5,6,4,5,4,6,4,5,0,4,5,4,4,5,6,4,4,4,4,5,5,4,0,4,5,6,4,4,4,4,4,4,4,4,5,5,5,0,4,4,5,4,4,5,0,5,4,4,5,5,5,4,5,4,6,0,5,5,4,4,5,5,5,6,4,5,4,0,4,5,5,5,5,4,4,7,4,5,4,4,4,5,5,0,5,5,5,4,4,7,0,4,5,4,4,5,5,5,4,6,6,4,6,4,4,6,4,5,4,4,4,4,4,4,4,4,4,5,5,0,4,5,4,5,5,4,4,5,4,5,5,4,4,4,4,5,5,4,7,4,4,6,4,4,7,5,4,5,4,5,5,4,5,4,4,4,4,6,4,5,4,5,5,4,0,4,4,4,5,4,4,5,4,4,5,4,4,4,7,4,5,4,5,4,5,5,5,7,5,5,5,4,4,4,0,5,4,4,4,5,4,5,4,4,4,5,5,6,5,4,6,4,4,5,4,5,0,5,4,6,5,5,5,4,4,4,5,5,4,6,5,0,5,4,4,5,6,5,4,4,4,4,5,5,6,5,7,5,4,6,4,5,5,5,4,4,6,4,4,4,5,5,5,6,5,5,5,5,5,7,4,5,0,4,5,4,5,5,5,4,4,4,4,4,5,5,5,0,4,5,5,5,5,4,4,5,5,4,7,4,4,6,5,4,4,4,7,4,4,5,5,5,4,4,4,6,6,5,4,4,5,4,4,5,7,4,0,4,5,5,4,4,4,4,4,5,4,7,5,5,4,5,0,0,4,4,4,5,0,4,4,4,4,6,4,5,5,5,5,4,5,5,4,4,5,5,4,5,0,0,4,6,5,7,4,4,5,5,6,0,5,5,4,6,4,5,4,5,4,4,4,5,4,0,4,0,4,4,5,4,5,4,5,5,4,5,4,4,4,5,5,5,5,4,5,6,5,4,4,4,5,4,7,4,4,5,4,0,5,4,6,5,4,5,4,6,5,6,4,5,5,5,5,5,4,5,5,0,5,4,4,6,5,4,5,4,4,5,4,4,4,5,7,4,5,4,4,5,0,4,5,4,5,5,5,5,4,6,4,5,5,6,6,4,5,4,7,5,5,4,5,4,7,4,6,4,5,5,5,4,4,4,5,4,4,6,4,5,7,5,5,6,5,4,6,4,5,4,0,5,5,5,5,5,5,4,5,4,5,4,6,5,7,5,4,4,5,5,5,4,5,4,5,0,5,5,5,5,5,0,5,5,5,4,5,0,4,5,4,7,5,5,5,5,4,5,5,4,4,5,7,4,5,4,6,4,5,5,4,5,0,4,4,4,5,4,4,5,5,4,4,5,0,4,7,4,5,4,5,5,0,4,5,4,7,5,4,4,0,5,5,0,5,5,6,5,5,5,4,5,5,4,6,5,4,4,7,4,4,4,5,5,4,5,4,4,4,7,4,5,5,5,4,5,5,4,5,5,4,4,5,7,5,5,5,4,4,6,4,7]"
shape_1a74bf2583d1f7013501,"[5,4,6,6,6,5,5,6,6,6,4,6,6,4,5,6,6,5,2,5,6,5,6,6,5,5,6,6,6,4,7,5,6,4,6,6,6,5,4,6,6,5,5,5,6,4,6,5,5,3,5,5,6,6,6,5,6,6,3,5,3,6,5,5,6,5,4,6,6,5,6,6,5,6,6,5,6,6,4,6,5,6,6,6,5,6,4,6,6,4,6,6,5,4,5,6,5,6,6,5,6,5,6,5,6,6,4,4,5,4,4,6,6,5,5,6,5,5,5,4,5,5,5,6,6,6,6,5,4,4,6,5,5,6,5,6,5,6,5,5,5,6,7,6,5,6,6,5,5,5,5,4,6,5,5,6,6,7,6,5,7,4,6,5,6,4,5,5,6,7,5,5,4,5,4,6,6,5,4,6,4,4,5,5,5,5,5,6,6,6,6,6,5,6,6,5,5,6,5,6,4,6,5,5,6,6,6,5,6,6,6,5,6,5,4,6,5,6,5,5,5,5,6,5,6,6,5,6,6,5,5,6,5,7,6,5,5,6,6,6,5,5,6,6,5,5,6,6,5,4,5,5,6,4,7,6,5,6,6,5,6,5,6,6,5,6,6,6,5,5,5,3,6,6,6,6,5,6,5,5,5,5,5,4,4,5,5,6,6,6,6,5,5,6,6,5,5,6,5,6,7,6,6,5,6,5,6,6,6,4,5,6,4,5,6,6,6,4,6,5,6,6,6,6,6,6,5,5,5,6,4,5,6,5,5,6,5,5,6,5,6,6,5,6,5,5,6,6,6,6,6,6,6,5,6,6,6,6,4,5,6,4,7,5,5,4,5,5,6,5,7,5,5,5,5,6,6,5,2,3,5,6,6,5,5,5,6,6,6,6,5,5,6,5,5,5,6,6,5,4,6,6,6,7,5,5,4,6,6,6,5,4,6,5,5,5,6,6,6,5,6,6,5,5,5,5,5,4,3,6,7,5,6,5,7,5,5,6,5,6,6,6,7,3,5,4,6,6,5,5,4,5,4,4,5,5,5,6,6,6,6,4,6,5,6,6,5,6,4,5,6,5,5,4,5,5,4,6,6,6,6,6,6,4,5,7,6,4,5,3,4,5,6,5,5,5,5,4,5,5,6,5,6,7,6,5,6,6,5,6,6,6,5,5,6,5,6,6,6,6,5,5,6,6,5,6,6,5,5,5,5,4,4,6,5,5,7,5,4,5,5,5,3,5,5,6,5,4,6,6,6,5,5,5,4,5,5,5,6,6,6,5,6,4,4,5,6,6,6,5,5,7,5,5,4,6,5,5,6,5,5,6,4,5,5,5,6,6,5,5,5,6,7,6,5,5,5,4,4,5,5,5,5,4,4,6,5,4,7,5,6,5,6,4,5,6,5,6,4,6,5,6,5,6,6,5,5,6,4,5,6,6,7,6,6,4,6,5,5,5,5,3,6,5,6,6,7,6,6,5,6,5,4,6,5,6,5,6,6,5,5,5,5,5,5,5,5,6,5,5,4,4,4,6,6,5,6,5,5,6,5,5,6,6,6,6,5,5,5,4,5,6,7,6,6,7,6,5,6,6,5,6,5,4,6,6,6,5,4,6,5,5,4,4,4,6,4,6,4,5,5,5,5,5,5,4,5,4,5,6,6,6,6,5,6,5,6,7,5,7,5,6,6,4,5,5,5,6,6,6,5,6,6,6,5,6,5,6,3,3,5,4,5,6,4,4,5,6,5,5,5,4,6,5,6,6,5,4,6,6,4,5,5,5,6,6,5,6,5,4,7,7,5,5,6,6,5,6,6,4,4,6,6,6,5,6,6,6,6,6,6,6,5,6,6,5,7,5,3,6,7,6,6,3,5,6,5,7,6,5,5,5,5,6,6,6,6,6,5,7,5,6,5,5,3,6,4,4,6,5,6,4,6,6,5,5,5,7,6,3,5,6,6,7,5,5,5,5,6,5,6,3,4,5,5,2,5,6,6,6,6,6,5,4,6,4,5,5,6,5,6,4,6,6,4,5,6,5,5,4,6,5,6,6,4,5,5,4,6,6,6,6,6,5,6,6,6,5,6,5,4,6,6,5,7,5,6,6,4,5,6,6,6,6,6,3,6,5,6,5,6,5,6,5,6,6,6,5,3,4,5,5,4,5,4,6,6,4,4,3,4,6,6,5,6,5,7,6,6,7,4,6,4,4,6,5,6,6,5,6,5,6,4,6,6,4,5,6,5,6,4,6,5,5,6,4,7,6,5,6,5,4,5,5,6,5,4,7,6,4,3,6,6,5,5,6,4,6,5,6,5,6,6,5]"
shape_6f24238fe761b54a5272,"[5,6,6,6,5,4,5,6,6,5,7,5,6,6,6,5,6,6,6,6,6,4,6,6,4,5,6,6,6,6,6,6,6,6,4,5,6,5,6,5,6,5,4,6,6,6,5,5,6,6,6,6,4,7,6,6,6,6,6,6,6,6,6,6,6,5,6,5,5,5,6,5,5,6,6,4,6,6,6,7,6,6,5,6,4,5,5,6,6,5,5,5,4,6,6,5,6,5,6,6,5,6,6,6,6,6,6,6,5,6,6,6,5,5,5,6,5,6,5,5,5,6,6,6,5,6,6,6,6,7,6,6,6,6,6,6,5,6,6,6,5,6,2,2,5,7,5,5,5,6,7,6,5,6,4,6,4,6,6,4,5,5,4,6,5,6,5,6,6,5,6,5,6,6,6,5,6,6,5,6,5,6,6,6,6,5,6,5,6,6,7,5,5,6,5,4,7,6,4,5,6,5,5,7,4,5,5,5,5,6,6,6,5,5,6,7,6,6,5,5,5,5,5,4,6,6,7,6,5,5,6,5,4,6,6,5,4,4,5,6,5,6,6,6,5,5,6,6,4,6,5,6,6,5,5,6,6,6,5,6,6,4,5,6,4,5,4,6,4,5,6,6,6,6,6,6,4,6,6,6,6,5,4,5,6,6,5,4,5,6,6,6,6,6,5,6,5,5,6,6,6,6,7,6,4,6,6,6,5,5,6,4,6,6,6,4,6,6,5,5,5,6,4,5,6,5,4,5,4,6,6,6,6,5,6,6,5,6,4,5,5,5,6,6,5,6,5,5,4,5,6,7,4,5,5,6,6,5,6,4,6,5,5,6,5,6,6,5,6,5,6,6,6,6,5,6,6,7,5,5,5,5,6,6,6,5,5,5,4,2,6,7,6,6,5,5,6,6,5,5,6,5,6,4,5,6,5,5,5,5,5,6,5,6,7,6,4,6,6,5,6,6,5,6,5,5,7,5,5,6,6,5,6,6,5,6,6,5,4,6,6,6,6,6,6,6,6,5,5,6,5,5,5,5,6,6,6,5,6,6,6,6,5,6,6,5,4,6,5,6,5,6,5,6,4,6,6,6,6,5,6,6,5,5,4,5,6,6,6,6,6,6,6,5,6,6,6,5,6,4,4,7,6,5,5,6,6,6,5,6,5,5,5,5,6,6,4,2,6,5,6,4,5,6,6,4,5,6,6,5,6,5,6,6,5,5,6,4,5,5,6,6,6,6,6,5,6,7,4,6,6,5,6,6,6,6,6,5,6,4,5,5,6,6,4,4,5,6,6,5,5,6,5,6,4,6,2,6,6,6,5,6,4,6,5,5,5,6,6,6,6,6,6,6,5,6,5,6,6,4,2,6,6,6,5,6,6,5,4,6,6,5,6,6,5,5,6,6,4,4,6,6,5,6,4,7,6,7,5,5,6,6,6,6,6,7,6,5,6,6,6,6,4,6,5,6,5,4,5,6,6,6,6,6,6,4,5,6,6,6,7,6,6,4,5,6,5,7,6,5,4,5,5,6,4,6,5,6,6,6,6,5,6,5,6,6,5,5,4,7,6,6,6,5,6,5,5,5,5,6,6,5,6,6,5,6,6,7,7,6,6,5,6,6,4,6,4,6,6,6,6,5,6,6,6,4,6,5,4,6,6,6,6,5,4,4,6,4,6,5,4,6,5,6,4,6,6,6,6,6,6,6,6,4,5,6,4,6,6,7,5,7,6,6,5,4,6,5,6,5,6,6,5,5,5,5,5,6,6,5,6,5,5,7,4,6,4,2,6,5,6,6,4,6,5,5,6,4,6,5,7,4,6,6,5,5,6,6,6,4,4,4,6,5,5,6,5,5,6,6,5,6,6,6,6,6,6,6,6,6,6,6,6,6,4,5,6,6,6,6,5,6,6,5,6,6,6,6,6,6,6,5,4,5,5,6,5,5,5,2,4,6,6,5,6,5,5,5,6,6,5,5,6,5,5,6,6,6,6,6,6,6,6,6,6,5,5,5,6,4,5,5,6,6,5,5,5,5,6,6,6,5,5,5,5,7,6,6,6,5,5,6,6,4,6,6,6,6,5,5,4,5,5,6,6,6,4,6,7,6,5,6,5,5,6,6,6,6,7,4,6,6,6,7,6,5,6,6,6,5,6,6,7,4,6,5,6,6,5,6,5,6,6,5,6,7,6,4,6,5,6,4,6,6,5,6,6,5,4,5,6,6,7,6,6,6,6,6,5,6,6,6,6,5,6,6,4,6,6,5,6,5,6,6,6,6,5,6,4,6,6,5,5,6,6,6,6,6,6,6,5,4,5,6]"
shape_74465cf9d3ffbc4428e4,"[3,1,5,4,1,1,5,4,3,3,5,1,3,1,5,5,4,5,3,3,1,5,4,1,1,4,7,5,1,5,1,5,4,4,5,1,5,0,4,4,1,3,4,1,4,1,5,4,4,3,5,5,5,3,1,4,1,5,5,5,1,7,0,3,4,1,1,1,1,5,1,3,1,1,3,3,0,4,4,1,5,1,3,3,0,1,3,5,4,5,1,5,5,1,5,3,4,5,1,4,1,5,5,0,1,5,3,5,5,1,4,1,1,4,1,3,1,5,1,5,4,1,5,1,1,4,5,4,4,5,5,4,4,1,4,1,1,7,7,6,3,5,3,4,7,5,1,5,0,4,7,3,1,1,1,1,1,5,3,3,5,1,3,1,1,0,1,1,5,4,4,3,3,5,0,1,4,3,5,7,3,3,5,4,3,1,5,4,5,3,4,3,5,1,3,5,1,1,1,4,4,5,3,0,3,1,7,5,1,4,3,4,0,1,3,5,4,5,4,3,1,5,5,1,1,1,1,5,1,1,1,3,1,4,1,0,3,4,0,3,4,1,5,5,4,1,7,3,1,1,1,5,4,4,5,1,1,5,1,4,1,5,1,5,3,7,1,3,0,4,7,1,3,1,3,3,4,3,3,4,5,1,4,5,1,5,1,1,5,0,3,3,1,5,5,5,1,4,5,4,1,7,1,1,1,1,1,7,1,5,5,1,4,5,0,4,3,3,1,7,3,4,4,4,1,1,1,3,7,5,4,5,5,4,3,4,5,3,3,4,3,4,4,1,4,4,0,4,1,3,7,1,3,1,3,0,5,3,5,4,5,1,0,1,3,5,3,1,1,4,3,5,3,1,3,5,4,3,1,5,1,1,1,5,1,1,4,3,1,5,4,1,7,1,1,1,4,1,3,5,5,7,5,1,1,1,4,5,1,4,4,1,1,5,5,1,5,3,1,5,1,7,3,3,3,3,4,3,4,0,4,4,3,1,4,1,5,5,7,4,3,1,3,5,1,3,1,1,5,1,1,5,3,5,0,1,1,4,4,5,5,1,5,1,3,1,7,4,4,1,3,5,5,5,4,7,1,3,5,4,5,5,3,1,3,1,1,5,3,1,5,4,1,3,1,4,1,4,1,7,1,1,1,3,1,3,3,0,5,5,3,3,4,4,5,5,1,1,4,5,4,4,1,5,3,1,5,4,3,3,5,1,5,4,3,3,5,5,1,5,5,1,3,6,4,1,7,0,1,1,1,1,4,3,5,3,5,3,3,5,5,4,3,5,4,5,1,1,4,5,5,3,5,5,3,5,5,1,1,5,5,1,1,5,4,3,4,3,1,1,5,0,3,3,7,4,1,5,0,1,7,5,5,1,5,3,4,1,4,7,1,4,5,3,5,1,4,4,7,5,3,1,1,1,4,3,5,1,1,4,1,4,3,4,1,1,4,3,3,4,5,5,1,5,4,3,1,5,3,1,1,4,1,5,1,3,3,5,7,1,5,5,1,1,3,1,1,5,1,7,1,1,1,4,4,1,3,1,5,4,1,4,7,5,1,1,1,7,1,4,3,4,5,1,5,4,4,1,1,5,5,1,4,7,5,3,1,7,4,4,1,1,1,3,4,5,4,3,4,5,3,1,3,3,1,4,4,1,4,4,1,5,1,1,5,1,5,5,5,5,5,3,3,3,1,4,5,5,4,1,0,4,1,1,3,4,1,5,5,1,4,5,5,5,1,1,1,4,1,1,1,1,1,0,1,4,5,1,4,7,7,3,4,1,4,3,1,1,3,5,1,5,1,3,7,4,3,7,1,5,3,3,5,1,5,1,1,4,5,1,5,4,4,3,3,5,3,1,4,5,5,1,1,4,5,0,5,4,1,4,1,3,3,3,4,1,4,5,4,5,5,1,3,5,5,1,4,3,4,5,4,1,1,1,3,1,5,4,3,1,5,1,3,4,1,1,5,1,1,7,4,4,1,1,1,1,4,7,1,4,3,4,5,0,5,5,1,1,5,1,0,0,1,4,5,3,7,5,5,5,1,5,5,1,1,3,5,5,1,4,3,5,4,1,1,5,5,1,1,5,4,0,1,1,7,1,4,4,5,1,4,4,5,5,3,5,5,3,1,1,1,3,3,1,4,4,1,5,4,1,3,1,4,3,4,1,1,4,3,1,5,3,0,7,1,4,5,4,1,5,4,1,4,5,1,7,3,1,3,3,1,1,4,4,5,4,5,4,1,1,7,4,1,3,1,1,4,1,5,4,3,1,7,1,4,0,1,4,3,5,5,1,1,1,3,1,1,5,4,1,5,5,5,4]"
shape_5234e6347eab4bc9bf90,"[4,5,5,7,2,4,4,7,5,4,6,4,4,5,7,5,5,4,6,3,5,7,4,5,3,5,5,4,5,5,7,5,5,5,3,4,1,5,5,5,5,7,5,5,5,4,5,6,7,5,5,4,4,5,5,5,5,5,5,2,3,5,5,5,5,2,6,7,3,5,4,4,4,5,6,4,4,5,4,7,1,7,3,5,2,5,5,3,5,4,7,5,3,4,5,4,5,4,5,4,5,5,3,4,5,5,4,5,7,4,5,4,5,5,4,3,3,5,4,1,4,4,5,5,5,7,5,5,4,4,5,5,4,4,5,5,7,5,4,5,5,0,4,7,7,4,5,5,5,5,4,4,5,5,7,5,3,6,1,3,5,5,4,5,5,4,6,5,4,5,5,4,5,7,5,4,5,1,5,5,3,5,5,5,5,5,5,5,4,5,5,5,5,5,4,5,3,3,5,5,2,4,3,5,5,5,5,7,4,5,4,5,5,5,5,5,7,5,7,4,5,5,4,5,5,7,5,4,5,7,7,4,5,3,5,4,4,7,5,5,7,2,5,5,5,6,3,5,1,5,4,0,7,5,5,5,4,3,5,5,4,7,5,5,5,4,5,4,2,5,1,4,7,1,5,4,4,5,5,2,6,3,5,5,5,7,7,5,5,7,5,5,2,3,5,7,5,5,2,5,5,0,4,5,7,5,5,5,2,1,5,5,1,1,3,7,5,5,5,7,3,4,5,5,7,5,4,7,5,5,5,5,3,5,5,5,5,5,5,2,5,5,7,4,4,5,7,5,5,4,5,5,5,7,4,4,5,5,5,5,4,5,5,5,5,5,6,5,5,2,0,7,5,5,7,5,5,4,5,5,7,4,4,3,5,5,4,5,5,5,5,5,5,5,5,5,3,5,5,4,7,5,5,7,3,4,4,4,3,5,5,5,4,5,6,5,5,4,3,2,4,5,5,1,5,5,7,3,5,5,5,5,5,3,5,1,3,5,5,5,5,7,3,5,5,5,5,4,5,5,4,7,4,5,7,5,1,6,4,5,3,4,7,5,4,4,3,7,5,5,5,7,4,5,5,7,4,6,5,7,6,5,4,6,5,5,4,7,3,1,7,2,3,2,5,5,3,4,2,4,5,4,4,5,5,5,5,5,5,4,5,2,5,5,3,5,5,5,4,7,2,7,7,5,3,5,5,4,4,4,3,6,5,4,5,5,3,7,7,7,5,5,5,5,5,5,2,7,5,3,5,4,5,5,1,7,5,5,1,7,5,5,4,5,5,0,5,5,6,4,4,5,7,5,5,5,5,5,6,2,5,5,5,5,1,5,4,5,5,5,5,3,1,5,5,4,5,5,4,7,4,3,5,2,7,5,7,4,6,5,7,5,5,4,3,5,7,5,3,7,5,7,5,7,2,3,4,4,3,6,5,4,5,5,5,5,6,5,5,3,5,5,4,5,4,3,5,2,5,5,5,5,5,5,5,5,0,4,5,2,4,5,4,1,5,5,5,2,5,3,5,5,5,5,4,7,5,3,3,5,1,5,2,5,5,5,3,2,5,5,5,5,5,4,4,5,4,4,4,2,5,4,5,4,5,5,5,5,6,7,4,5,7,3,4,5,5,5,4,5,4,7,5,4,5,5,5,5,4,5,5,5,4,5,7,3,4,5,0,4,4,5,3,5,5,1,5,4,5,5,5,5,3,1,3,5,5,4,3,4,5,5,5,5,4,5,4,1,5,7,5,4,4,4,4,5,5,4,5,5,5,5,5,0,5,4,5,7,5,7,4,3,5,7,4,7,3,2,3,7,4,5,1,5,5,5,5,7,4,4,5,7,5,5,5,5,4,5,5,5,7,4,4,5,1,4,4,6,5,6,5,5,4,4,4,7,7,7,4,5,4,5,4,2,5,7,3,5,5,5,4,5,6,5,4,7,7,5,2,7,5,5,4,4,6,5,5,5,5,5,5,5,5,5,4,3,5,3,4,4,5,4,5,5,5,5,7,2,7,4,4,7,5,5,5,5,5,5,5,7,2,7,5,5,5,5,3,4,3,5,5,7,3,2,4,7,5,3,7,2,4,5,5,5,5,5,5,5,5,5,3,3,2,4,5,3,5,3,7,5,5,7,4,5,5,3,4,5,3,4,7,3,5,3,5,2,3,1,5,3,7,5,5,5,5,5,5,2,6,7,3,3,6,5,3,3,6,7,5,5,4,5,2,5,5,6,5,4,5,5,5,5,5,4,5,7,7,6,5,5,1,5,2,5,3,4,5,5,5,4,3,5,5,4,5,4,5,4,5,4,5,5,5,3]"
shape_f9e88a80d095580d4867,"[6,6,6,7,6,6,6,6,6,6,7,6,6,6,6,7,7,6,6,6,6,6,6,7,6,6,6,7,7,6,7,6,6,4,7,5,6,7,6,6,6,6,7,6,6,7,6,7,6,6,6,7,6,6,7,6,6,6,6,7,6,6,7,6,7,6,6,6,6,7,6,6,7,6,6,6,6,7,6,6,7,7,7,6,6,6,6,7,6,7,6,7,6,6,6,7,6,7,7,6,6,6,7,6,6,7,6,6,6,6,6,6,6,7,6,6,6,7,6,6,6,6,6,6,7,7,7,6,6,6,6,6,7,7,6,7,7,6,6,7,7,6,6,6,7,7,6,6,6,6,6,6,6,6,6,6,6,6,6,6,6,6,6,6,6,7,7,6,6,6,6,6,6,7,6,6,6,7,6,6,5,6,6,6,6,6,6,6,6,7,6,6,6,6,6,6,6,6,6,6,7,7,6,7,7,7,7,6,7,6,7,7,7,6,7,7,6,6,6,7,7,7,6,6,7,6,7,6,6,6,6,6,6,6,7,7,6,7,7,6,7,6,6,6,6,6,6,6,7,6,7,6,6,7,7,7,7,6,6,6,6,6,6,6,6,7,6,7,6,6,7,6,6,7,7,6,6,6,7,7,6,6,6,6,6,6,6,6,6,7,6,6,6,7,6,6,6,6,7,6,6,6,6,6,6,6,7,6,6,7,6,6,6,6,7,6,6,6,6,7,6,6,6,7,6,6,6,6,6,7,6,7,6,6,7,6,7,6,6,6,6,7,6,7,7,7,6,6,6,6,7,6,6,7,7,7,6,7,6,7,6,6,6,6,6,6,6,6,6,7,6,6,6,6,6,6,7,7,6,6,6,6,6,6,6,6,6,6,6,6,6,6,5,7,6,6,6,6,6,6,7,6,6,6,6,6,6,6,6,7,7,7,7,6,6,6,6,7,6,7,6,6,7,6,6,6,7,6,6,7,6,7,6,6,7,6,6,6,6,6,6,7,6,7,6,7,6,6,6,7,6,6,6,6,7,6,6,6,6,7,6,7,6,6,6,6,6,7,6,6,7,7,6,6,6,6,6,7,6,6,6,6,6,7,6,7,6,6,6,6,7,6,7,7,7,6,6,6,6,6,6,6,6,7,6,6,6,5,6,6,6,5,6,7,7,5,6,6,6,5,6,6,6,7,6,7,6,6,6,7,6,7,6,5,7,6,6,6,6,7,6,6,7,6,6,6,6,7,6,6,7,6,6,7,6,6,7,6,6,7,7,7,6,6,6,6,6,6,6,7,6,7,7,6,6,7,6,6,7,7,6,6,7,6,6,6,6,6,6,6,6,7,6,6,6,6,6,7,6,7,6,6,6,7,6,6,6,7,7,7,6,6,5,6,6,7,6,5,7,6,7,6,6,6,5,5,7,6,6,7,6,6,6,7,7,7,6,6,6,7,5,6,6,6,6,6,6,6,6,6,6,7,6,7,6,6,6,7,6,6,6,6,6,6,6,7,6,6,6,6,7,6,6,7,6,7,6,6,6,6,7,6,6,6,7,6,7,7,6,7,6,6,6,6,6,6,6,6,6,6,6,6,7,7,6,6,7,6,6,6,7,6,6,6,6,7,6,6,6,6,6,6,6,6,5,6,6,6,7,6,6,6,6,7,7,6,6,5,6,6,5,6,6,6,7,6,6,6,6,6,6,6,5,6,6,6,6,6,6,6,7,6,6,7,6,6,6,6,7,7,6,6,6,6,6,6,6,6,6,6,6,6,7,7,7,6,6,6,6,6,7,6,6,7,6,7,6,6,7,7,6,6,6,6,6,6,6,7,7,7,6,7,6,6,6,6,6,6,7,6,6,6,6,6,6,7,6,6,7,6,6,6,6,6,6,6,6,7,6,6,7,6,6,7,6,6,7,7,6,6,7,7,6,6,6,7,6,7,6,6,6,6,6,6,6,6,7,7,6,7,6,6,6,6,6,6,6,7,6,6,7,6,6,6,7,6,6,7,7,6,6,6,6,7,6,6,6,6,6,7,6,7,6,6,7,7,6,6,6,7,6,7,6,7,6,6,6,7,6,6,6,7,6,6,6,6,6,7,6,6,6,5,7,6,6,7,6,6,6,6,6,6,6,7,6,6,7,6,6,6,7,6,6,6,6,6,6,6,6,6,6,6,7,6,7,6,6,6,6,7,6,7,6,7,6,7,6,6,6,6,6,7,6,6,6,6,7,6,7,7,7,7,6,7,6,7,6,6,7,7,6,6,6,6,6,7,6,6,6,6,6,6,6,6,6,6,6,6,6,6,6,6,6,6]"
shape_cf49fd2fb8fc58846348,"[6,6,7,6,6,6,6,7,6,7,6,6,6,6,6,7,6,6,6,7,6,6,7,6,6,6,6,6,7,6,6,6,6,7,6,6,6,7,7,6,6,6,7,7,6,6,7,7,7,6,6,6,7,6,6,6,6,7,6,6,7,6,6,6,6,6,6,6,6,7,7,6,6,6,6,7,7,6,6,7,6,6,7,7,7,7,6,6,6,7,6,7,6,6,6,6,6,7,7,6,7,6,7,6,7,7,7,6,6,6,6,6,6,6,7,7,7,7,6,6,6,6,6,7,6,6,6,6,6,7,6,6,7,6,6,6,6,7,6,6,6,6,6,6,6,6,7,7,7,6,6,6,6,6,6,6,6,6,6,7,7,6,7,6,6,6,6,7,7,6,6,6,6,7,6,7,6,6,6,7,7,6,6,6,6,6,6,6,6,6,6,6,7,7,6,6,6,6,6,6,7,6,7,7,7,6,6,6,7,6,6,6,6,7,6,6,6,6,6,6,7,6,6,6,6,6,6,6,6,6,7,6,6,6,6,7,6,7,6,6,6,6,7,6,6,7,6,6,6,6,7,6,6,6,6,6,6,6,6,6,6,6,7,6,6,7,7,6,6,7,6,7,6,7,6,6,7,6,6,6,7,7,6,6,6,6,6,6,6,7,6,6,7,6,7,6,6,6,6,6,6,6,6,6,7,6,6,6,6,6,6,6,6,7,6,7,7,6,7,7,6,6,6,7,7,7,6,6,6,6,7,7,6,6,6,7,6,6,6,6,6,6,7,6,6,7,6,7,6,6,6,6,7,6,7,6,6,6,7,6,6,6,6,7,7,7,6,6,6,6,7,6,6,6,6,7,6,7,6,6,6,6,6,6,6,6,7,6,7,6,6,6,6,7,7,7,6,6,6,7,6,7,7,7,6,6,6,6,6,7,7,6,6,6,7,6,6,7,6,6,7,7,6,6,7,6,7,6,7,6,6,6,6,6,6,6,6,6,6,6,6,6,7,6,6,6,7,6,6,6,6,6,6,6,6,6,6,7,6,6,6,7,7,6,7,7,6,6,7,7,6,7,7,6,6,6,6,6,7,6,6,6,7,6,6,7,7,6,6,6,6,7,7,7,6,7,6,7,6,6,7,7,6,6,7,7,6,7,6,6,6,6,6,6,6,6,6,6,7,6,7,7,6,7,6,6,6,6,7,7,6,7,6,6,7,7,7,7,6,6,6,6,6,6,7,6,7,6,6,6,6,6,6,6,7,6,6,7,6,6,7,7,6,6,7,7,6,6,6,6,6,6,6,6,6,6,6,7,6,6,7,7,6,6,6,6,6,6,7,6,7,6,6,6,6,7,6,6,6,7,7,6,7,6,6,6,6,6,6,7,6,7,6,6,7,6,7,6,6,6,6,6,6,7,7,6,7,6,6,7,6,7,6,6,7,7,6,6,6,6,6,7,7,6,6,6,6,7,7,6,7,7,7,6,6,6,6,6,7,6,6,7,6,6,6,7,7,6,7,6,7,7,7,7,7,7,6,7,6,7,6,7,7,6,6,7,7,6,6,6,7,6,6,6,7,6,6,6,7,7,7,7,6,7,6,6,6,6,6,7,7,6,7,6,6,6,6,6,6,6,6,6,6,7,7,6,6,7,7,7,6,7,7,6,7,7,7,7,7,6,7,7,6,6,6,7,6,7,6,6,7,6,6,7,6,6,7,6,6,7,7,6,7,7,7,6,7,6,6,6,7,6,6,6,7,7,6,7,7,7,6,6,6,6,7,6,7,6,6,6,6,6,6,6,6,6,6,6,7,7,6,6,7,6,6,6,6,6,7,6,7,6,6,7,6,6,6,7,7,6,6,7,6,6,6,6,7,6,7,7,7,7,6,7,6,7,6,6,7,6,7,6,7,6,6,6,7,6,7,6,6,6,6,6,6,6,7,6,6,6,6,6,7,6,6,6,6,7,6,6,7,6,6,6,7,6,6,7,6,6,6,6,6,6,6,6,6,6,6,7,6,7,7,6,6,6,6,6,6,6,7,6,6,7,6,7,6,7,6,6,6,6,6,7,6,7,7,6,7,6,6,6,6,7,6,6,6,6,6,6,6,7,6,6,7,7,6,6,6,7,6,6,6,7,6,6,6,7,7,7,6,7,6,6,7,6,7,6,6,7,7,7,6,6,6,7,6,7,6,6,7,6,6,6,7,7,6,6,6,7,7,7,6,6,6,6,7,6,7,7,6,7,6,6,7,7,7,7,7,6,7,6,7,7,6,7,6,6,7,7,7,7,6,7,6,6,6,6,7,7,6,6,6,6]"
shape_7bc3f45cf04f6910e661,"[7,6,6,7,7,5,6,4,6,4,6,6,6,7,7,4,6,4,6,6,7,6,6,6,6,5,7,6,7,7,6,6,6,6,4,6,5,6,6,4,7,7,6,6,4,4,6,7,6,6,6,7,6,6,6,7,6,6,6,6,6,6,6,7,6,7,6,6,4,6,6,6,6,6,6,6,6,6,6,7,6,6,6,6,6,6,6,7,6,5,7,6,7,6,7,6,6,6,6,6,4,6,4,6,7,7,6,4,6,6,7,4,6,4,6,6,6,6,6,6,6,6,7,7,7,7,6,7,6,6,6,7,6,6,6,4,6,6,4,7,7,6,6,6,6,6,6,6,6,6,6,6,6,7,5,6,7,6,4,6,7,7,6,6,6,6,7,6,6,6,6,6,6,6,7,6,6,6,6,6,6,6,4,6,6,6,5,7,6,6,7,6,6,6,6,7,6,6,7,4,6,6,7,6,4,7,6,7,7,7,5,6,6,6,7,6,6,7,6,7,6,6,6,6,6,7,7,6,7,6,6,7,6,7,7,6,4,6,6,7,4,6,6,6,5,6,7,6,6,6,6,6,6,4,6,6,6,6,7,6,4,4,6,7,4,6,6,6,4,6,7,6,6,6,6,6,6,4,6,6,6,7,6,6,7,6,4,6,4,6,6,7,6,6,5,7,6,6,6,6,6,7,7,4,6,6,6,7,6,6,7,7,6,7,4,6,6,7,6,6,6,6,6,6,6,6,7,6,7,4,6,6,6,6,6,4,6,7,6,7,6,6,4,4,7,6,6,6,6,6,6,6,6,6,6,7,4,6,7,6,7,7,4,7,6,6,7,6,6,7,6,6,6,4,7,6,6,6,6,7,6,6,6,6,6,6,6,6,7,6,7,7,4,7,6,7,6,6,7,6,7,7,6,6,6,6,6,7,6,6,6,6,4,6,6,6,6,6,6,6,6,7,6,6,6,6,6,7,6,6,4,6,6,7,4,7,6,6,6,6,6,7,6,6,6,6,6,7,4,6,7,7,6,6,6,7,6,7,7,7,6,6,7,6,6,6,6,7,6,6,6,6,6,6,6,6,6,4,4,6,6,6,6,4,6,4,7,6,7,7,7,7,6,7,6,6,6,6,7,6,6,6,6,5,6,7,6,7,7,6,4,4,7,7,6,6,6,6,4,6,7,7,6,6,6,6,7,4,6,6,6,6,6,6,7,6,7,6,7,7,7,6,6,6,7,6,6,6,6,6,4,6,7,6,7,6,5,6,6,6,6,6,6,6,6,6,7,6,6,6,4,6,6,4,6,6,7,6,5,6,7,6,6,4,6,7,6,6,7,6,7,6,6,4,7,7,6,6,6,6,4,7,7,4,6,7,6,6,6,6,7,7,4,6,6,7,6,6,6,6,6,7,4,3,6,4,6,6,6,6,6,7,6,6,5,6,6,7,6,6,6,6,7,6,7,7,6,6,6,6,6,6,6,7,7,6,7,5,7,4,7,7,6,6,6,6,6,6,6,7,6,6,6,6,6,6,6,6,6,6,4,6,6,6,6,6,4,6,6,6,6,4,6,6,4,6,6,6,6,7,7,6,6,6,6,4,6,6,7,6,7,6,4,6,6,7,4,6,6,7,6,6,7,7,7,6,6,6,6,6,7,7,7,6,4,6,7,7,6,6,6,7,6,6,6,6,6,4,7,4,6,6,6,6,7,6,7,7,4,7,6,7,4,7,6,7,6,6,7,6,6,6,6,4,7,6,7,5,6,4,6,7,4,6,6,6,7,6,5,6,6,6,6,7,7,6,7,7,4,6,7,6,6,6,6,6,6,6,7,6,7,6,6,6,6,6,4,6,7,6,6,6,6,6,6,6,7,4,6,6,6,6,7,6,6,6,4,6,6,6,5,6,7,7,6,7,7,7,6,6,6,6,6,6,5,6,6,6,6,6,6,6,6,7,6,7,7,6,6,4,6,6,7,6,6,6,7,7,6,6,4,6,4,7,6,6,7,6,6,6,6,6,6,6,6,7,6,6,6,6,6,6,6,7,6,6,6,7,6,6,7,6,6,6,6,4,6,7,6,5,7,6,6,7,7,7,6,6,7,5,6,6,6,6,6,6,7,6,6,7,6,6,7,4,4,6,7,7,7,7,6,6,7,6,6,6,7,6,7,4,7,7,6,6,6,4,6,6,7,6,6,4,7,7,6,4,7,7,4,6,4,6,6,6,4,6,6,7,7,6,4,6,6,6,6,7,6,6,6,6,6,6,6,6,6,7,6,6,4,6,7,6,6,6,6,6,6,6,6,7,6,6,6,6]"
shape_b34c4b55882405e7f10f,"[6,5,6,5,6,5,4,6,6,5,6,6,6,5,7,6,4,6,4,6,6,5,4,4,6,5,6,6,6,6,6,7,5,4,7,6,6,6,6,5,6,6,6,6,6,6,6,5,7,6,7,5,6,7,6,6,6,4,4,6,6,6,7,4,5,6,6,6,5,6,6,4,7,6,5,5,6,5,4,4,6,5,6,7,4,4,7,5,4,6,5,6,6,7,5,4,7,4,6,6,5,5,6,6,4,5,4,6,6,6,6,6,5,6,6,6,6,6,6,6,6,5,6,5,6,6,6,5,5,6,6,4,7,4,6,6,5,6,6,5,6,7,6,6,4,5,4,6,7,6,4,5,6,6,6,5,6,5,6,7,6,5,6,6,6,6,6,5,6,5,6,6,6,6,6,7,7,6,5,5,6,5,6,6,6,5,4,6,6,6,7,5,6,6,6,7,6,4,6,6,4,6,6,6,6,6,4,4,4,7,4,4,6,6,6,5,5,6,5,7,6,6,6,6,6,6,6,5,4,5,6,4,6,6,4,7,5,7,6,4,6,6,6,6,7,4,7,4,4,5,6,5,6,7,6,7,6,6,4,7,5,4,5,4,4,6,6,4,4,6,6,6,6,4,6,4,6,6,5,6,6,7,4,6,6,7,6,5,6,6,4,4,6,6,6,6,6,6,6,6,6,6,6,6,6,6,6,4,6,5,6,6,5,7,5,5,7,6,6,6,5,4,6,6,6,6,6,6,6,5,6,6,6,6,6,6,6,5,6,5,7,6,6,6,6,5,4,6,4,6,6,5,7,7,6,4,6,6,6,5,6,6,7,6,5,6,7,6,5,5,4,6,5,6,6,4,5,6,4,6,6,6,5,5,6,6,6,7,6,6,4,4,6,5,6,4,6,6,5,6,6,7,7,6,4,6,4,6,5,6,6,6,6,4,5,5,5,7,6,6,6,6,6,4,5,4,6,5,7,6,7,6,5,5,6,6,6,6,6,5,4,6,6,4,6,6,6,6,4,6,6,4,7,4,4,4,6,6,6,6,5,6,6,6,6,6,6,6,6,5,4,6,7,6,7,6,5,6,6,4,5,7,7,4,6,6,6,6,4,4,6,5,5,7,5,5,6,5,6,6,5,6,6,6,4,6,6,4,6,4,5,5,4,5,4,6,6,6,6,6,5,6,5,4,6,6,6,5,6,5,5,6,4,6,6,4,6,7,6,4,7,6,5,7,6,6,6,6,6,6,5,6,5,6,4,6,4,6,4,5,6,5,4,7,6,4,6,6,5,4,6,6,5,5,5,7,6,5,7,5,5,6,4,4,7,6,4,6,4,6,7,6,6,4,6,4,6,7,4,6,5,6,6,6,6,4,5,4,5,6,6,6,6,5,4,7,6,6,7,6,6,5,4,6,6,4,5,6,4,6,4,6,5,5,6,6,4,6,5,5,6,6,7,6,6,6,6,6,5,6,6,5,6,5,5,5,7,6,7,5,4,6,6,5,6,6,6,7,7,6,6,6,5,6,6,5,6,5,5,6,4,4,4,4,6,4,6,6,6,5,7,6,6,5,5,5,5,4,5,4,4,6,7,4,4,7,6,6,6,6,6,4,6,6,4,4,5,4,6,6,6,4,6,5,5,6,5,6,6,7,6,5,6,5,5,6,6,6,6,4,4,4,6,5,4,4,6,6,5,6,6,7,6,6,4,7,6,6,4,6,6,5,4,7,4,5,6,7,5,6,6,5,5,6,6,6,6,6,5,5,6,6,6,6,6,5,6,6,5,6,5,6,6,6,6,5,6,7,7,5,7,5,5,6,7,6,5,6,5,5,5,6,5,6,6,6,7,6,6,6,6,5,4,7,5,6,7,6,4,6,7,6,7,4,4,4,4,5,6,6,7,7,5,4,6,6,5,6,4,6,6,4,6,6,5,6,6,6,6,6,5,4,5,6,6,6,6,4,4,6,6,7,5,6,6,6,6,6,4,5,6,6,4,5,7,6,4,5,6,4,6,6,7,6,6,5,6,6,4,6,4,5,5,6,6,6,6,4,6,6,6,6,5,4,6,7,6,6,5,7,4,6,5,4,6,4,6,5,4,6,4,6,6,6,5,6,6,6,4,6,6,6,7,5,6,6,6,5,6,4,6,5,6,6,6,5,5,6,6,7,5,6,7,6,6,6,6,6,6,5,6,4,4,6,6,6,6,7,5,4,6,7,6,5,5,6,6,6,5,6,6,6,5,6,5,6,7,4,4,6,4,4,6,7,6,6,7,5,4,4,6,6,6,6,5,6,6,6,6,4,4,6,4,6]"
shape_04b604cd4da0b4a526c6,"[7,5,4,4,5,4,4,4,4,4,4,4,4,4,5,5,4,4,4,4,5,5,5,5,5,5,5,4,4,5,4,5,5,4,5,5,5,4,4,5,5,5,5,5,4,4,5,5,4,5,6,5,5,4,6,5,4,4,5,5,5,4,5,5,4,5,5,5,5,5,4,4,4,4,5,4,4,5,4,5,4,4,4,0,5,4,4,4,5,4,5,5,5,4,5,4,0,4,4,4,4,4,4,5,5,6,4,4,4,5,4,5,5,4,4,5,0,5,4,5,7,5,4,5,5,4,5,4,5,4,6,5,5,4,5,4,5,5,5,5,4,4,5,4,5,6,4,4,5,5,4,4,5,4,5,4,4,4,5,5,4,5,5,5,5,5,4,4,4,0,5,5,5,5,4,5,5,5,5,4,5,5,4,4,5,6,4,4,4,5,4,5,0,4,5,5,4,4,4,4,5,5,5,4,5,5,4,4,4,5,4,5,4,5,4,4,5,4,5,5,4,4,5,5,5,4,5,5,5,0,5,0,5,4,4,5,4,4,4,5,4,5,4,5,4,4,4,5,6,5,4,4,5,0,7,5,4,4,4,5,4,6,0,0,5,0,4,4,5,5,5,4,4,4,5,5,4,4,4,4,5,5,6,0,4,5,5,7,4,4,4,5,4,5,5,4,5,4,4,4,5,4,5,4,4,4,7,5,5,4,4,4,4,4,5,4,5,5,4,5,6,5,4,5,4,5,4,4,5,6,4,5,5,4,5,5,4,4,4,4,4,4,4,4,5,5,5,5,5,4,4,4,4,5,5,5,5,5,5,0,4,4,4,4,5,4,5,5,4,5,0,4,5,5,5,4,4,6,5,5,0,5,4,5,4,5,5,4,4,5,5,5,4,4,5,5,4,4,5,5,4,6,5,5,0,4,5,4,4,5,5,5,4,0,4,5,4,4,7,5,5,4,5,4,4,4,4,4,5,5,4,4,5,5,5,4,4,5,5,4,4,0,4,4,5,5,4,6,4,4,4,4,5,5,5,5,5,4,5,4,5,4,5,4,4,5,5,4,5,4,4,5,7,0,4,6,5,4,4,5,5,4,0,5,4,0,4,4,5,5,4,5,4,5,4,4,4,4,5,5,4,5,5,5,6,5,4,4,5,5,5,0,4,5,4,5,5,5,4,4,4,4,5,5,5,5,5,4,4,0,5,7,5,5,5,4,4,5,4,4,4,4,5,5,5,4,5,5,4,5,5,5,4,4,4,5,5,5,5,5,5,5,5,5,4,5,4,4,4,4,5,0,4,5,4,4,0,4,5,5,6,4,4,4,4,4,0,4,4,5,4,4,5,5,4,5,4,5,5,4,5,5,5,4,4,5,5,6,4,4,5,5,4,5,4,5,5,5,5,5,4,4,5,4,5,4,4,4,4,5,5,4,4,4,4,0,4,5,4,4,0,4,5,5,5,4,4,4,5,4,4,6,0,0,4,5,4,5,5,7,5,4,4,4,7,4,4,4,4,5,4,4,5,4,5,4,5,5,4,5,5,4,0,4,5,4,5,4,5,4,5,5,4,5,5,4,5,4,4,5,4,4,4,4,4,5,5,0,4,0,5,4,5,4,5,4,4,4,7,4,4,5,7,5,4,5,4,5,4,5,5,4,5,5,4,4,4,5,5,6,4,4,4,5,6,5,4,4,4,5,6,4,4,4,4,6,5,4,5,4,5,4,4,0,5,4,5,4,4,5,4,4,5,5,4,5,4,4,4,4,5,5,4,4,5,4,4,5,5,4,4,4,5,5,5,4,5,4,4,4,4,5,4,6,4,4,5,4,6,4,5,6,5,5,5,4,4,5,4,5,5,5,5,5,5,5,4,5,5,4,4,5,4,5,5,4,4,5,6,5,4,4,4,7,7,6,4,4,5,4,4,5,5,5,5,4,4,4,4,4,4,5,4,4,4,4,5,5,5,5,5,4,5,6,5,4,4,4,5,5,5,5,4,5,5,5,4,5,4,5,5,4,4,4,4,4,5,4,4,3,5,5,4,5,4,4,0,4,4,4,4,5,4,5,4,4,5,4,4,5,5,4,5,4,6,4,4,4,5,5,4,5,5,5,5,5,4,5,4,5,0,5,5,4,4,5,4,4,5,5,4,5,4,4,5,5,4,4,4,5,4,4,4,5,5,4,5,5,5,4,5,4,5,4,4,4,5,4,5,4,0,5,5,5,4,6,4,5,4,4,6,4,0,0,4,4,4,5,5,5,5,4,4,4,5,4,5,4,5,5,5,5,4,4,4,4,5,5,4,4,5,5,4,4]"
shape_835b44139c5f45d9b0f9,"[6,6,6,6,7,6,6,6,6,6,6,6,6,6,7,6,6,6,6,6,6,6,6,7,6,6,6,6,7,6,7,6,6,6,7,7,6,7,6,6,6,6,6,6,7,6,6,6,6,6,6,6,7,6,6,7,6,6,6,6,7,6,6,6,6,6,6,6,6,6,6,6,6,6,6,6,6,7,6,6,6,6,6,6,6,6,6,6,6,6,6,6,7,6,7,7,6,6,6,7,6,7,6,6,7,7,6,6,6,6,6,6,6,6,6,6,7,6,6,7,6,6,6,6,6,6,7,6,6,7,6,6,6,7,7,6,7,6,6,6,6,6,7,6,7,7,6,6,7,6,6,7,6,6,6,6,6,7,6,6,7,7,7,6,6,6,6,7,6,7,6,7,6,7,6,6,6,6,6,6,6,6,6,6,6,6,7,6,6,6,6,7,6,6,6,6,6,6,6,6,6,6,6,6,6,7,7,6,6,6,6,6,6,6,6,6,6,7,6,6,6,6,6,6,6,6,7,6,6,6,6,6,7,6,6,7,7,6,7,7,6,6,6,6,6,7,6,6,6,6,6,7,7,7,6,6,6,6,7,6,6,6,7,6,6,6,6,6,6,7,6,6,6,7,7,7,6,7,6,6,7,7,7,6,6,6,7,7,6,6,6,6,6,7,6,6,6,6,7,7,6,7,6,6,7,7,6,6,6,6,6,6,6,7,6,7,6,6,6,6,7,6,6,6,6,6,6,6,6,6,6,6,6,6,6,7,6,7,7,6,6,7,7,6,6,7,6,6,7,6,6,6,6,6,6,7,6,6,6,6,6,6,6,6,7,7,6,6,6,6,7,7,6,6,6,6,7,6,6,7,7,7,6,7,6,6,6,6,7,6,6,6,6,6,6,6,7,6,6,7,6,6,7,6,6,6,7,6,7,6,6,7,7,6,6,6,7,6,6,6,6,6,6,7,6,6,6,6,7,6,6,6,7,6,7,6,6,6,7,7,7,6,7,6,6,6,6,6,6,6,6,6,6,7,6,6,6,6,6,6,6,7,6,7,6,7,6,6,6,6,7,6,6,6,6,6,7,6,6,6,7,7,6,6,6,6,6,6,6,6,7,7,6,6,6,6,7,6,6,6,6,7,6,6,6,6,6,6,7,6,7,7,6,6,6,7,7,6,6,6,6,7,6,6,7,7,6,7,6,6,7,6,6,6,7,6,6,6,6,6,6,6,7,6,6,6,6,6,6,6,6,6,6,6,6,6,7,6,6,6,6,6,7,6,6,6,6,6,6,6,6,6,6,6,6,6,7,6,6,6,7,6,7,7,6,6,7,6,6,7,6,6,6,6,6,6,6,6,6,6,6,6,6,6,6,6,6,6,6,6,6,6,6,6,6,6,6,7,6,6,7,7,6,6,6,6,6,6,6,6,6,6,6,6,6,6,6,7,6,6,6,6,6,6,6,6,6,6,6,7,6,7,6,6,6,6,6,6,7,6,6,6,6,6,6,6,6,6,7,7,6,6,6,6,7,6,6,6,6,6,6,6,6,6,6,6,6,7,6,7,6,7,6,6,6,7,6,7,7,6,7,6,7,7,6,7,7,7,6,6,6,6,6,7,6,7,6,6,7,6,6,6,6,6,6,6,6,7,6,6,6,6,6,6,6,6,6,6,7,6,6,6,7,6,6,6,6,6,7,6,6,7,6,6,6,7,6,7,6,7,6,6,6,6,6,6,6,6,6,6,6,6,6,6,6,6,7,6,6,6,6,6,7,6,6,6,6,6,6,6,7,6,6,6,6,6,7,6,7,6,6,7,6,6,7,6,6,6,6,6,7,6,7,6,6,6,6,6,6,6,6,7,6,6,6,7,6,6,6,7,6,6,6,6,6,6,6,6,6,7,6,6,6,6,6,7,6,6,6,7,6,7,6,6,7,7,6,7,6,6,6,6,6,7,7,6,6,6,6,6,7,6,6,6,6,6,6,6,6,6,6,6,7,6,6,6,7,6,7,6,6,6,6,6,7,6,7,6,6,6,7,7,7,6,6,7,6,7,7,6,6,6,6,7,6,7,7,6,6,6,6,6,6,6,6,6,6,6,7,6,7,6,6,6,6,7,6,6,6,6,6,6,6,6,6,6,6,7,6,6,7,7,6,6,6,6,6,6,6,6,6,6,6,6,6,6,6,6,6,6,6,6,6,7,6,6,6,6,6,6,6,7,7,7,6,6,6,6,6,6,6,7,6,6,6,6,6,6,6,6,6,6,6,6,7,6,6,6,6,6,6,6,6,6,6,6,6,6,7,6,6,6,6,6]"
shape_0864bfedc40f79d7abb8,"[0,1,1,1,1,0,1,7,0,1,0,1,7,1,1,0,1,0,0,1,0,1,1,1,1,0,1,1,0,0,0,1,1,1,0,0,1,1,1,7,1,1,0,0,1,5,0,0,1,1,0,0,1,1,1,1,1,1,1,1,0,1,1,0,0,1,1,1,0,1,0,1,1,1,0,1,0,1,1,0,7,1,0,1,1,1,1,1,5,1,0,0,1,1,0,1,0,1,1,0,0,5,1,0,0,1,1,1,0,1,0,0,0,1,1,0,1,0,1,0,1,0,1,0,1,1,1,1,1,1,7,0,1,0,0,1,1,1,1,1,1,1,0,1,1,0,1,1,0,0,1,0,1,0,0,0,1,0,1,5,0,1,1,1,0,1,1,0,1,1,1,0,1,1,1,0,1,1,0,0,1,0,1,1,0,1,0,1,1,1,1,1,1,5,1,1,1,0,0,1,5,0,1,1,0,0,1,1,1,1,0,1,1,0,1,1,1,0,1,7,1,1,1,0,1,0,1,1,1,1,0,1,1,1,7,1,7,1,1,1,1,0,1,0,1,1,1,0,0,0,1,0,0,0,1,1,1,0,0,0,1,1,1,0,1,1,0,0,1,1,1,1,0,0,1,1,1,1,5,1,1,0,0,0,1,0,1,1,1,1,0,1,1,1,0,0,1,0,1,0,0,0,0,1,1,1,1,7,0,1,1,1,1,1,1,5,0,1,5,0,0,0,1,1,1,5,0,1,0,1,1,1,5,0,1,0,1,1,1,0,0,1,1,0,1,0,1,0,1,1,1,1,1,5,1,1,0,1,1,0,1,0,1,1,1,0,0,1,1,1,1,1,0,1,1,1,1,1,0,1,1,1,1,1,1,1,0,1,1,5,1,0,1,1,1,5,0,0,1,0,0,0,0,1,1,1,1,0,1,1,1,1,1,1,1,0,1,1,5,1,1,1,0,1,0,1,1,0,1,0,1,1,0,1,0,1,1,0,1,1,0,1,0,7,1,1,1,1,0,0,1,0,0,0,1,1,0,1,1,0,1,1,0,1,0,0,0,0,0,1,1,1,1,1,1,1,1,1,1,1,0,1,1,1,0,1,1,1,1,1,1,1,0,0,5,1,1,1,0,0,1,1,1,0,1,1,1,1,1,1,1,0,1,1,1,1,1,1,0,1,7,1,0,1,0,1,1,1,1,0,0,1,1,0,1,1,0,1,1,1,1,0,1,0,1,1,0,1,1,1,1,0,0,1,1,0,1,1,1,1,1,1,1,1,0,0,0,5,1,1,0,1,1,1,1,1,1,0,5,1,1,1,1,1,5,1,1,7,1,1,1,0,1,0,0,1,1,0,1,1,1,1,0,0,7,1,1,1,0,1,1,0,1,5,0,5,1,0,1,0,0,1,1,0,1,1,0,1,1,1,0,0,0,1,1,0,7,1,1,1,0,1,0,1,1,1,0,1,1,1,1,1,1,1,0,5,1,0,1,0,1,0,1,0,1,0,7,0,1,0,1,0,0,0,0,0,1,1,0,5,1,0,0,1,1,0,0,1,1,0,0,1,1,1,0,1,1,0,0,1,1,1,1,1,0,0,1,1,0,1,1,0,1,0,1,1,1,1,1,1,1,1,1,1,1,1,1,1,1,1,1,1,1,0,1,0,1,5,0,1,1,1,0,0,0,1,5,1,1,1,5,1,1,0,1,1,1,0,1,0,0,0,0,1,0,1,1,1,1,0,1,5,1,0,1,1,0,1,1,0,0,7,0,5,1,0,0,0,1,1,0,0,0,1,1,1,1,1,1,1,0,0,1,1,7,1,1,5,0,5,0,1,0,1,1,0,1,0,1,1,1,0,1,0,0,0,0,1,1,0,1,1,1,1,0,1,0,0,0,1,1,1,1,1,0,1,0,1,1,0,1,1,0,1,1,1,0,1,1,0,1,1,1,1,0,0,1,1,1,1,0,0,1,0,0,1,0,0,0,1,1,1,1,1,0,1,1,1,0,1,1,0,0,5,1,1,1,1,0,0,1,0,0,1,0,0,1,1,0,0,1,1,0,0,1,1,0,1,1,0,1,1,0,1,1,0,1,5,1,0,1,1,1,0,1,1,1,0,0,0,1,5,1,1,1,1,1,1,0,1,0,1,1,0,0,1,1,1,1,1,1,5,1,1,1,1,0,1,1,1,1,1,1,5,1,0,1,0,1,1,0,0,0,1,1,1,0,1,1,0,1,1,1,1,1,0,0,5,5,0,1,0,1,1,0,1,1,5,1,1,0,0,0,0,1,1,1,1,0,1,1,1,1,0]"
shape_e6ba9f8aa402cd6b0835,"[0,5,5,4,7,1,4,5,5,4,5,4,4,4,0,4,3,4,5,4,4,5,4,4,5,5,4,4,4,5,6,5,7,6,5,5,5,0,5,4,0,4,4,5,5,4,0,7,0,4,4,4,4,4,5,4,4,4,3,0,5,0,5,0,4,4,5,4,5,4,5,5,4,4,7,4,5,6,5,4,4,5,7,4,4,5,1,4,4,5,4,5,5,4,5,0,4,4,4,5,7,5,0,4,5,0,5,3,4,6,5,4,5,4,0,4,5,7,5,4,4,5,5,4,6,4,6,4,0,7,5,1,6,4,5,4,4,4,7,0,4,4,4,7,4,7,7,5,5,4,5,4,5,5,7,5,0,5,4,4,4,5,7,5,6,4,4,6,5,0,4,4,5,4,4,4,6,7,4,5,4,5,4,7,5,0,4,4,5,5,5,4,5,0,4,5,4,4,4,1,5,5,4,6,0,4,4,0,5,4,0,5,5,4,4,4,5,5,5,5,4,5,0,4,5,4,4,4,4,0,4,4,4,7,4,0,4,4,4,0,4,7,6,6,1,4,4,3,4,4,5,4,5,5,4,4,4,0,4,5,4,4,6,4,3,4,5,6,4,5,7,6,0,5,4,5,7,4,5,4,7,5,3,0,4,5,7,5,5,0,4,7,5,4,5,0,4,4,4,5,6,4,4,4,5,6,5,6,4,5,4,7,4,4,6,4,6,4,4,4,0,5,4,5,4,0,7,4,4,0,5,4,1,4,4,4,4,4,3,5,1,5,5,5,4,0,4,0,5,5,0,0,4,5,4,5,4,5,4,7,4,0,5,4,4,5,4,4,4,6,5,7,7,4,0,5,4,4,4,0,7,5,4,5,4,5,4,7,6,5,4,4,4,4,6,4,4,4,6,0,4,7,4,5,0,5,5,5,4,4,4,4,0,4,4,5,4,0,5,5,4,4,5,4,4,7,4,4,0,4,1,4,5,0,5,4,4,4,4,5,5,7,4,4,7,6,4,5,4,5,5,4,4,3,6,4,6,7,4,4,7,5,0,0,6,4,4,4,6,4,0,0,4,4,4,4,4,5,6,0,0,4,4,0,4,4,0,5,0,5,4,4,4,4,7,5,5,4,4,4,4,5,5,7,5,0,4,7,6,4,0,4,4,5,4,6,4,5,5,5,4,4,4,5,6,4,7,7,7,5,4,7,3,0,0,0,4,5,4,5,4,4,6,4,6,4,5,5,7,5,4,5,5,6,4,5,5,4,7,4,4,4,6,5,5,6,5,5,5,4,5,4,5,4,4,4,4,7,5,4,4,5,4,4,4,6,5,4,5,1,4,6,4,5,0,7,5,4,5,4,4,4,4,4,0,4,4,4,5,4,5,4,5,4,3,0,4,4,5,4,4,4,4,0,4,5,3,4,0,5,6,4,0,5,5,7,4,6,4,4,0,5,0,4,4,5,5,4,4,4,4,4,4,5,4,5,4,4,4,4,3,4,4,5,5,4,4,0,4,5,0,4,4,4,0,6,4,4,4,6,5,6,0,0,3,4,7,6,5,4,4,5,6,5,4,4,0,4,0,6,0,5,6,4,5,5,4,5,4,6,5,4,5,1,5,3,4,4,4,4,3,6,5,4,0,4,4,4,5,7,5,4,5,4,7,7,0,3,0,4,5,4,0,5,4,5,5,4,5,6,4,3,4,4,5,5,6,6,0,5,5,4,0,4,6,5,4,6,5,4,4,4,7,4,4,4,4,6,4,4,4,4,4,4,6,4,4,6,7,0,5,5,7,5,4,0,4,4,5,4,0,4,5,4,3,6,5,5,5,4,4,4,4,4,4,0,6,4,0,5,4,4,5,0,4,3,4,4,5,0,4,3,5,4,5,4,4,4,4,5,4,4,7,7,2,5,5,5,4,0,6,0,7,4,4,4,4,4,0,5,5,7,5,4,5,4,4,5,4,4,4,7,4,4,5,4,4,0,5,4,4,4,4,0,5,4,5,5,4,4,4,5,4,4,4,4,5,6,4,4,1,4,4,4,6,5,4,4,5,4,5,0,5,4,4,5,0,4,0,4,4,4,4,4,4,4,4,4,0,5,6,7,5,7,4,4,5,4,4,0,0,4,3,4,4,4,0,5,4,4,5,4,4,7,5,0,4,5,4,5,4,7,0,3,4,6,4,4,5,4,4,4,4,5,0,4,5,4,4,4,4,1,3,5,4,0,5,3,5,4,3,5,6,5,6,4,5,7,7,4,5,7,4,0,5,5,4,5,5,4,4,4,6,0,4,5,4,4,4,0,5,4,4,0]"
shape_d0d8cd48b2c7dd2fcc5f,"[7,6,7,6,6,6,7,6,7,6,7,6,6,6,6,6,6,7,6,6,7,6,6,6,7,6,6,6,6,7,6,7,7,6,6,6,7,7,7,7,6,6,6,7,6,7,7,6,7,7,6,6,6,6,6,6,6,6,7,6,7,7,6,6,7,6,6,6,6,6,6,7,6,7,7,7,6,6,7,6,6,7,6,6,7,6,7,6,6,7,6,7,6,6,6,7,6,6,6,6,6,7,6,7,6,6,7,6,6,7,6,6,6,6,7,6,6,6,7,7,6,7,7,6,7,7,6,6,6,6,7,6,6,6,6,6,6,7,6,7,6,6,7,6,6,6,6,7,6,6,7,7,6,6,6,6,6,6,6,6,7,6,6,6,7,7,6,6,6,6,6,6,7,6,6,7,7,6,6,6,6,7,7,6,6,6,7,7,7,7,6,6,6,7,6,7,7,6,6,6,6,6,6,6,6,6,6,6,6,7,7,6,6,6,6,7,6,6,7,7,6,6,7,7,7,6,7,7,6,7,7,6,7,6,7,7,6,6,7,7,6,6,6,6,7,6,6,7,6,6,6,6,7,6,7,6,7,6,6,6,6,7,6,7,7,6,6,6,7,6,6,6,6,6,7,7,7,7,6,7,6,6,7,6,6,6,7,6,6,7,6,7,7,6,6,6,7,6,6,7,7,6,6,6,6,6,6,7,6,6,7,6,6,6,7,6,7,6,6,6,7,7,7,6,7,6,7,6,6,7,7,7,6,6,6,7,6,6,6,6,6,6,7,6,6,7,6,7,7,7,7,6,6,6,6,7,7,6,6,6,7,6,7,6,6,7,6,6,7,6,7,6,6,6,6,6,7,6,7,6,6,6,7,6,7,6,7,6,6,6,7,7,7,7,6,6,6,6,6,6,7,6,6,6,7,6,6,6,6,6,6,6,6,7,6,6,7,6,7,7,6,6,6,7,7,6,7,7,6,6,7,6,7,7,6,6,6,7,6,7,6,7,6,6,7,7,6,6,6,6,6,7,6,6,6,7,6,6,6,7,7,6,6,6,7,6,7,7,6,6,6,6,7,6,6,6,6,6,6,6,7,6,7,6,6,6,6,7,7,6,6,7,6,6,6,7,7,7,7,6,6,7,6,7,6,6,7,6,6,6,6,7,6,7,7,6,7,6,6,6,7,6,7,7,6,6,7,7,6,6,6,6,6,6,6,7,6,6,7,6,7,6,6,6,7,7,7,6,6,6,6,6,6,7,7,6,7,6,6,7,7,6,6,6,6,7,6,6,6,6,6,7,7,6,6,6,7,6,6,6,7,6,6,7,6,6,6,6,6,6,7,6,7,6,7,6,6,7,6,7,6,6,6,7,6,6,7,6,7,6,6,6,6,7,6,6,6,7,6,6,7,7,7,6,7,6,7,6,7,6,7,6,7,6,7,6,6,7,6,6,6,7,7,6,6,6,6,6,7,6,7,7,6,7,6,6,6,7,6,6,7,7,7,6,6,6,7,6,6,6,7,6,6,7,7,7,7,6,6,6,7,6,6,6,6,6,7,6,6,6,6,6,7,6,6,6,6,7,7,6,7,6,6,6,6,6,6,6,6,7,6,7,7,6,7,6,6,6,7,7,6,6,6,6,6,6,7,6,6,6,6,7,7,7,6,7,6,6,7,6,6,6,7,7,7,7,6,6,7,6,6,6,6,6,6,6,6,7,6,6,7,6,7,6,6,6,6,6,7,6,7,6,7,6,6,6,6,6,6,6,7,6,6,6,6,6,7,6,6,6,6,6,6,6,6,7,6,7,7,6,7,7,6,7,6,7,6,7,6,7,7,7,6,6,6,7,7,6,6,6,6,6,6,7,6,6,7,7,7,6,7,7,6,6,6,6,6,7,6,7,6,6,7,6,6,6,7,6,6,6,7,7,7,6,6,6,6,6,6,6,6,7,6,6,6,6,6,6,6,6,6,7,6,6,6,6,6,6,6,6,6,6,6,7,7,6,6,7,6,6,6,7,6,6,6,7,7,6,7,7,6,7,7,6,7,6,6,6,6,6,6,6,6,6,6,7,6,6,6,6,6,6,6,7,6,6,6,7,6,6,6,6,7,6,6,6,6,6,6,7,6,6,6,7,6,7,6,7,6,6,6,6,6,6,6,6,6,6,6,7,7,7,7,7,6,6,7,7,6,6,6,7,6,6,6,7,6,7,6,6,7,7,6,6,6,6,6,6,6,7,6,6,7,7,6,6,6,6,7,6,6,6,7,7,7,6,6,6,6,6,6,6,7,7,6,6,6,6,6,7,6,6,6,7]"
shape_d627c0073bb576ebad62,"[4,5,4,6,5,4,4,4,4,4,4,5,4,5,4,5,5,5,5,5,5,5,4,4,6,5,4,4,4,4,5,5,5,5,6,5,4,4,4,6,5,4,5,4,4,5,4,5,5,6,4,5,5,4,4,4,5,7,5,4,5,4,5,5,4,4,4,6,6,4,5,4,4,4,4,5,4,5,5,5,5,5,7,5,5,6,4,5,4,4,5,4,5,4,7,5,4,5,4,7,4,5,4,4,7,5,5,4,5,4,4,6,5,5,6,5,5,4,4,4,4,5,5,4,4,4,4,4,4,5,4,7,5,5,5,5,5,4,4,5,5,4,5,4,5,6,4,4,5,6,4,4,4,5,4,5,5,6,5,5,5,4,4,5,5,4,5,5,5,5,5,4,6,4,4,4,4,5,4,5,6,6,5,4,5,6,4,7,4,5,5,5,5,5,7,4,5,4,4,5,5,5,5,4,6,4,4,5,4,4,4,4,5,4,4,6,5,4,5,5,5,5,5,4,5,5,4,4,4,6,4,5,5,4,5,4,4,4,4,5,5,5,5,4,4,4,5,5,4,4,5,5,4,4,4,5,4,4,4,5,4,4,4,6,6,4,5,5,6,4,5,4,5,4,5,5,5,4,5,5,4,5,6,4,5,4,6,5,4,5,5,6,5,4,4,4,4,4,4,6,4,6,4,4,6,4,6,4,7,4,6,7,5,5,4,4,6,4,5,4,6,6,5,4,4,5,4,5,6,5,5,7,5,5,6,6,4,7,4,4,4,4,5,5,5,5,4,4,6,4,5,4,5,4,5,4,7,6,5,4,4,5,4,4,4,4,5,4,6,4,4,4,4,6,4,5,5,4,5,5,4,4,4,5,4,5,5,5,4,4,4,5,4,4,5,5,4,4,6,5,5,4,5,5,4,4,4,4,4,4,4,5,5,5,5,4,4,5,4,4,7,4,4,5,4,4,4,4,4,5,4,5,5,5,5,5,4,4,4,6,5,4,5,5,5,4,5,4,4,5,5,4,4,5,7,4,5,4,5,6,5,4,6,5,5,5,4,4,4,5,4,4,5,4,4,5,4,4,4,4,4,5,5,4,6,4,4,4,5,5,4,5,4,6,5,4,4,4,4,5,5,5,4,4,4,5,4,5,6,5,4,5,4,4,5,5,5,5,4,5,5,4,4,5,6,4,4,4,5,7,4,4,4,4,4,4,5,5,5,4,5,4,4,4,5,4,5,4,4,5,5,4,5,7,6,4,5,4,4,5,4,7,5,5,5,4,5,7,4,5,5,5,4,5,5,5,4,4,6,5,5,4,7,5,4,5,5,6,5,4,6,7,4,5,4,7,5,4,4,4,4,5,6,4,4,7,5,4,4,4,4,6,4,5,4,4,5,5,4,5,4,4,5,5,5,5,6,4,5,7,5,5,4,6,6,5,6,4,6,4,6,7,5,4,5,5,6,4,6,4,5,4,4,4,5,5,5,4,5,4,4,6,4,4,4,5,4,5,4,4,5,4,6,5,4,5,4,5,6,6,4,5,4,5,6,6,4,4,4,6,4,5,4,4,4,4,5,5,7,7,4,5,5,6,7,4,5,5,5,4,4,4,5,4,4,5,5,5,6,4,5,5,5,5,5,4,4,4,5,4,7,4,5,5,5,4,5,6,4,5,4,5,5,4,5,5,5,5,4,4,5,6,4,5,5,5,7,4,5,5,4,5,6,4,4,4,5,6,4,4,4,7,4,4,6,4,4,6,5,6,6,4,4,4,4,4,5,4,4,5,5,4,4,5,6,5,5,5,4,6,4,4,6,5,5,4,4,5,4,5,5,4,4,6,4,5,5,4,7,4,4,4,5,7,5,5,5,5,4,4,5,5,5,5,5,4,4,5,4,5,6,5,5,6,4,4,6,4,5,5,6,5,4,4,6,5,6,5,4,7,4,4,4,5,5,5,6,4,5,4,4,4,6,4,5,4,4,6,4,4,4,4,5,5,4,5,4,4,4,5,4,5,4,4,5,4,4,6,4,4,6,4,4,5,4,4,4,4,4,4,6,5,5,4,5,5,4,5,5,5,4,4,5,5,4,4,6,5,5,4,5,4,5,4,4,5,6,5,5,5,4,5,4,5,4,5,7,4,5,6,5,5,4,5,4,4,6,4,4,5,4,5,7,5,4,5,4,4,6,5,5,6,4,6,5,5,5,5,5,4,4,4,5,5,6,6,5,6,4,5,4,5,4,5,5,4,6,4,5,5,6,5,5,4,4,4,4,4,4,5,6,4,4,4,4,5,5,5,5,4,4,4,5,4]"
shape_b61b101f39c28cbc667a,"[0,3,5,3,5,0,4,5,5,3,4,4,3,4,5,7,4,3,5,4,4,0,4,4,3,3,3,3,5,0,5,3,3,3,3,0,7,5,5,3,5,3,5,3,3,5,4,5,3,3,3,3,3,4,3,3,3,4,4,3,5,5,4,4,5,4,3,3,4,5,5,3,5,0,3,3,0,4,5,3,3,5,4,3,5,5,3,5,3,3,5,4,5,3,3,3,4,4,3,3,3,3,5,3,7,3,3,4,3,5,4,0,5,3,5,4,5,5,3,3,3,5,3,5,3,5,3,4,3,3,3,5,4,3,3,5,4,0,5,5,5,3,5,3,5,3,5,3,5,5,5,3,4,3,3,3,3,3,4,5,3,5,5,4,3,4,3,3,4,3,5,5,4,3,0,3,3,3,4,3,3,5,4,3,3,5,5,5,3,3,5,5,5,3,3,4,3,4,4,5,4,0,3,3,3,3,4,3,4,3,0,3,4,5,3,3,5,3,5,5,0,5,5,5,5,0,3,5,5,3,5,5,3,3,5,4,3,5,3,3,3,3,4,5,3,3,4,3,3,3,3,3,3,5,5,3,3,4,4,3,4,3,5,4,5,4,5,3,3,3,4,5,5,3,5,5,0,3,5,3,0,3,3,3,4,3,3,3,3,3,3,4,4,5,3,5,3,5,4,5,3,5,4,4,3,3,0,5,3,4,3,4,3,3,3,3,3,3,5,4,3,3,3,5,5,3,5,4,0,5,3,5,4,4,3,5,3,3,5,3,4,3,4,4,4,3,3,3,4,4,3,5,5,3,3,4,3,0,3,4,5,0,3,5,3,5,3,5,4,7,4,3,3,3,3,4,7,4,5,5,3,3,5,5,4,4,3,3,3,5,3,5,3,3,3,3,3,5,3,5,4,5,4,4,5,3,3,4,3,3,5,4,5,3,0,0,4,4,5,3,3,0,4,3,3,3,5,5,3,3,0,3,3,3,3,5,3,3,5,3,5,3,3,4,3,3,3,4,3,5,0,3,5,3,3,3,4,5,3,4,3,5,3,3,5,4,5,3,3,3,4,3,3,3,5,4,5,5,3,4,4,4,3,5,3,4,3,5,5,5,3,5,3,3,4,3,4,3,5,3,3,6,4,3,3,3,3,5,3,3,5,5,4,3,5,3,4,3,4,3,3,5,5,5,3,3,5,3,3,3,4,4,5,3,3,3,4,4,3,5,4,3,0,3,4,3,3,5,5,3,3,3,4,3,3,5,5,3,5,3,3,3,5,5,3,0,3,3,5,4,3,5,3,3,3,3,4,3,4,5,3,3,3,5,3,4,0,3,5,3,5,0,4,4,5,3,3,4,5,3,5,5,4,7,3,5,3,5,5,3,3,3,4,5,0,3,3,5,4,3,7,5,3,3,4,3,3,5,5,3,5,3,4,5,5,3,3,4,4,5,5,4,5,3,4,5,3,3,3,4,5,3,5,3,3,4,3,5,3,4,4,3,4,3,3,4,4,5,3,3,3,3,3,7,4,3,4,3,3,4,5,5,4,5,4,5,5,4,5,5,3,3,5,0,5,3,0,3,3,3,5,3,3,3,3,3,0,4,3,3,5,3,3,7,4,5,3,3,5,3,5,5,5,3,4,3,5,5,3,6,5,3,4,4,5,3,3,7,5,3,4,3,3,5,5,3,3,3,3,3,3,3,5,3,0,0,3,3,5,3,3,5,4,5,5,3,5,3,3,5,3,3,3,3,3,5,4,0,3,3,5,6,0,4,4,3,3,4,3,5,3,5,4,3,5,5,4,3,5,5,3,3,3,5,3,0,3,3,5,4,4,4,3,3,3,4,3,7,3,3,3,3,3,3,4,3,3,3,3,3,4,3,3,5,3,3,5,3,5,5,4,5,3,3,5,4,4,3,3,5,4,3,4,5,4,5,7,4,3,3,4,7,5,3,0,5,4,5,3,5,3,5,5,4,7,0,3,3,3,4,5,3,3,3,4,6,4,5,3,3,3,5,4,3,3,3,3,3,4,5,4,4,3,3,5,3,5,3,5,5,5,5,3,3,4,3,5,5,3,3,3,3,4,3,3,3,5,5,3,5,5,3,4,5,3,4,0,5,3,3,3,5,3,5,4,3,3,3,3,4,3,3,3,5,4,3,4,4,3,5,3,3,5,3,3,4,5,3,4,3,3,5,4,7,5,3,5,4,5,3,5,3,3,5,5,5,3,3,3,4,5,3,3,0,5,3,3,4,3,4,3,4,3,5,4,4,3,5,3,4,3,0,4,5,3,5,5,4,6,5,5,3,0,3]"
shape_16de531235c9a7730a65,"[6,6,6,6,7,6,6,6,6,6,6,6,4,6,6,4,4,4,7,4,4,6,6,6,4,6,6,6,6,6,6,7,6,7,7,4,7,6,6,7,6,6,6,6,6,6,6,6,7,6,6,7,7,6,7,6,6,7,6,5,6,7,7,4,7,6,6,6,6,6,6,4,4,7,7,6,6,6,6,6,5,7,4,5,4,6,6,6,4,4,7,5,7,6,7,4,6,7,7,6,7,7,6,6,7,7,7,6,4,4,6,7,6,6,6,4,6,4,6,6,7,6,4,6,6,4,6,6,6,6,6,6,6,6,6,7,5,4,6,6,7,4,4,6,6,6,6,6,7,7,6,5,7,7,6,6,6,6,6,7,7,4,6,6,6,6,6,6,7,6,4,6,6,7,6,4,6,6,4,7,6,6,6,4,4,6,7,6,7,6,5,6,7,4,4,4,6,7,7,7,7,7,6,6,6,7,5,6,7,6,6,4,7,7,7,6,7,6,5,7,4,6,4,7,6,7,7,6,6,6,6,7,7,7,7,4,4,7,4,6,5,6,6,7,6,7,6,6,4,4,7,6,5,7,6,4,6,4,7,6,6,7,6,6,5,7,5,4,6,4,7,7,6,6,6,6,6,4,5,4,6,7,4,6,6,7,7,6,7,7,5,6,6,4,5,4,6,4,6,7,6,7,4,7,5,7,7,6,6,6,6,5,6,6,7,6,7,6,6,6,6,6,4,6,6,5,7,6,6,5,7,7,5,6,6,6,7,6,5,6,7,6,5,7,6,6,6,6,6,4,6,6,4,7,6,4,6,7,6,6,6,7,6,6,6,6,7,6,6,6,6,7,6,6,6,5,7,4,7,6,7,4,6,6,6,4,7,4,6,6,6,7,5,7,4,6,6,6,6,6,6,6,5,6,6,4,7,4,7,4,6,5,6,7,7,7,6,4,7,7,4,6,6,6,7,4,4,7,7,6,7,6,6,7,6,6,4,6,7,7,7,6,7,7,6,7,6,4,5,7,6,6,7,6,6,6,6,7,6,6,6,5,7,6,6,4,7,4,6,6,6,6,7,6,6,6,4,7,4,6,6,7,7,6,6,6,7,6,7,6,4,6,6,6,6,4,6,6,7,6,7,6,7,6,7,7,6,7,6,6,6,4,4,7,6,5,6,6,4,6,6,5,6,7,7,7,6,7,6,6,4,6,6,7,6,6,7,6,6,6,7,4,6,6,6,7,6,6,6,7,4,7,6,7,6,4,6,4,7,6,7,6,5,7,7,6,7,6,7,6,6,6,6,6,6,7,7,4,6,7,7,6,7,7,7,6,4,7,7,7,4,7,6,4,6,6,5,6,6,6,6,6,6,7,7,6,6,6,6,6,7,4,6,6,5,6,5,7,6,4,6,4,6,6,6,6,6,5,7,7,7,4,4,7,7,4,6,6,7,4,5,6,6,6,7,6,6,7,7,4,6,4,4,7,6,7,6,6,4,7,5,6,7,6,7,6,6,6,7,6,7,6,7,4,6,6,6,4,6,7,7,7,6,6,6,7,6,6,4,4,4,7,7,6,6,4,6,6,7,6,6,6,7,4,7,6,7,7,4,7,6,6,6,6,6,7,6,4,6,7,6,6,6,7,6,6,5,6,7,7,7,6,6,6,5,6,6,7,6,6,6,7,7,6,6,4,6,7,7,5,7,4,6,6,6,6,7,6,4,6,4,6,6,5,6,5,7,7,6,6,4,7,7,5,7,6,6,6,4,7,5,6,6,7,6,6,6,6,4,6,6,7,6,6,6,6,4,7,6,6,4,6,7,7,7,7,4,6,6,6,4,4,7,4,6,6,4,7,6,7,4,5,6,6,6,4,4,7,6,4,7,6,7,7,4,7,6,6,7,6,4,4,4,7,6,5,6,6,6,6,6,7,6,6,7,6,6,6,4,6,6,4,6,7,6,7,7,7,7,7,6,7,6,7,6,6,5,6,6,6,6,6,6,6,4,6,6,4,7,6,6,6,4,4,6,6,7,6,6,6,7,6,6,7,6,6,7,7,7,6,6,6,4,7,6,6,7,6,7,7,6,6,4,7,6,4,7,6,7,7,6,7,6,6,4,6,6,7,7,6,4,7,6,4,6,7,7,6,6,6,6,7,5,6,6,4,5,7,4,6,4,6,7,6,5,7,5,6,6,7,7,5,6,6,6,7,6,7,4,6,6,7,6,5,4,6,6,7,6,7,4,7,4,6,7,7,6,6,6,6,6,6,6,7,6,6,6,4,4,7,6,6,4,6,7,6,7,6,4,6,6,4,6,5]"
shape_77423404dd8f3df461eb,"[7,6,7,6,6,7,6,6,6,4,6,7,4,6,6,6,6,4,6,7,4,6,4,4,6,6,6,7,6,7,4,6,6,7,4,5,7,6,6,6,4,6,4,6,7,6,6,7,6,6,4,4,4,6,7,6,6,6,6,6,6,6,6,7,6,6,6,7,6,6,6,6,6,7,7,6,6,6,4,6,6,6,6,4,6,6,7,6,6,7,6,7,4,7,4,6,7,6,6,7,4,6,6,4,6,7,7,6,7,7,6,6,6,6,6,6,6,6,6,6,6,6,7,4,6,6,4,6,6,4,6,7,7,4,6,6,6,4,6,6,6,6,7,4,6,6,7,7,6,4,6,7,6,7,4,7,6,6,6,6,6,4,6,6,6,7,6,7,6,6,7,7,7,6,4,7,6,6,6,4,6,6,6,7,4,6,6,6,7,6,6,6,7,6,4,6,6,4,6,6,6,6,6,6,6,6,4,6,6,6,7,6,6,4,6,6,4,6,7,4,7,4,6,7,4,6,4,6,4,7,6,6,7,6,6,6,6,6,7,6,6,6,6,6,6,6,4,6,5,6,7,4,6,6,6,7,6,6,6,4,6,6,7,6,6,4,5,6,6,7,6,5,6,6,7,6,6,6,6,4,7,5,6,7,6,7,4,6,6,6,6,7,6,6,7,6,5,6,6,6,7,6,6,6,6,7,7,6,7,7,6,6,4,6,6,6,7,4,6,6,7,6,6,4,4,6,6,7,6,6,6,6,6,6,6,7,5,6,6,7,6,6,4,7,6,7,6,7,7,6,6,4,6,4,6,6,4,7,7,6,6,6,6,4,6,6,4,6,6,6,6,6,4,7,4,6,6,4,6,6,6,6,4,7,6,5,7,4,4,7,6,6,6,6,6,6,5,6,5,4,6,6,4,7,7,6,6,6,6,4,7,6,4,6,6,6,6,6,6,6,6,6,6,4,7,6,6,6,6,7,4,7,6,6,6,6,6,6,7,6,6,7,6,7,4,6,6,7,6,4,6,7,6,6,4,4,6,7,6,6,7,6,7,6,6,6,6,4,6,6,6,4,6,4,6,7,6,7,7,6,7,6,6,6,6,4,6,6,6,6,5,4,6,6,6,6,6,7,6,7,4,7,6,6,6,7,7,7,7,7,7,6,6,7,6,6,4,6,4,6,6,6,6,7,6,6,7,6,6,7,4,6,7,6,6,7,7,6,6,6,7,6,5,6,7,4,6,6,6,7,6,6,7,6,6,6,4,6,6,5,6,4,6,4,5,4,6,7,7,7,6,7,4,6,6,6,7,4,6,6,4,6,6,6,7,7,6,7,7,6,6,6,7,6,6,6,7,6,6,4,4,6,7,4,6,4,6,4,6,6,6,6,7,6,7,7,4,6,6,4,6,6,4,6,6,6,7,6,7,4,6,6,7,6,6,4,6,4,6,6,7,6,6,4,6,6,6,6,7,6,5,7,6,6,4,7,6,6,6,4,6,7,6,7,4,4,7,6,7,5,6,6,6,6,6,4,6,4,4,6,7,6,7,7,7,7,6,6,6,7,7,7,6,4,7,6,6,6,6,6,6,7,6,4,6,6,6,5,6,6,6,7,7,7,6,6,6,6,6,6,6,6,6,6,6,6,6,4,4,6,4,6,4,6,5,6,7,6,6,6,7,4,6,6,6,7,7,6,6,7,6,6,6,6,7,6,6,6,6,6,6,6,6,7,7,6,7,6,6,6,4,6,6,6,7,6,6,6,6,6,6,6,6,7,6,6,6,7,6,6,6,6,6,6,7,4,6,6,6,4,6,6,4,4,7,6,6,6,6,6,5,6,7,6,7,7,6,4,6,6,6,6,6,6,6,6,5,6,6,7,6,7,7,7,6,6,6,6,6,4,6,7,6,6,7,6,7,6,7,6,6,7,6,6,7,6,7,6,6,6,7,7,7,6,6,6,7,7,6,6,6,6,4,6,6,6,6,4,7,6,6,7,6,6,6,7,7,7,6,6,6,6,6,6,4,4,6,7,5,7,4,6,6,6,7,6,6,6,7,4,6,7,6,6,7,6,6,6,6,6,6,6,6,6,6,6,6,4,7,4,7,7,6,7,6,6,6,5,7,6,6,6,7,6,7,6,7,6,6,6,4,6,6,6,6,6,6,6,6,6,6,6,6,7,4,7,6,6,6,5,6,7,6,6,4,4,6,7,6,6,6,6,6,6,7,7,6,6,6,6,7,6,7,7,7,4,4,6,7,6,6,6,6,6,4,7,4,7,6,6,6,6,5,7,6,7,6,5,6,6,4,6,7,7]"
shape_d16b2849067d0f6de4e3,"[5,6,7,6,6,6,7,7,6,7,6,6,7,7,7,7,7,5,5,7,5,5,7,6,6,7,7,6,7,5,6,7,7,6,5,6,7,7,7,7,6,7,5,7,7,7,5,5,7,6,7,5,7,5,7,7,6,6,6,6,6,6,7,7,6,6,6,6,6,6,7,6,7,6,6,6,7,6,7,7,6,5,7,7,6,7,7,7,7,6,6,7,7,5,7,6,5,6,6,6,6,6,7,6,6,7,6,5,7,6,6,7,7,7,5,7,6,7,6,7,7,6,7,7,6,6,7,6,7,6,6,7,7,7,6,7,7,6,7,7,6,7,6,5,6,7,6,5,7,7,5,7,5,6,7,5,7,7,7,6,7,6,7,6,7,6,7,6,7,6,7,6,7,7,6,7,7,7,7,7,6,6,5,6,6,7,7,6,7,6,6,7,7,7,7,5,6,7,6,7,7,6,7,7,6,7,5,4,7,7,6,7,6,6,7,6,7,6,6,7,7,6,7,5,6,7,5,6,5,6,7,7,7,7,5,7,6,7,7,6,6,7,6,5,6,7,7,7,7,7,7,6,7,6,6,6,6,6,7,6,4,7,5,6,7,7,7,7,7,6,6,7,7,7,6,6,6,5,7,5,7,6,7,6,6,7,6,5,7,7,6,7,7,6,7,6,7,7,7,6,7,6,6,5,6,5,7,6,6,7,7,6,5,7,6,6,7,7,5,6,7,7,7,5,6,5,7,6,6,6,6,7,6,5,6,6,7,6,6,7,6,6,7,6,7,7,7,6,6,7,7,6,7,6,4,7,6,7,6,7,6,6,7,6,7,6,6,6,6,6,7,5,7,7,7,7,7,7,7,7,6,7,7,7,6,7,6,7,6,5,7,6,5,5,6,6,6,6,7,6,7,7,6,6,7,6,7,7,7,7,5,5,7,6,6,5,6,7,7,6,6,5,5,6,7,7,6,6,5,6,6,6,6,7,7,6,6,6,6,6,7,6,7,5,7,7,6,7,5,6,6,6,6,7,7,7,7,6,7,6,6,7,7,6,7,6,6,6,7,7,7,5,7,5,7,7,6,7,7,7,5,6,7,7,5,7,6,7,5,6,7,6,7,7,7,7,7,6,6,6,6,6,7,6,7,7,6,7,7,7,6,6,6,7,6,6,6,6,6,6,6,6,7,6,6,5,6,5,6,7,6,6,6,6,7,5,7,7,6,5,7,5,7,7,6,7,7,7,6,6,7,5,7,6,6,6,7,6,6,6,6,5,7,6,6,7,7,7,7,6,6,7,6,6,5,7,6,6,7,6,7,5,7,7,5,6,6,6,6,6,7,7,7,7,7,5,6,6,7,7,7,6,6,7,7,7,7,6,6,7,7,5,5,5,6,6,6,7,7,6,7,5,7,7,6,5,6,6,7,7,5,7,5,7,7,7,7,7,7,6,6,7,7,7,7,6,6,6,6,6,6,5,7,7,6,6,7,6,6,7,6,6,7,5,6,7,6,5,7,7,6,6,7,5,7,7,4,7,6,6,7,6,6,6,6,7,7,7,6,7,6,6,5,5,6,6,6,5,7,5,6,7,5,7,5,7,6,5,5,7,7,7,6,7,6,5,6,5,7,7,6,5,6,1,5,5,7,6,6,7,7,6,6,7,7,6,5,7,6,6,7,6,6,6,5,6,6,6,6,7,6,6,6,6,5,7,6,5,6,6,6,6,6,6,7,6,5,5,6,7,6,6,5,6,4,7,7,7,7,6,5,6,7,7,7,7,7,5,7,6,7,6,6,6,7,6,7,6,6,7,6,6,6,6,7,6,7,6,7,7,7,7,7,7,6,7,7,7,7,5,7,7,6,7,5,7,7,7,6,7,6,5,7,6,7,7,7,5,5,5,7,6,6,6,7,7,6,6,5,6,6,6,5,7,7,7,7,7,6,7,6,6,6,7,6,6,6,7,6,7,7,6,6,7,7,6,6,6,7,6,6,6,7,7,6,7,6,7,6,6,7,7,6,7,6,7,6,7,7,7,7,7,7,5,6,6,7,7,7,6,6,7,7,6,5,6,7,5,5,7,6,7,7,6,6,6,6,6,7,5,7,7,7,7,6,6,6,6,6,6,6,7,6,6,6,6,7,5,7,6,6,7,6,7,7,6,5,6,7,5,7,7,6,4,7,6,6,7,7,4,7,7,5,7,6,7,7,7,6,7,5,6,6,6,6,7,6,5,7,7,6,6,6,7,7,7,7,7,6,6,7,6,6,7,7,7,7,7,7,7,5,7,5,7,7,6,7,6,6,6,7,6,6,5]"
shape_638d33d968df36023290,"[7,6,6,6,7,6,6,6,6,7,6,6,6,6,6,6,6,6,6,6,6,7,6,6,7,6,7,6,6,6,7,6,6,7,6,7,6,6,6,6,7,6,7,7,6,6,6,7,6,6,7,6,7,6,7,6,6,7,7,6,7,6,6,6,6,6,6,6,6,7,6,7,7,6,6,6,6,7,6,7,6,7,6,7,6,7,6,6,7,7,6,6,6,6,6,6,6,7,6,6,6,6,6,6,6,7,6,7,6,6,6,6,6,6,6,6,7,6,6,7,7,6,7,6,7,6,7,6,6,6,7,6,6,7,6,6,6,6,7,7,6,6,6,6,6,6,7,7,6,6,6,6,6,7,6,7,6,7,6,6,7,7,6,7,6,6,6,7,6,7,7,6,7,7,7,6,6,6,7,6,7,6,6,6,6,7,7,6,7,7,6,7,6,7,7,7,6,6,7,6,6,6,6,6,7,7,7,6,7,6,7,6,6,7,7,7,6,6,6,6,7,7,6,6,7,6,6,6,6,7,7,6,6,6,7,7,6,6,6,6,7,7,6,6,6,6,6,6,6,6,6,6,6,6,7,7,6,6,6,6,6,6,6,7,6,6,6,6,6,6,6,6,6,6,6,6,6,6,6,6,7,7,6,6,6,6,6,6,6,7,6,6,6,6,6,6,6,6,6,6,6,7,7,6,7,6,6,7,6,6,7,7,7,7,6,6,6,6,6,6,6,7,6,6,6,7,6,7,6,7,6,6,7,6,6,7,6,6,6,7,6,7,6,6,6,6,6,6,6,6,6,6,6,7,6,6,6,7,6,6,6,7,6,6,7,6,7,6,6,6,6,6,6,6,6,6,7,6,6,6,6,7,7,6,6,6,6,6,6,7,7,6,6,7,6,6,7,7,7,6,7,7,7,6,6,7,6,6,7,7,7,6,6,6,6,7,6,6,6,7,7,6,6,6,6,6,6,6,7,6,6,6,6,6,6,7,7,6,6,7,7,6,7,6,6,6,7,6,6,6,6,6,6,7,6,6,6,6,6,6,6,6,6,7,6,6,6,7,6,6,6,6,6,6,6,6,7,6,6,6,6,7,7,7,7,6,6,6,6,7,7,7,6,7,6,7,6,6,6,7,6,6,6,7,6,6,6,6,6,6,6,7,6,7,6,7,7,6,7,7,6,7,7,6,6,6,7,6,7,6,6,6,6,7,6,6,7,7,6,6,6,6,6,7,7,6,7,7,7,7,7,6,6,6,6,6,6,7,6,6,6,6,6,7,6,6,7,7,6,7,6,7,7,6,7,6,6,6,7,6,6,6,6,7,7,6,6,7,7,6,7,6,7,6,6,6,7,6,7,7,6,6,7,6,7,7,7,6,6,7,6,6,7,6,6,6,7,6,6,6,7,7,6,6,6,7,6,6,6,6,7,6,6,7,6,6,6,7,6,6,6,6,6,6,7,6,6,7,6,6,6,6,6,7,6,7,6,6,7,6,6,6,6,6,7,7,7,6,6,6,6,7,6,6,6,7,6,6,6,6,6,6,7,6,6,6,6,7,6,6,6,7,6,7,7,6,6,7,6,6,6,6,6,6,6,7,6,6,7,6,6,7,6,6,7,6,6,7,6,6,6,6,7,6,7,6,7,6,6,7,7,6,7,6,7,6,6,6,6,6,6,6,7,6,7,6,7,6,6,7,7,7,6,6,6,6,6,6,6,7,6,6,6,6,7,6,6,7,7,7,7,6,6,6,6,7,6,6,7,6,6,6,7,6,6,6,6,6,6,6,6,6,6,6,6,6,6,7,7,6,6,6,7,6,6,7,7,7,6,6,6,6,7,7,6,6,6,6,6,6,6,7,6,6,7,6,6,6,6,7,6,7,7,6,6,6,6,6,7,6,6,6,7,6,6,6,6,6,7,6,6,6,5,6,7,6,6,6,6,6,6,7,7,6,6,6,6,6,6,6,7,6,6,6,7,7,6,6,7,6,6,6,6,6,6,7,7,6,6,7,6,6,6,6,6,6,6,6,6,7,6,6,6,7,6,6,7,6,6,6,7,7,7,6,6,7,6,6,7,6,6,7,6,6,7,6,7,6,6,6,6,7,6,6,7,7,7,7,6,6,7,7,6,6,6,6,7,7,6,7,6,7,6,6,6,6,6,6,7,7,6,6,6,6,6,6,7,6,6,6,6,6,6,7,6,6,7,6,6,6,6,6,6,7,7,7,7,6,6,7,6,6,6,6,6,6,7,7,6,6,6,7,6,6,6,6,7,6,6,7,6,6,6,6,6,7,6,7,6,6,7,6,6,6]"
shape_680a66ce80f7ef2a5d5a,"[6,6,4,6,6,6,7,4,6,6,5,6,5,6,6,4,5,6,6,4,6,4,6,6,6,5,4,6,6,6,6,4,6,5,5,4,6,5,6,6,7,6,6,6,6,5,6,6,6,6,6,6,4,4,4,6,6,4,4,6,6,4,4,6,6,5,6,6,4,4,6,5,4,6,6,6,4,7,4,6,5,4,4,6,4,5,5,6,4,4,6,6,6,6,6,6,6,5,4,6,6,6,5,6,6,6,6,6,6,6,4,4,6,5,4,4,4,4,4,6,4,5,5,7,6,6,5,4,6,6,4,5,6,6,5,6,4,6,6,6,4,6,6,6,5,5,4,4,5,6,6,6,4,6,4,5,6,6,4,6,4,6,4,5,4,6,4,6,4,6,5,4,5,4,4,5,6,5,4,5,6,6,6,5,7,6,4,4,6,6,5,4,6,4,6,6,6,4,6,5,6,4,4,4,6,6,6,6,5,5,6,6,5,6,6,6,6,6,6,7,4,6,6,6,4,5,5,5,6,6,4,6,6,6,6,6,6,5,5,5,6,7,5,6,4,6,4,7,6,6,6,6,6,6,6,4,4,6,4,6,4,6,6,6,6,6,6,6,5,6,6,4,6,6,7,6,6,6,5,6,5,6,4,5,6,6,6,5,4,6,6,4,6,6,6,4,6,5,6,5,5,5,6,6,7,4,7,4,6,5,4,4,5,6,4,4,6,5,6,6,5,6,4,4,4,5,6,4,4,5,4,6,4,6,6,6,4,6,6,6,4,4,4,6,6,5,5,4,7,6,6,5,5,4,5,4,6,5,6,6,6,4,4,4,5,6,6,5,5,4,4,6,5,4,5,4,6,6,6,4,4,5,6,4,7,5,6,5,4,4,5,4,6,6,6,6,6,6,6,6,5,4,4,4,4,4,6,6,6,6,6,6,5,6,6,6,4,6,6,6,6,6,5,6,7,7,4,4,6,4,4,4,6,4,6,6,4,5,4,7,5,6,6,4,6,6,4,4,4,6,6,6,4,6,6,4,6,7,5,5,4,5,6,6,5,4,4,6,5,5,6,5,5,6,4,6,6,4,6,4,6,6,5,7,4,6,6,5,6,6,4,6,6,4,5,6,4,6,4,4,4,5,4,6,5,6,6,5,4,6,4,4,6,7,6,6,6,6,5,6,4,5,4,6,4,6,6,4,6,5,4,6,6,4,5,6,7,4,6,7,5,6,6,4,4,7,6,5,7,7,4,6,6,7,6,5,6,6,6,4,4,4,6,6,6,5,6,4,6,4,6,6,4,5,6,6,4,4,6,4,4,4,6,6,5,4,6,6,4,4,6,6,6,7,6,5,6,5,4,6,4,4,6,6,6,6,4,5,5,6,4,5,6,6,6,6,6,6,4,4,6,5,7,4,4,4,4,6,6,7,4,4,5,6,4,4,5,6,4,6,4,6,4,6,6,7,6,6,4,6,4,5,5,5,4,6,6,5,6,6,7,5,4,6,4,4,6,5,6,6,6,4,6,6,4,6,6,6,6,6,6,4,5,4,6,6,5,6,5,5,6,6,4,4,6,4,5,4,5,6,6,6,5,7,4,4,6,4,5,4,6,4,5,5,6,6,6,4,4,6,6,5,4,4,4,6,6,6,6,6,6,6,6,6,6,6,4,4,6,4,4,5,4,6,5,4,6,4,7,4,6,4,4,6,6,6,4,6,5,6,4,6,5,6,4,6,6,5,5,6,4,4,4,5,6,4,4,5,6,4,4,5,5,6,6,6,4,5,4,6,4,4,6,6,5,5,6,4,4,7,7,6,5,6,6,5,5,6,5,6,6,4,6,5,4,6,4,4,4,5,6,6,6,5,6,5,5,5,7,4,6,4,5,6,6,4,5,4,4,5,6,6,4,6,6,5,4,6,4,7,6,4,6,6,6,7,5,5,5,6,6,4,4,5,5,6,5,5,6,5,4,6,5,7,4,6,6,6,5,6,4,6,6,6,5,6,4,6,4,5,5,5,6,6,6,6,6,3,4,4,5,6,6,6,4,6,5,6,6,6,6,6,4,6,6,5,6,5,6,4,7,6,5,5,6,6,6,4,4,6,6,6,6,7,4,6,6,6,6,6,5,5,5,6,6,5,6,6,6,6,6,4,5,6,4,6,4,4,5,4,4,6,6,6,5,5,6,6,6,4,4,4,6,6,4,6,7,4,5,4,6,6,6,6,6,6,4,6,6,5,6,6,6,4,4,4,4,5,4,4,6,4,6,4,6,5,4,6,4,6,6,6,4,5,6,6,6,6,4,6,6,7,6,4]"
shape_0b5c6f08633c1499f4d0,"[6,6,6,7,7,6,6,7,7,6,6,6,6,6,6,6,6,7,6,6,6,7,7,7,6,6,6,6,7,6,6,6,7,6,6,7,6,6,7,6,6,6,7,6,7,7,6,6,6,6,7,7,7,6,6,6,7,6,6,6,6,6,6,7,7,6,6,6,7,7,6,6,6,6,6,7,7,6,6,6,7,6,6,7,6,7,7,7,6,7,7,6,7,6,6,7,6,6,7,6,6,6,6,6,7,7,7,7,7,6,6,6,6,7,7,6,7,7,6,6,6,7,6,6,6,6,6,7,6,7,6,7,6,6,6,6,6,6,6,6,7,6,7,6,6,6,6,6,6,7,7,6,6,6,6,6,7,7,7,6,6,7,7,6,6,7,7,7,4,7,6,6,7,6,6,7,6,6,7,6,7,6,7,7,6,7,6,6,6,6,7,6,6,6,6,7,7,6,6,6,7,6,7,6,6,6,6,6,6,6,6,7,6,6,6,6,7,7,7,6,6,6,6,6,7,6,6,7,7,7,7,7,6,6,7,6,7,7,6,6,6,6,6,6,6,6,6,6,7,7,6,6,6,6,7,6,6,6,7,7,7,6,6,7,7,6,6,6,6,6,6,7,6,6,7,6,6,7,7,7,6,6,6,6,7,6,6,6,6,6,6,6,6,6,6,6,6,6,6,6,7,7,7,6,7,7,6,7,6,7,7,7,7,6,7,6,6,6,6,6,6,6,7,7,7,6,7,6,6,6,6,6,6,7,7,6,6,6,6,7,6,7,7,6,6,6,6,6,6,6,6,6,7,6,7,7,6,7,6,6,6,6,6,6,7,7,6,6,6,7,6,7,7,7,6,6,6,7,7,6,6,7,6,6,6,7,6,6,7,7,6,7,6,5,6,6,7,7,7,6,6,6,6,6,6,6,7,7,7,7,6,6,6,6,6,7,7,6,7,6,6,6,7,6,6,6,7,7,6,7,6,7,6,7,7,6,6,7,6,6,7,7,6,7,7,6,6,6,6,6,6,6,6,6,6,6,6,7,7,6,7,7,6,6,6,6,7,6,6,6,6,6,7,7,6,7,7,6,7,6,6,6,6,6,7,6,6,4,6,6,6,6,6,7,6,7,7,6,7,6,7,7,6,6,4,7,7,6,6,6,7,6,7,6,6,6,6,6,7,7,6,6,7,7,7,7,7,7,6,6,6,7,6,6,7,7,6,7,6,6,7,6,6,7,6,7,6,6,6,7,6,6,7,6,6,6,6,6,6,6,6,6,7,6,6,7,6,7,6,6,6,6,6,6,6,7,6,6,6,7,7,7,7,6,7,7,6,7,6,6,6,6,6,6,7,6,6,7,7,7,6,6,6,6,6,6,7,7,6,7,6,6,6,6,6,7,6,6,4,6,6,6,6,6,7,6,6,6,6,7,6,6,7,6,6,6,6,6,6,6,6,6,6,6,6,6,6,7,6,6,6,6,7,6,6,6,4,6,6,6,7,6,4,7,6,7,6,7,6,6,6,6,7,6,7,6,6,6,6,7,6,7,6,7,6,6,6,6,7,6,6,7,6,6,6,6,7,6,6,6,7,7,6,7,6,6,7,7,6,6,6,7,6,6,6,6,6,6,6,6,6,6,6,6,6,6,6,6,6,7,7,7,6,6,7,7,6,6,6,6,6,6,6,6,6,6,7,6,7,6,6,7,6,7,6,6,7,6,7,6,6,6,7,7,6,7,6,6,7,6,7,7,7,6,6,6,6,7,7,6,6,7,7,6,6,6,6,6,6,6,6,6,6,7,6,7,7,6,6,6,6,7,6,6,6,6,6,6,7,6,6,6,7,7,6,7,7,6,7,6,6,7,7,7,6,6,7,6,6,7,7,6,7,6,6,7,6,6,7,6,6,6,6,7,6,7,6,6,6,7,4,6,6,6,7,6,6,6,7,6,7,6,7,7,7,6,7,7,7,6,7,6,7,6,6,6,7,7,7,6,7,6,6,6,6,6,6,6,6,6,6,6,6,7,6,6,7,7,7,7,6,6,6,6,7,6,6,6,6,7,6,6,6,6,6,6,6,6,7,7,6,6,6,7,6,7,6,6,6,6,6,7,7,7,6,6,7,7,6,6,6,6,6,7,6,7,6,7,6,7,6,6,6,7,6,6,6,6,6,6,6,7,6,6,6,6,7,7,6,6,6,7,7,7,6,7,7,6,6,7,7,7,7,6,6,6,7,6,7,7,7,6,6,6,7,6,6,6,7,6,6,6,6,7,6,7,6,6,6,6,7,6,6,6,6,7,6,7,6,7,7,6,6,6]"
shape_95e757c480f7a601ac87,"[5,3,4,4,4,4,3,5,3,3,7,4,4,4,5,3,5,5,3,4,5,5,4,5,5,3,3,4,3,3,3,5,3,5,3,3,5,5,3,5,4,3,3,6,3,5,5,7,4,3,3,3,7,7,3,3,5,5,5,3,4,3,5,4,4,4,5,4,3,3,3,5,3,4,4,4,4,5,3,5,3,5,5,4,5,4,3,4,7,4,3,3,6,7,5,7,3,5,3,6,3,3,3,4,5,7,3,6,5,4,3,3,5,3,6,3,3,6,3,3,3,7,3,4,7,7,3,4,3,3,3,3,5,5,4,3,6,5,5,3,3,4,3,4,3,3,3,3,3,5,5,5,5,4,6,3,4,4,3,3,4,7,4,3,4,7,3,4,3,3,4,4,3,5,5,7,4,7,5,3,3,4,5,4,3,3,3,4,5,3,5,4,5,4,3,4,3,3,3,3,4,3,4,5,7,4,3,5,4,4,3,5,7,5,4,3,5,5,3,3,3,3,3,3,4,5,3,7,5,3,5,7,3,5,3,3,4,3,3,4,3,3,7,3,5,4,5,5,4,7,3,6,6,4,7,5,5,3,4,4,5,4,3,4,3,3,5,7,4,7,3,4,7,4,5,3,4,5,5,7,3,3,3,3,3,3,3,6,3,3,5,3,7,3,3,6,3,4,3,3,3,4,3,3,6,3,5,3,5,6,5,3,3,5,6,3,5,3,3,6,3,3,3,3,3,4,3,4,5,3,3,6,3,3,7,3,4,3,3,5,4,5,5,7,4,4,5,7,5,5,5,4,3,3,3,4,4,4,3,3,3,5,3,3,5,3,3,3,3,5,4,5,4,3,5,3,5,4,3,3,3,4,5,3,3,5,3,3,5,7,3,5,5,5,3,3,3,3,5,5,3,5,3,5,5,3,5,3,3,3,4,3,4,3,6,4,4,3,3,5,3,4,3,4,3,4,6,5,4,7,5,3,4,5,3,3,5,4,3,4,5,7,3,3,4,3,3,5,4,7,5,3,3,3,3,7,5,5,3,5,3,4,5,3,5,4,5,3,5,4,5,5,5,3,3,5,7,5,6,5,4,5,3,3,3,4,4,3,5,4,3,3,3,3,5,3,3,3,5,5,3,4,3,3,4,4,3,7,7,4,5,5,3,3,3,5,5,4,3,5,5,5,7,4,3,3,5,5,3,3,7,5,3,5,3,3,3,3,3,7,5,3,4,4,4,5,5,3,3,3,4,5,3,5,7,4,5,4,5,6,5,3,3,3,3,3,4,3,4,3,7,4,3,3,3,3,5,5,6,3,3,3,3,3,6,4,7,3,3,5,6,5,6,4,4,3,3,4,3,5,3,3,5,3,4,3,3,3,5,6,5,5,3,3,3,3,4,4,4,5,3,3,3,6,3,7,7,3,3,5,3,3,4,3,4,3,7,3,4,3,4,4,3,6,7,3,3,5,3,3,4,5,4,3,3,5,3,3,3,5,3,5,5,3,4,3,5,5,5,3,4,5,4,3,4,4,3,5,5,3,3,5,3,7,7,5,4,4,3,3,5,3,5,5,3,4,3,5,3,3,3,5,4,4,4,3,7,4,4,5,5,7,5,4,3,3,7,3,3,3,4,5,6,4,3,5,4,3,6,4,5,4,3,5,4,5,4,4,5,7,3,6,3,3,4,7,3,5,4,3,3,5,5,5,4,7,5,5,5,4,4,7,3,4,4,4,3,4,3,3,4,5,3,3,3,3,7,4,4,3,3,4,4,5,7,7,3,4,5,4,4,5,3,5,4,3,5,4,5,3,3,7,4,4,4,3,6,3,5,5,4,5,5,3,7,4,5,5,3,3,5,5,3,3,3,3,5,3,5,3,3,3,5,3,5,3,3,3,4,3,3,5,4,5,4,5,3,4,3,4,5,5,3,5,5,6,4,6,7,3,3,4,3,5,3,3,5,3,4,4,4,5,6,4,6,3,3,3,4,4,3,4,4,5,5,4,5,6,3,3,3,4,4,7,3,4,6,5,6,7,3,3,3,4,7,5,4,3,3,6,7,4,6,5,5,7,3,5,3,5,3,7,5,3,5,5,4,3,5,5,5,4,3,5,4,5,3,5,3,5,4,4,3,3,5,3,4,3,3,4,3,4,3,4,5,3,4,4,4,6,3,3,4,5,3,6,5,5,7,3,5,5,3,3,3,5,3,3,3,3,3,3,3,5,5,3,4,4,4,3,5,3,5,3,5,5,4,5,5,3,5,5,6,3,5,5,5,3,3,5,3,3,3,3,3,3,3,3,7,3,5,4,7,3]"
shape_a9fad8c8bb3c2f4134a9,"[5,5,5,0,5,4,5,5,4,5,5,7,5,5,5,6,5,5,4,5,4,5,4,5,5,4,4,5,4,5,5,5,5,4,5,5,5,4,4,5,4,4,6,4,5,4,4,4,5,5,4,5,5,4,4,5,5,0,4,4,5,5,7,5,5,4,4,5,5,4,4,5,5,5,6,0,5,6,4,4,5,4,6,0,5,5,4,3,4,5,0,5,4,5,5,5,5,5,5,5,4,4,5,5,4,5,5,5,4,6,4,5,0,5,6,4,5,5,7,1,4,5,5,5,6,5,4,4,6,5,4,5,6,5,5,4,5,4,5,5,4,4,4,5,4,5,5,4,0,4,5,5,4,5,4,5,4,5,5,5,4,5,6,1,5,5,4,5,4,5,5,5,6,4,5,5,5,5,6,5,5,5,6,4,6,4,4,4,4,5,5,5,7,7,4,5,5,7,5,5,4,5,5,4,6,5,4,4,6,5,5,5,5,0,4,5,5,5,5,4,6,5,5,5,5,5,5,4,5,4,4,4,5,6,6,5,5,5,7,5,4,5,5,4,5,5,5,0,4,4,5,4,4,5,1,4,0,4,6,6,5,5,5,5,4,5,4,4,5,5,7,5,4,5,4,5,6,5,5,5,4,6,6,4,4,5,5,5,5,4,5,7,5,5,6,5,3,5,4,5,5,4,4,4,5,6,5,4,5,4,4,5,6,4,5,6,5,4,4,5,5,6,7,4,4,5,5,5,5,5,6,4,6,5,4,5,5,5,5,6,6,6,4,5,0,6,4,4,6,4,7,5,5,4,5,5,1,5,4,5,5,5,7,0,7,5,4,5,4,4,4,4,4,5,4,4,7,5,5,4,5,5,4,5,4,7,6,6,5,5,4,4,4,5,4,4,7,5,5,5,4,4,6,7,5,4,4,4,4,5,4,4,5,5,0,5,5,5,4,5,4,5,5,4,0,5,5,5,4,4,5,5,7,4,5,6,4,4,5,5,4,4,5,5,5,4,5,5,3,5,5,4,5,5,4,4,6,6,4,7,4,5,0,5,5,5,4,4,5,5,5,5,4,4,4,5,4,1,4,5,6,5,5,5,5,0,4,5,5,5,4,5,5,5,5,4,1,4,4,5,5,5,5,0,7,4,5,5,4,4,5,6,5,4,5,5,5,6,5,4,5,4,5,5,4,5,6,5,0,5,5,4,5,5,5,4,5,5,5,5,4,4,4,5,5,4,4,6,5,6,7,4,0,5,5,4,5,5,4,4,5,4,5,5,4,4,4,4,4,4,5,5,3,5,5,4,5,5,4,5,5,6,4,0,6,4,5,5,4,5,5,5,4,5,5,5,4,7,5,4,4,5,0,5,5,6,6,5,5,4,5,3,7,4,5,4,5,4,4,5,7,7,5,0,4,6,5,7,7,5,4,5,4,5,5,4,5,4,4,5,4,5,5,4,5,6,4,5,4,5,5,4,6,4,5,5,4,6,5,4,5,0,5,4,4,5,0,5,4,0,5,6,5,4,4,5,6,4,4,4,5,5,4,5,5,5,5,5,4,5,4,0,5,4,5,5,5,4,5,0,4,6,0,6,4,5,4,5,4,4,5,5,6,6,5,5,5,7,5,5,0,6,5,5,5,5,5,5,4,4,3,5,4,5,5,5,5,5,5,7,4,5,5,7,5,6,5,4,5,5,5,4,5,4,5,5,5,5,3,4,4,4,6,6,5,5,4,4,4,5,5,4,4,5,6,5,5,5,4,4,7,4,6,5,5,4,5,4,5,6,6,5,0,5,7,5,6,0,5,0,5,5,4,5,7,7,4,4,5,4,5,4,4,5,4,6,5,5,6,5,5,5,4,7,6,4,6,5,4,5,5,4,6,5,4,5,5,4,5,5,4,5,5,5,5,4,5,4,4,7,7,4,5,5,5,5,5,5,6,6,4,4,5,5,5,4,5,5,5,4,5,5,4,4,6,5,4,6,5,4,4,4,5,4,4,5,5,5,4,5,5,5,5,5,6,5,5,6,5,4,5,4,6,5,5,5,5,5,7,5,4,5,5,5,5,7,5,5,4,5,5,5,4,4,4,4,5,4,6,3,4,4,5,5,4,5,4,6,4,4,5,4,5,6,5,0,5,4,5,5,5,5,5,4,4,1,5,6,4,7,5,3,5,4,4,5,6,5,0,5,5,1,4,5,6,5,5,5,4,5,5,5,5,5,6,6,5,5,6,4,5,5,5,5,5,5,4,4,5,5,5,7,5,6,5,5,5,4,5,5,5,5,4,4,4,5,6,5,7,5,5,4,5,5]"
shape_95aa36e9c4dd45ca8f91,"[6,6,6,6,7,7,7,6,6,6,6,7,6,6,6,6,6,7,6,6,6,6,6,7,6,7,7,6,6,6,6,6,6,6,7,7,6,7,6,6,6,6,6,6,6,7,6,6,6,6,6,6,6,6,6,6,6,6,6,6,6,6,6,6,7,6,6,6,7,7,6,6,6,6,7,6,6,6,6,6,6,6,7,6,6,6,6,6,6,6,6,6,7,6,7,6,6,6,6,7,6,6,7,6,6,6,6,6,6,6,6,7,6,6,7,6,6,6,6,6,7,7,7,6,6,6,6,6,6,6,6,6,6,6,6,6,6,6,6,6,6,6,6,6,6,7,6,6,6,6,7,6,6,6,6,6,6,6,6,6,6,6,6,7,7,7,7,6,6,6,7,6,6,7,6,6,6,6,6,6,6,7,6,6,6,7,7,6,6,6,6,6,6,6,6,6,7,7,6,6,6,6,6,6,6,6,6,6,7,6,6,6,6,6,6,6,6,6,6,7,6,6,6,7,7,6,7,6,6,6,6,6,6,6,7,6,6,6,6,6,7,7,7,6,7,6,7,6,7,7,6,7,6,6,6,6,6,6,6,7,6,7,7,7,6,6,6,7,6,7,6,6,6,7,6,6,6,6,6,6,6,7,6,6,6,6,6,6,6,6,6,7,6,6,6,6,6,7,7,6,6,7,7,6,7,6,6,7,6,6,6,6,7,6,6,6,7,6,7,7,6,6,7,7,7,6,6,6,6,6,6,6,6,7,6,6,6,6,6,6,6,7,6,7,6,6,6,6,7,6,6,6,6,6,6,6,7,6,6,6,7,6,6,7,6,6,6,6,6,6,6,6,6,6,6,6,7,6,6,6,6,6,6,6,6,6,6,6,6,6,6,7,6,6,6,6,6,6,6,6,6,6,7,7,7,7,6,6,6,6,6,6,6,6,6,7,6,6,6,7,6,6,6,6,6,6,6,6,6,6,6,7,7,6,6,6,6,7,7,6,7,7,6,6,6,6,7,7,6,7,6,6,6,6,6,7,6,6,6,6,6,7,6,7,7,6,6,6,7,6,6,6,6,7,6,6,7,6,7,6,6,6,6,6,6,6,7,6,6,6,6,6,6,6,6,6,6,6,6,6,6,6,6,6,7,6,6,7,6,6,7,6,6,6,6,6,6,7,6,6,7,7,6,6,6,6,7,7,7,6,6,6,6,6,6,6,6,6,6,6,6,7,7,6,6,6,7,7,6,6,6,6,7,6,6,6,6,6,6,6,6,6,6,6,7,7,6,6,7,6,7,6,6,6,6,6,7,6,6,6,7,6,6,6,6,7,7,6,6,6,6,6,6,6,6,7,6,6,6,6,6,7,6,6,6,6,6,6,7,6,6,6,7,6,6,6,6,7,7,6,7,6,7,6,0,6,6,6,6,6,7,7,6,6,6,6,7,6,6,6,6,6,6,6,6,6,7,6,6,7,6,6,6,7,7,7,7,6,7,6,7,6,6,6,6,6,6,6,6,7,6,7,6,6,6,7,6,6,6,6,6,6,6,6,6,6,6,7,6,6,6,6,6,6,6,6,6,6,6,6,6,6,6,7,6,6,6,6,7,7,6,6,7,6,6,6,6,6,6,7,6,6,6,6,6,6,7,6,6,7,7,6,7,6,6,6,6,6,6,6,6,6,6,6,6,6,6,7,6,6,6,6,6,6,7,6,6,6,6,6,6,7,6,6,6,6,6,6,6,6,6,6,6,6,7,6,6,7,6,6,6,7,6,6,6,6,6,6,6,6,6,6,7,6,6,6,6,7,6,7,6,6,6,6,6,6,6,7,6,6,6,7,6,7,6,6,6,6,7,6,6,6,6,6,6,6,6,6,6,6,6,6,6,6,6,6,6,6,6,7,7,7,6,6,6,6,6,6,7,6,6,6,6,6,6,6,6,6,6,6,6,6,6,6,6,6,6,7,7,6,6,7,6,6,6,7,6,6,6,6,6,6,6,6,6,6,6,7,6,6,7,6,6,7,7,6,6,6,7,6,6,6,6,6,6,6,7,6,7,6,6,6,7,6,6,6,7,7,6,6,6,6,6,7,7,6,6,6,6,7,6,6,6,6,6,6,6,6,7,7,7,6,7,6,6,6,6,6,6,6,6,7,6,6,6,6,6,6,6,6,7,6,7,6,6,6,6,6,6,6,6,6,6,7,7,6,6,6,6,7,6,6,6,6,7,6,6,7,7,6,6,6,6,7,6,6,6,6,6,7,6,6,6,6,6,6,6,6,7,6,6,6,7,6,6,6,6,6,6,6,6,6,6,6]"
shape_5cb046f4951e914d76f6,"[4,0,5,4,0,0,0,4,0,5,0,4,0,0,0,5,4,4,0,5,4,0,0,5,0,5,0,4,4,0,7,4,5,4,4,0,0,5,0,4,0,5,0,5,5,4,4,4,5,0,0,5,4,5,0,7,4,0,0,4,4,0,0,5,5,0,0,4,4,5,5,0,0,4,5,5,4,0,5,0,0,0,4,7,5,0,4,0,4,0,0,0,0,0,4,0,0,4,0,5,5,0,0,5,5,0,5,0,5,5,0,0,5,4,0,0,4,4,5,0,5,0,7,0,4,0,4,0,4,0,5,0,0,4,4,0,0,4,0,4,0,5,0,4,0,7,4,4,0,0,4,0,0,0,4,4,0,4,0,5,4,0,5,5,4,0,5,4,5,0,4,0,0,0,4,4,0,4,0,0,4,4,7,5,0,7,0,5,0,0,0,4,0,0,0,0,0,4,5,4,5,4,0,4,0,0,4,0,0,0,4,4,0,4,0,5,5,5,5,4,0,4,0,4,0,0,0,4,5,0,0,0,4,5,0,5,5,0,4,4,5,4,4,5,4,4,4,4,0,4,5,5,0,0,4,0,0,0,0,0,5,0,0,5,0,5,0,4,7,4,5,0,4,7,7,0,0,5,5,0,0,7,5,4,0,4,4,0,4,0,7,6,4,0,0,5,4,4,0,4,7,4,5,4,0,5,0,0,5,5,5,0,4,0,0,0,6,5,5,4,0,0,0,4,7,0,7,4,4,5,4,5,4,5,0,0,7,0,4,0,0,4,5,0,0,0,5,0,5,5,0,5,4,0,7,5,4,0,0,0,0,0,0,0,0,0,0,5,4,0,0,0,5,0,0,6,0,0,5,0,5,0,0,0,5,0,0,0,0,6,4,5,0,0,4,0,0,4,7,0,4,0,0,0,0,0,5,4,0,0,7,4,0,4,0,5,5,4,5,0,5,7,4,0,4,0,0,4,5,4,4,0,0,7,4,0,0,0,7,7,0,6,5,5,5,0,5,0,5,7,7,4,4,4,0,0,4,0,0,4,4,0,0,0,7,4,0,0,5,5,0,7,0,0,4,0,0,0,0,4,5,0,0,0,4,4,0,5,5,0,0,5,5,4,0,4,6,0,0,0,0,7,0,0,0,4,4,0,4,7,5,4,0,4,5,0,4,4,7,0,0,0,0,4,7,5,0,0,5,0,4,4,4,5,5,5,0,0,5,4,0,5,0,4,0,0,5,0,0,5,5,4,0,0,5,0,0,5,0,5,5,0,4,0,4,5,4,4,4,0,0,0,0,5,0,5,4,5,0,4,0,0,5,4,0,0,4,0,0,4,0,4,0,4,0,0,0,4,4,4,4,0,5,0,4,0,0,0,4,0,4,4,4,5,0,0,0,0,5,4,5,4,6,0,0,0,4,0,0,5,0,0,4,4,4,5,0,4,5,0,0,0,4,4,4,4,4,4,4,5,4,0,4,4,0,0,4,0,7,0,5,0,0,5,0,0,4,4,5,4,0,0,0,0,5,6,4,5,5,4,4,4,4,5,0,7,4,0,5,0,0,5,4,0,4,4,0,4,4,0,0,0,0,0,0,4,0,4,5,5,5,0,0,0,7,0,6,5,5,4,1,0,4,0,5,4,5,6,4,4,5,4,0,0,4,0,0,5,4,0,5,0,5,0,5,5,0,0,0,5,4,4,0,0,0,0,0,0,5,0,7,0,0,0,0,5,4,0,4,0,4,4,4,0,0,0,0,0,5,4,4,5,0,0,4,0,0,0,4,0,0,0,4,4,4,0,5,0,4,4,0,0,4,0,5,0,0,7,0,0,0,0,6,4,0,0,4,0,0,5,0,7,0,5,4,4,0,4,0,6,0,0,5,0,0,5,4,4,4,0,4,0,0,0,0,0,4,0,0,5,5,0,0,0,0,0,4,4,4,7,4,5,4,7,5,7,0,0,4,0,0,4,0,0,0,0,4,0,4,0,5,4,4,0,5,5,5,0,5,4,4,0,0,0,5,4,0,5,0,0,0,0,4,4,0,4,0,0,4,0,4,4,4,5,5,0,0,4,4,0,4,5,0,0,0,7,4,4,4,5,0,0,4,0,4,7,4,5,4,5,0,4,0,7,7,4,4,0,0,0,4,0,0,4,0,4,5,5,0,0,4,5,4,4,4,0,0,5,0,5,7,4,5,4,0,0,5,5,0,0,4,5,0,5,0,5,5,0,5,0,0,0,4,0,0,5,4,4,4,5,5,0,4,5,0,4,4,4,0,5,5,5,0,4,0,0,4,4,5,5,0,0,4,5]"
shape_832939b3cfe57d33ac9d,"[5,4,5,5,5,5,4,5,4,4,6,4,5,7,4,6,5,5,4,4,5,5,5,5,4,5,4,4,6,6,5,4,5,5,6,5,4,6,5,4,5,4,4,5,5,6,4,6,6,5,7,5,4,5,5,4,6,4,5,4,4,4,4,4,4,5,5,5,4,5,4,5,5,0,5,5,6,5,4,6,6,7,4,4,4,6,4,4,5,7,4,4,6,4,6,5,5,5,5,5,5,6,6,4,6,5,6,7,5,4,4,4,4,6,4,4,5,6,5,4,4,5,5,5,6,4,4,5,6,4,4,4,4,4,5,4,7,6,5,4,4,7,4,6,5,4,6,4,4,6,5,4,6,6,7,6,4,4,4,5,4,4,6,4,5,5,6,6,4,4,6,4,4,6,5,4,5,4,4,5,5,5,4,4,4,4,4,6,7,6,4,7,5,4,5,5,6,5,4,4,4,5,6,4,4,7,4,5,6,5,4,4,6,4,4,0,6,4,4,4,6,4,4,4,5,7,4,4,4,4,6,4,6,4,5,4,4,4,4,4,5,5,5,5,4,5,5,5,5,7,4,6,4,5,5,4,6,5,5,4,5,5,5,6,4,5,4,6,5,4,4,4,5,4,5,5,5,5,5,6,4,5,5,7,6,5,7,4,4,4,4,6,5,5,4,5,5,5,4,7,5,4,5,4,5,6,4,7,5,4,4,6,5,5,5,5,5,4,5,5,5,4,4,4,4,4,4,4,4,5,4,4,5,5,4,6,4,4,5,5,5,4,5,5,5,4,5,5,6,4,5,4,5,5,4,5,6,4,5,5,5,5,5,7,7,5,5,5,5,5,4,5,5,4,6,4,5,6,5,4,4,5,5,5,4,7,4,6,5,4,6,5,6,5,6,4,4,7,7,4,5,5,5,4,6,5,4,5,5,4,5,5,4,4,5,5,4,6,5,4,6,5,4,7,5,4,5,4,5,6,4,4,4,5,6,5,6,4,6,4,4,4,4,7,4,4,6,4,6,4,4,5,6,7,7,4,5,4,4,5,4,6,6,5,4,4,5,5,5,5,5,4,4,4,4,4,7,5,6,7,5,4,4,7,5,4,6,6,4,7,6,6,5,7,5,5,4,5,4,5,5,5,5,4,7,6,5,7,4,4,6,4,6,5,5,0,4,6,4,4,6,5,5,5,4,6,7,4,4,4,5,5,4,5,5,5,6,7,7,5,4,4,5,4,5,4,5,5,4,5,5,4,6,4,6,4,7,6,5,4,4,5,6,5,6,7,4,5,6,4,6,6,7,5,6,6,5,5,6,6,6,5,5,5,5,4,4,4,5,4,4,4,4,5,5,4,6,4,4,4,4,6,6,5,5,7,5,4,4,4,5,4,5,5,4,4,6,5,4,5,5,6,5,4,7,4,5,5,7,4,6,5,5,4,4,7,6,6,5,4,6,5,5,5,4,6,4,4,5,4,4,6,5,4,6,4,5,5,5,4,4,5,5,7,5,5,4,6,6,5,6,4,5,4,4,5,7,4,5,4,4,5,4,5,5,4,5,5,5,4,5,4,5,4,4,5,5,5,5,4,4,6,5,6,5,4,5,5,5,4,5,4,7,4,4,7,5,4,6,5,5,6,5,4,5,4,4,4,5,4,6,5,5,4,4,4,4,5,4,5,7,6,5,4,6,5,4,5,5,7,4,7,5,5,4,6,5,4,4,7,5,5,6,4,4,4,7,4,4,5,4,5,4,4,6,5,5,5,5,5,6,5,5,7,4,5,5,4,4,4,5,5,5,4,5,6,4,5,5,5,5,4,4,5,4,5,5,6,7,4,7,4,4,5,4,7,4,5,6,5,5,5,5,6,4,5,5,5,5,4,5,0,5,7,5,7,5,6,6,6,6,4,5,6,5,5,4,4,4,5,4,5,5,6,7,6,4,5,4,5,4,5,6,4,5,5,4,4,4,4,4,5,4,6,6,5,5,6,4,5,4,5,7,4,5,4,4,4,4,4,7,4,5,7,6,6,5,4,4,5,4,4,6,6,5,5,6,7,4,4,6,6,5,5,5,7,7,7,4,5,6,6,4,4,5,4,5,5,4,7,4,4,6,6,5,5,4,6,5,5,5,5,4,6,6,4,5,4,4,6,6,5,7,7,6,6,6,5,7,7,5,5,6,5,4,5,4,4,4,4,7,7,4,4,5,4,5,5,4,4,4,6,5,4,6,7,6,5,5,4,6,5,4,4,7,4,4,4,6,6,6,6,5,5,5,4,4,7,6,4,5,6,6,5,4,6,5,4,6,6,5,6,4,7]"
shape_a0d13db4165e26fd05b1,"[4,6,6,6,3,6,5,4,6,4,5,6,4,5,4,7,5,3,4,7,5,5,5,6,7,7,5,4,7,7,4,6,5,6,5,7,6,4,5,6,6,6,4,6,4,4,6,6,4,6,6,4,3,6,4,7,5,5,5,4,7,5,6,6,7,5,7,6,7,7,5,7,4,6,5,6,6,7,6,7,6,7,7,3,7,7,6,6,5,6,6,7,5,7,5,4,7,4,7,4,5,7,5,4,6,4,5,4,7,7,6,5,5,5,6,5,6,7,7,7,6,6,6,6,6,6,4,4,5,4,7,5,6,5,4,6,6,7,6,6,5,6,7,3,7,4,7,6,7,4,6,4,7,7,4,7,5,5,6,7,6,6,6,7,4,6,5,4,4,7,6,4,4,6,4,6,6,6,6,6,5,7,6,6,4,4,5,7,7,6,7,7,5,4,7,6,4,7,6,7,6,7,7,6,7,6,6,6,7,5,6,5,7,5,6,4,6,7,5,7,5,6,7,6,7,4,4,4,6,6,7,6,4,4,6,7,5,7,7,6,6,7,6,4,6,6,7,6,5,6,6,4,7,5,7,4,7,4,6,6,5,7,6,6,4,6,4,4,6,5,7,6,7,7,4,7,6,7,6,5,5,7,5,6,4,7,4,7,4,5,6,6,4,7,7,5,7,5,4,7,6,6,6,6,6,7,7,5,7,7,7,7,4,4,6,5,6,5,6,6,7,4,5,5,7,4,4,7,4,4,5,6,7,3,7,7,7,7,7,7,5,5,6,5,7,6,5,7,7,5,7,7,7,4,6,6,4,6,6,6,7,5,6,6,6,6,7,5,7,4,5,7,6,6,4,6,7,5,6,7,4,6,6,7,6,5,6,6,7,7,7,7,6,5,6,6,6,6,6,6,6,6,5,7,7,5,6,6,6,5,4,6,7,4,7,7,7,5,6,4,4,3,6,6,5,5,7,7,6,6,7,6,5,5,6,6,5,6,6,7,5,6,4,4,5,4,6,6,7,7,7,6,7,6,6,5,7,6,7,5,7,7,7,6,7,4,7,7,5,6,6,5,5,7,5,5,6,5,6,7,7,5,7,7,6,7,4,4,7,4,5,7,4,6,6,7,7,5,5,6,6,7,6,6,4,5,4,4,4,4,7,7,5,7,5,7,6,7,6,6,7,6,4,5,5,3,7,5,5,5,5,6,7,6,7,7,5,4,7,4,6,6,7,6,5,6,4,6,7,4,7,6,7,5,7,7,4,6,6,5,6,6,4,7,6,6,3,5,5,7,6,5,4,4,5,7,7,7,6,5,5,4,6,4,4,4,5,7,6,4,6,6,6,4,6,7,6,5,4,6,7,6,6,6,6,4,4,7,6,7,7,5,6,7,6,7,6,5,7,5,7,7,6,5,4,5,7,7,4,5,4,4,6,6,6,6,6,6,7,5,6,7,4,7,7,7,7,7,6,7,7,6,6,6,7,7,7,5,6,6,5,7,5,4,5,7,7,6,7,6,7,5,6,7,5,4,6,5,7,6,3,4,7,7,7,6,6,6,4,4,6,5,7,4,7,4,6,6,6,6,5,5,5,5,6,6,6,7,4,7,7,3,5,7,6,5,7,7,4,4,5,5,4,4,7,6,5,4,7,7,7,6,7,6,7,6,6,6,5,6,5,4,6,7,4,6,4,6,4,7,6,5,4,4,4,4,4,6,5,6,7,7,6,6,7,7,6,5,6,6,3,5,7,4,6,6,7,7,4,6,4,5,6,7,4,7,6,5,6,5,4,5,7,4,6,5,6,6,4,4,6,7,6,4,5,6,5,4,6,7,7,6,7,6,7,6,6,7,7,4,4,6,7,6,7,5,4,7,6,6,6,7,6,6,5,6,7,5,6,6,4,5,3,5,6,5,6,6,6,5,6,5,7,5,6,5,7,6,5,5,4,7,4,4,5,4,7,5,4,4,6,7,4,7,6,5,7,7,4,6,7,7,5,3,4,4,4,6,6,5,6,7,5,4,6,7,6,6,6,4,7,7,4,4,7,6,4,6,7,6,7,4,5,5,4,7,6,3,6,5,5,4,4,7,4,7,5,3,7,4,4,5,4,6,4,6,7,7,5,6,7,7,5,7,6,7,6,7,7,6,7,6,5,7,7,5,7,6,6,4,7,6,6,3,6,3,6,6,5,7,4,7,5,4,6,4,6,7,6,6,3,4,7,5,7,5,6,6,4,6,7,7,6,6,5,6,7,5,7,6,6,7,4,3,7,7,5,4,6,7,7,6,4,7,6,5,6,4,6,4,4,7,7,6]"
shape_81d3fb70c3d9560b3930,"[4,6,0,5,7,4,0,4,4,4,7,0,5,4,4,5,0,1,5,6,1,4,5,0,0,4,4,7,5,5,7,4,4,4,0,7,0,5,5,4,5,6,5,4,0,5,4,5,7,5,0,4,5,4,4,4,4,0,5,7,0,6,4,4,0,1,5,4,0,0,0,0,0,0,0,5,4,5,4,0,0,5,0,4,0,0,5,0,0,4,0,0,4,0,4,7,5,1,5,4,7,0,5,0,4,1,5,5,4,5,1,4,0,4,0,0,4,5,5,7,5,4,5,0,5,6,5,4,4,4,0,4,5,7,4,5,4,4,0,1,1,5,4,5,1,7,5,0,5,0,4,4,4,4,5,0,5,5,4,4,0,5,0,1,4,0,4,4,4,0,7,4,0,0,4,5,7,0,5,1,4,0,0,4,0,4,0,4,5,5,0,0,4,0,7,4,0,4,5,0,4,4,4,4,5,4,5,5,4,0,4,5,0,0,5,0,5,5,1,5,4,0,4,7,0,7,1,0,5,0,0,4,5,0,5,4,7,1,1,5,0,4,1,4,0,5,0,0,5,1,5,5,0,0,4,4,0,0,5,0,5,0,5,1,4,4,0,0,5,0,5,5,5,0,4,7,4,5,0,0,1,0,4,0,4,4,4,4,5,0,4,4,0,5,5,5,4,7,5,5,5,0,0,1,1,0,1,5,5,0,4,7,5,4,5,4,0,4,1,5,7,5,0,4,0,0,0,4,5,0,0,0,0,4,5,4,5,0,7,6,4,6,4,5,4,0,4,0,0,4,7,0,7,0,5,5,4,0,0,0,5,0,5,1,6,1,7,0,5,0,5,7,7,0,4,1,6,1,0,0,4,0,5,4,0,1,5,5,4,4,1,0,4,4,4,4,5,5,7,5,0,4,4,0,5,4,1,0,4,4,7,5,5,4,5,7,5,0,0,0,0,0,0,5,4,7,0,5,5,0,7,5,4,5,0,5,0,0,0,4,4,0,5,4,0,5,0,5,0,0,1,0,5,4,4,0,4,4,7,0,0,4,0,6,0,5,0,0,0,5,0,5,4,4,0,0,5,4,0,5,4,4,4,0,1,4,0,4,7,0,6,1,5,0,4,0,7,0,4,5,7,4,4,0,5,5,7,5,4,5,4,0,7,4,6,5,5,4,4,5,4,1,5,0,4,0,1,0,1,5,4,0,4,4,0,5,4,7,4,4,6,4,4,5,5,5,4,4,0,4,5,5,4,0,4,5,1,4,5,1,5,5,7,4,0,4,4,0,1,5,4,4,0,0,1,5,5,5,4,4,0,7,5,5,6,0,0,0,0,5,5,4,5,4,0,5,0,5,5,5,4,5,0,4,5,0,5,5,1,5,0,7,5,0,0,4,4,7,4,4,4,5,0,5,5,4,5,4,4,5,7,5,4,5,0,0,0,0,5,6,4,4,0,4,4,7,4,0,5,4,7,7,0,4,7,6,5,4,0,4,0,0,5,7,4,5,4,0,4,0,4,4,0,7,5,5,5,4,0,1,0,4,4,1,4,0,0,0,7,5,7,0,0,1,0,1,1,4,5,7,0,7,0,4,5,5,4,0,5,6,4,5,0,7,4,1,0,0,0,0,4,4,5,4,0,0,4,1,0,0,4,0,7,4,0,0,5,4,4,4,0,4,0,4,4,4,5,0,4,4,5,4,4,0,0,0,1,4,4,6,0,1,7,5,0,4,1,0,4,5,5,5,0,0,4,5,4,5,4,5,4,0,0,4,0,0,5,0,4,4,5,4,0,6,4,4,4,0,5,7,5,4,0,4,0,0,5,4,0,4,5,4,0,6,4,7,4,5,4,4,5,5,4,5,5,0,4,0,4,7,5,4,1,5,4,0,4,5,0,0,6,4,5,4,1,5,5,0,5,5,4,0,1,5,4,1,0,4,4,4,0,6,4,4,4,5,7,5,4,4,4,5,5,0,4,4,0,5,1,5,5,7,7,0,4,5,4,5,5,0,4,4,5,0,4,4,0,4,5,4,4,7,4,4,0,5,0,1,0,4,4,1,4,0,4,5,4,5,1,0,5,4,1,7,0,4,0,0,4,4,0,5,0,5,7,4,5,0,4,4,5,5,0,4,0,4,4,0,4,4,0,4,4,0,4,4,1,1,0,0,5,0,5,4,4,0,1,4,5,4,0,0,4,0,5,0,0,0,0,7,0,5,5,0,4,1,0,5,7,5,4,0,5,4,0,5,5,0,7,0,5,0,5,7,5,4,5,4,7,0,0,5,4,0,5,0,0,5,6,0,5,4,0,0]"
shape_664149028437824fa4d8,"[6,4,6,6,6,6,7,6,6,6,6,6,7,6,4,6,6,7,4,4,4,6,6,7,7,6,6,6,4,6,6,6,4,7,5,6,7,6,6,7,7,7,6,6,6,6,6,6,6,6,6,6,4,6,6,6,6,6,7,6,6,7,6,6,6,7,7,7,6,6,6,6,7,6,7,7,6,6,6,7,7,6,6,7,6,7,6,7,7,7,7,6,6,7,6,7,6,6,6,6,6,5,7,7,6,7,7,7,6,6,6,6,6,6,6,6,6,7,6,6,7,7,6,6,6,6,6,6,6,7,6,6,6,7,7,7,6,7,6,7,7,6,6,6,6,7,6,7,6,6,6,6,7,7,7,7,6,6,6,6,6,6,6,6,6,6,6,6,6,6,6,6,7,6,7,4,7,6,6,5,6,6,6,4,7,6,6,7,6,6,7,6,6,6,6,6,6,6,6,7,4,6,6,6,5,7,7,6,6,6,6,7,6,7,7,6,4,4,6,7,6,7,6,7,6,7,7,7,6,7,7,6,7,6,7,7,7,6,7,5,6,5,6,7,6,6,7,7,7,6,7,7,6,6,6,6,7,6,6,6,4,6,6,7,7,6,7,6,6,6,7,6,6,6,6,6,7,6,7,6,7,6,7,4,7,7,6,6,6,7,6,7,6,6,6,7,7,6,3,6,6,4,7,5,6,6,6,6,7,6,6,6,6,6,7,7,6,7,6,4,6,6,6,6,6,6,6,6,4,4,6,6,7,6,6,7,4,6,6,6,6,7,6,6,6,6,6,7,6,6,6,6,6,7,6,6,6,6,6,7,7,6,6,6,6,7,6,4,6,7,6,6,6,6,7,6,6,6,6,6,6,6,6,4,7,6,6,7,6,4,6,7,6,6,5,6,6,6,6,6,7,7,6,7,7,7,6,4,6,7,6,6,6,5,6,7,7,6,5,4,4,6,7,6,6,7,4,6,7,6,6,7,6,6,6,6,6,6,6,6,6,6,7,6,6,6,6,6,6,6,6,6,6,6,6,6,6,6,6,6,7,6,6,6,6,7,6,6,6,6,6,6,7,6,7,4,7,6,7,7,6,7,6,6,7,6,5,6,6,7,6,6,6,5,7,6,6,6,6,6,7,6,6,6,6,6,6,6,6,7,4,7,6,7,7,4,7,4,7,6,6,6,7,6,6,6,6,6,6,6,6,6,6,4,6,6,4,6,7,6,7,6,6,5,7,6,7,6,7,5,6,6,5,6,6,6,6,7,6,7,7,6,6,6,6,7,6,6,6,6,6,6,6,6,6,6,6,6,6,7,6,6,4,6,4,6,4,7,6,6,6,6,6,7,6,4,6,6,6,7,7,4,7,7,6,6,7,7,7,7,6,6,7,6,6,6,7,6,6,7,6,7,6,6,6,6,6,6,4,6,6,6,6,6,6,6,7,4,5,7,6,6,4,6,6,7,7,6,4,6,7,5,5,6,6,6,7,7,6,6,7,6,6,6,4,6,7,6,6,7,6,7,7,6,6,6,6,6,7,6,6,6,7,6,6,6,7,7,6,7,4,6,6,6,6,4,7,6,6,7,7,7,6,7,4,6,6,6,6,7,7,6,6,6,6,7,6,6,7,7,6,7,7,6,6,6,6,7,6,7,7,7,6,6,7,6,6,7,6,7,6,6,4,7,7,6,6,4,6,6,6,7,6,6,7,6,6,6,6,6,7,6,6,6,6,6,7,6,7,6,6,6,7,7,6,6,7,7,6,6,6,7,6,7,6,6,7,6,5,7,6,6,4,6,6,4,4,7,6,6,7,6,6,6,6,6,7,6,4,6,6,7,4,6,6,7,7,6,6,6,6,6,4,6,6,7,6,6,7,6,6,6,6,6,7,6,6,4,6,6,6,4,6,4,7,7,7,6,6,7,6,6,5,6,7,6,6,6,6,4,6,7,6,7,6,6,6,7,6,6,6,6,5,6,6,7,7,7,6,4,7,6,7,6,7,6,6,6,7,6,7,6,4,4,7,6,4,6,6,7,6,6,4,6,6,6,6,6,6,6,7,7,7,7,7,6,6,7,6,7,6,4,5,6,7,6,6,6,7,6,6,5,6,6,4,6,6,7,6,6,7,6,6,6,7,7,6,7,6,4,7,4,6,6,6,7,6,6,7,6,4,6,6,6,7,6,6,7,6,7,6,6,5,7,7,6,6,6,6,7,7,6,6,6,6,6,6,5,7,7,7,6,6,7,6,6,6,6,6,6,6,6,6,6,6,4,7,4,7,6,7,6,7,7,6,6,6,6,6,6,7,6,5,6]"
shape_5e1040a73180c21fcca2,"[4,4,6,0,7,3,5,6,4,7,5,6,7,4,6,5,4,7,4,4,4,5,4,5,7,7,5,6,4,3,6,4,7,4,4,7,7,5,6,7,5,7,5,6,7,3,6,7,7,5,4,5,4,7,4,4,5,5,7,4,7,6,6,7,7,4,4,5,6,4,5,4,3,3,7,6,7,5,6,6,4,7,4,3,4,5,5,6,3,7,7,6,5,7,7,6,4,4,7,6,5,4,5,5,6,6,6,4,5,4,5,5,6,3,7,7,7,6,7,5,6,4,5,5,4,4,4,5,7,4,7,4,4,6,5,4,4,4,5,5,7,5,7,6,4,4,4,7,6,7,3,6,7,7,7,7,7,5,7,4,5,7,4,6,6,4,7,4,6,3,6,6,4,4,4,4,5,7,5,7,5,6,4,4,7,7,6,5,5,4,5,6,7,4,5,7,4,5,4,7,4,6,5,3,4,5,6,7,7,4,7,7,4,6,7,7,7,4,6,7,6,7,4,4,4,5,7,4,7,6,5,4,5,7,6,7,7,7,4,4,4,4,7,6,7,6,4,7,5,7,7,7,7,3,5,6,5,6,5,7,6,5,7,4,6,4,4,7,4,5,7,7,7,5,4,6,6,6,7,3,6,6,6,6,5,6,7,6,6,3,5,7,7,5,7,7,5,6,4,7,6,5,7,7,3,7,7,4,5,6,6,4,4,7,7,4,4,5,5,5,5,5,5,7,5,7,7,6,7,0,7,7,7,3,5,7,7,7,7,5,5,3,5,6,7,6,7,6,7,4,7,6,7,4,4,4,5,5,3,3,3,4,6,4,4,6,7,7,7,7,3,4,4,7,4,5,6,4,7,6,4,7,4,5,5,7,5,4,6,6,7,7,7,4,7,5,4,7,7,4,4,7,4,5,6,4,7,4,7,5,6,4,4,4,7,6,4,4,5,7,5,3,4,7,5,3,4,6,7,7,7,3,7,7,6,3,6,4,6,6,7,4,6,6,6,7,4,4,4,3,7,4,5,4,3,7,5,4,7,6,6,3,7,6,6,7,4,7,3,6,7,7,6,7,3,4,5,6,5,3,7,7,6,3,6,7,4,6,4,7,5,4,5,4,6,6,7,4,7,4,6,7,6,7,7,7,7,7,4,4,7,7,5,6,4,4,6,4,4,5,4,6,6,7,7,7,6,4,5,5,4,4,5,7,4,3,4,3,4,4,6,7,6,7,7,4,7,7,5,4,3,4,4,5,7,7,5,7,5,4,7,6,4,7,5,7,6,3,4,4,7,7,5,6,5,7,4,5,6,6,5,6,4,7,6,4,7,6,7,3,7,5,7,3,4,7,4,5,5,4,4,7,4,4,4,4,4,4,5,7,4,0,7,4,4,4,7,4,5,7,4,5,7,6,4,5,5,5,4,7,5,4,4,5,5,7,4,7,7,4,4,6,4,4,4,5,6,5,4,6,4,5,6,7,7,7,4,7,5,4,5,3,7,7,7,6,7,7,4,5,4,4,5,4,6,4,7,5,4,5,6,7,4,4,5,4,4,4,5,7,7,7,5,4,7,7,7,4,4,4,7,7,4,4,7,4,7,6,6,4,5,4,4,6,4,4,6,6,7,4,3,7,5,7,3,7,6,4,7,6,4,7,4,4,4,7,6,6,5,5,5,4,6,5,4,5,6,7,4,6,4,4,4,5,6,4,5,4,4,7,4,4,4,3,5,5,7,4,7,4,6,4,7,4,5,6,5,7,6,5,4,7,3,3,4,5,3,6,4,4,7,7,4,7,7,4,0,3,6,5,7,4,6,6,7,4,7,4,4,7,6,7,5,3,7,6,3,7,7,6,3,4,6,6,5,7,7,5,7,4,6,5,4,7,3,4,6,7,4,4,5,6,5,7,7,4,5,4,7,6,6,6,5,7,6,5,7,5,6,6,4,5,7,5,5,4,5,4,0,4,3,7,6,7,4,4,6,5,7,7,7,7,7,4,0,3,7,4,6,6,4,4,4,7,6,4,4,3,3,7,4,4,4,5,4,5,6,5,7,4,7,5,5,6,4,6,5,6,6,5,7,6,5,7,7,4,7,6,6,6,6,4,7,3,7,7,6,5,7,7,6,5,6,5,7,4,4,7,6,7,5,6,4,7,4,4,5,4,7,7,7,5,7,4,4,4,6,6,5,6,7,4,6,4,4,6,3,4,7,7,5,7,7,4,4,7,6,4,5,7,4,5,7,7,4,7,4,7,6,6,7,4,4,7,7,7,7,4,7,4,5,7,7,4,4,7,3,5,4,7,5,6,7,4]"
shape_f0d198fb0d12abee8c02,"[6,6,6,7,6,6,6,7,6,7,6,6,6,6,6,6,6,6,7,7,6,6,6,6,7,6,6,6,6,6,7,6,6,6,6,6,6,6,6,7,6,6,6,6,6,7,6,6,6,6,6,6,7,6,7,6,6,6,6,6,7,6,6,6,6,7,7,6,6,6,7,6,7,7,6,7,6,6,6,6,7,7,6,6,6,6,6,6,7,6,6,7,6,6,7,6,6,7,6,7,7,6,6,6,6,6,7,6,6,6,6,6,6,6,6,6,6,6,7,6,6,6,6,6,6,7,7,6,6,6,6,7,6,6,6,6,6,6,6,7,6,6,7,6,6,6,6,6,6,6,6,7,6,6,7,6,6,6,7,6,6,7,6,7,6,6,6,6,6,6,7,6,6,6,6,6,6,6,7,6,6,6,7,7,6,7,6,6,6,6,7,7,6,6,7,6,7,7,6,6,6,6,6,6,6,6,6,7,6,6,6,7,6,6,6,6,6,6,7,6,6,6,6,6,7,6,6,6,7,7,7,6,6,6,6,6,7,7,6,6,6,6,6,6,6,7,6,7,6,7,6,6,6,6,6,6,7,6,6,6,7,6,6,7,6,6,6,6,7,6,6,7,6,6,6,6,6,6,6,6,6,6,6,6,6,7,6,6,6,6,6,7,6,6,6,6,6,7,6,6,6,7,7,6,6,6,6,6,6,6,7,6,6,6,7,7,6,6,6,6,6,6,6,6,6,6,7,6,6,7,6,6,6,6,6,6,7,6,6,6,6,7,6,6,6,6,6,7,6,6,6,6,6,6,6,6,6,7,6,6,6,6,6,7,6,6,6,6,6,6,6,6,6,6,6,6,6,7,6,6,6,6,6,6,7,6,6,6,6,6,6,7,6,6,6,6,6,7,7,6,6,6,6,7,6,6,6,6,6,6,6,6,7,6,6,6,7,7,6,6,6,6,6,6,6,6,6,7,7,6,6,6,6,6,6,6,7,6,6,6,7,7,7,6,6,7,6,7,6,7,7,6,6,6,7,6,6,6,6,6,6,6,6,6,6,6,6,6,7,6,6,6,7,6,7,6,6,7,6,7,6,7,6,6,7,7,6,6,6,6,6,6,6,6,6,7,6,6,6,6,6,6,6,6,6,7,6,6,6,6,6,6,7,7,7,6,6,7,7,7,6,6,6,6,7,7,6,6,6,7,6,6,6,6,6,6,6,6,6,6,7,6,7,6,6,7,7,6,6,6,7,7,6,7,6,6,6,6,6,6,6,6,6,6,6,6,6,6,6,6,7,6,6,6,6,6,6,7,6,6,6,7,6,6,6,6,6,6,7,6,6,6,6,6,6,6,7,6,7,7,6,6,6,7,6,6,7,7,6,6,7,6,6,6,6,6,6,6,7,6,6,6,7,6,6,7,7,6,6,6,6,6,6,7,6,7,6,6,6,6,6,6,6,7,7,6,6,6,6,6,6,6,7,6,6,6,6,6,7,6,6,6,7,7,6,7,7,6,6,6,6,6,6,7,7,7,7,7,6,6,7,6,6,6,6,6,6,6,6,6,6,6,7,6,6,7,6,6,7,7,6,6,6,7,6,6,7,6,6,6,6,6,6,6,6,6,6,6,6,6,6,6,6,6,6,6,6,6,7,6,6,6,6,6,6,7,6,6,6,6,6,6,7,6,6,7,6,6,6,6,6,6,7,6,6,6,6,6,6,6,6,6,7,6,6,6,6,6,6,6,6,6,6,6,7,6,7,6,7,6,7,7,6,6,6,7,6,6,6,6,7,6,6,6,7,6,7,6,6,6,6,6,7,6,6,7,6,6,6,6,6,7,6,6,6,7,7,6,6,6,6,6,6,6,7,6,6,6,6,6,7,6,6,6,6,6,6,6,6,7,7,6,6,6,7,6,6,6,6,6,6,6,6,6,7,6,6,7,6,6,6,6,6,6,6,6,6,6,6,6,7,6,7,6,7,7,6,6,6,6,7,6,7,6,6,6,6,6,6,6,6,7,6,6,6,6,6,6,6,6,7,6,7,6,6,6,6,6,6,7,6,7,6,6,6,7,6,6,6,6,6,7,6,6,6,6,6,6,6,6,7,6,7,6,6,7,6,7,6,7,6,7,6,6,7,7,6,6,6,6,7,6,6,6,6,6,6,6,6,6,6,6,6,6,6,6,7,6,6,6,6,7,6,6,6,6,6,6,6,7,7,6,7,6,7,6,6,6,6,6,6,6,6,6,7,6,6,6,6,6,6,6,6,7,6,6,7,6,6,6,7,6,7,7,6,6,6,6,6,6,7,6,6,6]"
shape_ebf27850a22212d9be9c,"[6,7,7,6,6,6,6,6,6,7,6,6,6,6,6,6,6,7,6,7,6,6,6,6,7,6,6,6,6,7,6,6,6,6,6,6,7,6,6,6,6,6,6,6,6,6,6,6,6,7,6,6,6,6,6,6,6,7,7,7,6,6,6,6,6,6,6,6,7,7,7,7,6,7,6,6,7,6,6,6,6,6,7,6,6,7,7,6,6,7,7,6,7,6,7,6,6,6,6,7,7,6,6,7,6,6,6,7,6,6,6,7,7,6,7,6,7,7,7,6,6,6,6,6,7,6,6,7,6,6,7,6,6,7,6,6,6,7,6,6,6,6,6,6,7,6,6,7,7,7,7,6,6,6,7,7,6,7,6,6,6,6,6,6,6,7,6,6,7,6,6,7,6,6,7,6,6,6,6,7,6,7,6,6,6,6,6,6,7,6,6,6,7,6,6,6,6,6,6,6,6,7,7,6,6,6,7,6,7,6,7,6,6,6,6,6,6,6,6,6,6,6,6,6,6,6,6,7,6,6,6,6,6,7,6,7,7,6,6,6,6,6,7,6,6,6,7,7,7,6,6,6,6,6,6,6,6,6,6,7,6,7,6,6,6,6,7,6,6,6,6,6,6,6,6,7,6,6,6,6,6,6,6,6,7,6,7,6,6,6,7,6,7,7,7,6,6,7,6,6,7,6,6,6,7,6,6,6,6,6,6,6,6,6,6,6,6,6,7,7,6,6,7,6,6,6,6,6,6,6,6,6,6,6,6,6,6,6,6,7,7,7,7,6,6,6,7,6,7,7,6,6,6,6,6,6,6,7,6,7,6,6,6,6,6,6,6,6,7,6,6,6,6,6,6,6,7,7,6,6,6,6,6,7,6,6,6,6,7,6,6,6,6,7,7,7,6,7,6,7,7,6,7,6,7,6,7,7,6,6,7,6,7,6,6,6,7,6,6,6,6,6,6,6,6,6,6,6,6,6,6,6,6,6,6,6,7,6,6,6,7,6,6,6,6,6,6,6,6,6,6,7,6,7,6,6,6,6,7,6,7,7,6,6,6,6,7,6,6,6,6,7,6,6,6,6,6,6,7,6,7,7,6,7,6,6,6,6,7,6,7,6,6,6,7,6,6,6,6,6,6,7,6,6,6,6,7,6,7,6,7,7,6,6,6,6,6,6,7,7,7,6,6,6,6,7,6,6,6,6,7,6,6,6,6,6,6,6,6,7,6,6,6,6,6,6,6,6,6,7,6,7,6,7,6,6,6,6,7,6,6,6,6,6,6,6,6,6,6,7,6,7,6,6,6,6,6,6,6,6,6,7,6,7,7,6,7,6,6,6,6,7,6,7,6,7,6,6,6,6,6,6,6,7,6,6,7,6,6,6,6,6,6,6,6,7,6,7,7,6,6,7,6,6,7,7,6,7,6,6,6,7,6,7,7,6,6,6,7,7,6,6,6,7,6,6,7,6,7,7,6,6,7,6,6,6,6,6,6,6,7,6,6,6,7,7,6,6,7,6,6,6,7,7,6,6,7,6,7,7,6,6,6,6,6,6,6,6,7,6,6,6,6,6,7,6,6,6,6,6,6,6,6,6,6,6,6,6,6,7,6,6,6,6,6,6,6,6,6,6,6,6,6,6,6,6,7,6,7,7,6,6,7,6,6,6,7,7,6,6,7,7,6,6,6,6,6,6,6,6,7,7,7,6,6,6,6,7,6,6,7,6,6,6,7,7,6,6,6,7,6,6,6,6,6,6,7,6,7,7,6,6,6,6,6,6,6,6,6,6,7,7,6,6,6,6,6,6,6,6,6,6,7,6,7,6,7,6,7,6,6,7,6,6,7,6,6,7,7,7,6,7,6,6,6,6,6,6,6,6,6,6,6,7,6,6,6,7,6,6,6,6,6,6,6,6,6,6,7,6,7,6,7,6,6,6,6,6,6,6,7,6,6,6,7,7,6,6,6,6,6,6,6,6,7,6,6,6,7,6,6,6,6,6,7,6,7,6,6,6,6,6,6,6,6,6,6,6,7,6,6,7,6,6,6,6,7,6,6,7,6,6,6,6,7,6,6,6,7,6,6,6,6,7,6,6,6,7,6,6,7,6,6,6,6,6,6,6,6,7,6,7,6,6,6,6,6,7,6,6,7,6,6,6,7,7,6,6,6,7,6,6,6,6,6,6,6,6,6,6,6,6,6,6,6,6,6,6,6,6,6,7,6,6,6,6,6,6,6,7,7,7,6,6,7,6,6,7,6,6,6,6,6,7,7,7,6,6,7,7,7,7,6,6,6,6,6,6,7,6,7,7,7,6]"
shape_c1510596432b270b6b10,"[6,6,6,6,5,6,5,6,6,6,6,5,5,6,4,6,4,4,4,6,7,4,5,4,5,5,6,5,5,6,6,5,6,6,6,6,6,5,6,5,6,6,6,6,5,6,6,6,5,6,6,6,5,5,6,6,5,6,6,4,6,6,6,5,6,7,6,6,6,7,6,5,5,6,6,6,5,6,5,6,6,6,7,6,6,5,5,6,6,6,5,5,6,5,5,6,6,5,6,5,6,5,5,6,5,6,6,6,6,5,4,6,7,6,6,5,6,6,6,5,6,6,4,4,6,5,6,6,4,6,6,5,6,6,6,6,4,5,6,6,7,6,6,5,6,6,6,5,7,5,5,6,7,6,6,4,5,6,6,4,6,5,7,6,5,5,5,6,5,5,5,6,6,6,6,7,5,5,6,4,6,5,6,6,4,4,6,6,5,4,5,6,6,6,6,5,5,5,4,6,6,6,6,6,6,6,5,6,6,7,6,4,6,6,6,4,5,6,6,4,6,6,5,6,6,7,5,5,7,4,4,5,5,4,6,5,4,5,6,6,6,4,7,6,5,6,6,6,5,4,7,6,5,6,5,5,5,5,6,5,6,6,6,6,5,5,5,5,6,4,6,4,6,6,6,6,6,6,6,6,6,5,6,6,6,6,6,4,5,4,6,6,6,6,5,4,6,5,5,6,6,6,6,6,6,6,6,6,5,5,4,5,5,6,4,6,6,4,6,6,5,6,6,4,5,6,5,6,6,6,6,4,6,4,5,6,6,4,6,5,6,5,7,5,6,6,6,4,6,6,5,6,5,5,5,6,6,6,6,5,4,6,6,5,6,6,6,6,6,4,5,5,6,5,6,6,5,6,6,6,7,5,4,6,5,4,6,5,6,4,5,6,6,5,6,5,4,6,5,6,6,5,4,6,6,4,5,5,6,6,4,6,5,6,6,6,5,6,6,6,6,6,7,5,6,6,6,4,6,4,6,4,6,4,6,5,6,6,5,6,6,5,4,6,5,5,7,6,6,6,6,6,6,6,6,6,6,4,6,5,6,5,5,6,5,4,5,5,6,6,6,5,5,5,4,5,6,4,7,5,6,4,6,6,5,6,6,4,7,6,6,6,6,6,6,6,6,6,6,6,6,6,5,6,6,5,6,5,5,5,6,6,6,5,4,6,4,6,6,6,6,6,6,6,6,7,6,6,5,5,6,5,5,6,4,4,7,6,6,5,5,5,6,5,5,4,6,5,7,6,5,6,4,4,6,6,4,6,5,6,4,6,6,6,4,4,4,7,6,6,5,6,5,4,4,5,7,6,5,5,4,6,5,4,6,5,6,6,5,4,6,6,6,6,6,6,7,6,4,5,6,5,4,5,6,6,6,4,5,6,6,6,6,6,6,6,5,6,4,6,6,6,5,6,6,4,6,5,6,5,6,6,5,6,5,5,6,6,4,6,6,6,6,4,5,4,6,4,6,6,5,6,4,6,6,6,6,6,4,5,6,5,5,6,5,5,6,6,6,4,6,6,6,5,4,5,6,6,6,5,6,6,6,4,6,5,6,6,6,4,6,5,5,5,5,5,4,6,6,6,4,6,4,6,4,6,4,5,6,6,5,6,5,6,6,7,5,6,6,4,6,5,7,6,6,6,5,6,6,6,6,6,5,5,7,6,6,6,6,6,6,6,6,6,6,6,6,6,5,5,6,6,5,6,6,6,6,4,6,5,5,6,6,6,5,6,6,5,4,6,6,5,4,5,6,6,4,4,5,6,5,6,6,6,6,4,7,4,5,5,6,4,6,6,6,6,6,6,6,6,4,6,6,6,6,6,5,6,6,6,6,6,6,6,5,6,6,5,6,4,5,6,5,6,6,4,6,6,4,5,4,6,5,4,6,6,6,6,6,5,5,6,6,6,6,6,6,6,6,5,6,5,6,6,6,5,6,6,6,6,4,6,5,6,6,6,5,7,6,4,4,6,6,5,7,4,6,6,5,6,4,5,5,6,4,4,6,6,5,6,6,6,6,6,5,6,6,6,6,6,6,6,4,6,6,6,5,6,5,5,6,6,6,6,4,5,4,5,6,5,5,6,5,6,6,6,4,5,6,7,5,5,6,6,6,6,5,6,5,6,4,6,5,5,5,5,6,6,6,5,6,5,6,6,6,6,5,6,5,6,6,5,5,6,6,4,4,6,6,6,6,6,6,5,5,6,5,6,6,5,6,6,4,4,4,5,4,6,6,5,6,6,5,5,6,5,6,4,6,6,4,6,4,5,6,6,4,6,4,6,6,6,4,5,5,6,6,6,6,4,6,6,6,5]"
shape_1cf69ffc5264aef64c50,"[6,6,7,7,6,6,6,5,4,4,5,7,7,6,6,5,6,6,4,4,6,5,0,7,7,3,4,6,4,0,5,6,6,7,7,5,6,5,4,6,4,4,3,4,7,7,6,6,5,7,5,5,3,6,4,4,3,3,6,6,6,0,5,6,4,4,5,5,5,4,4,4,4,4,5,5,7,4,6,6,5,6,4,4,4,4,6,6,4,6,3,4,4,5,6,0,6,6,5,4,7,4,5,6,1,6,4,4,7,4,6,4,7,4,4,4,6,4,6,4,4,7,4,5,1,6,4,4,7,6,5,6,5,6,7,4,6,4,3,4,3,4,7,4,4,5,6,6,4,6,4,6,7,6,5,4,6,7,0,4,6,4,4,6,6,6,6,6,4,6,6,4,6,5,6,7,0,6,4,4,6,0,6,6,7,6,4,7,6,6,6,7,3,4,6,7,7,7,5,5,7,4,4,0,3,4,4,4,4,5,3,5,6,6,3,3,4,6,0,6,6,4,6,5,4,4,5,4,5,4,4,4,3,4,4,4,4,3,4,7,6,4,5,4,6,4,6,7,6,6,7,7,6,3,6,4,3,7,6,5,4,4,4,5,5,6,7,4,1,6,7,5,3,7,4,4,6,7,5,5,7,5,7,5,5,6,4,7,6,6,6,5,4,3,6,6,6,6,6,6,6,4,4,4,5,6,4,7,6,5,5,6,4,4,4,4,6,4,6,5,5,5,5,5,5,4,4,6,4,5,4,6,4,6,6,6,5,7,5,6,7,6,5,3,5,5,4,7,6,5,4,4,1,6,7,4,7,4,7,6,6,4,6,4,6,5,4,5,6,4,1,3,6,5,5,4,6,6,4,5,7,7,4,6,6,3,4,4,4,5,6,7,6,4,6,5,5,7,6,5,3,5,4,5,7,6,4,6,0,6,6,6,6,6,4,3,6,5,6,6,4,4,6,4,7,4,4,5,6,4,7,4,7,5,5,4,6,0,5,5,4,4,7,7,6,7,6,7,6,7,5,6,6,4,7,6,6,0,5,1,6,4,6,6,7,6,6,6,7,5,6,4,4,6,4,7,4,5,4,4,7,4,4,5,6,5,7,4,4,4,6,7,4,4,7,4,5,4,6,3,6,4,4,4,4,6,4,6,4,4,6,5,7,4,7,5,4,4,4,4,6,6,6,0,6,4,6,3,6,6,4,4,7,4,4,6,6,7,4,6,4,6,4,5,7,4,6,6,5,5,5,6,4,3,0,6,4,6,5,5,5,4,5,3,7,6,4,5,0,4,0,4,4,6,6,6,4,4,7,6,4,5,4,5,3,4,7,6,4,4,0,7,1,7,7,6,6,4,4,4,6,4,4,6,4,7,4,4,6,6,5,4,6,5,3,6,4,6,6,4,6,6,4,7,7,6,6,4,4,6,4,4,4,5,6,6,6,7,0,7,4,6,5,5,4,5,4,4,4,5,5,6,4,5,0,5,7,5,4,6,6,6,6,5,5,4,4,3,4,4,7,6,4,5,5,6,4,5,3,5,5,5,5,4,4,3,5,4,5,7,5,4,4,5,6,5,4,4,4,3,0,4,4,5,4,6,5,5,6,6,7,5,4,5,5,6,4,7,5,4,6,6,5,4,5,5,5,6,5,7,6,4,5,6,5,7,7,0,4,4,6,5,7,6,6,6,6,5,6,6,6,4,6,6,3,0,5,4,7,4,7,4,7,4,5,7,5,6,6,5,4,5,7,6,5,5,6,4,4,5,0,4,6,5,6,4,6,6,4,4,7,6,4,7,5,6,5,4,4,4,6,4,6,5,6,6,4,4,5,7,1,5,5,7,7,4,4,6,4,3,4,7,3,4,6,3,5,4,4,4,4,6,6,5,6,4,5,7,4,6,0,4,4,4,6,6,0,5,4,4,5,4,5,7,4,6,4,7,5,6,4,4,4,6,4,5,3,4,6,6,5,6,5,4,0,5,4,6,4,6,6,0,6,5,3,7,5,3,5,0,6,5,5,5,5,5,3,7,5,6,6,4,5,0,5,5,4,5,4,6,6,6,4,6,7,4,6,3,6,6,7,4,6,5,6,5,4,5,7,5,3,3,6,6,6,4,4,7,6,0,5,5,4,4,3,3,6,6,4,7,6,5,6,4,3,5,4,4,5,6,6,6,5,5,6,5,5,3,7,5,6,4,6,5,4,3,5,4,5,6,5,7,5,5,6,5,4,4,4,5,4,6,3,7,6,3,6,5,6,5,7,5,5,7,0,6,5,6,4,6,7,5,4,6,5,7,5,6,4,6,7,5,4,6]"
shape_12143cc05134bc0a8219,"[6,7,6,6,6,6,7,7,7,7,7,6,7,6,7,6,6,6,7,6,6,6,7,6,6,6,6,6,6,6,6,6,6,6,6,6,6,7,6,7,7,6,7,6,6,6,6,6,6,6,7,7,6,7,6,7,6,7,6,7,6,7,6,6,6,6,7,6,6,6,6,6,7,6,6,6,6,6,7,6,6,6,6,6,6,6,6,6,6,7,6,6,7,6,7,6,6,6,6,6,6,7,6,7,7,6,7,6,6,6,6,6,7,6,6,7,6,7,6,6,6,7,6,6,6,6,6,6,7,6,6,6,6,6,6,7,6,6,6,7,6,6,6,6,6,6,6,6,6,6,6,6,6,7,6,6,7,7,7,6,6,6,6,7,7,6,6,6,6,6,6,7,7,6,6,6,6,6,6,6,7,6,6,6,6,7,6,6,6,7,6,6,6,6,6,7,6,6,7,6,7,6,6,6,6,6,7,6,6,6,6,6,6,6,6,6,7,6,6,6,6,6,6,7,6,7,6,7,6,6,6,6,6,6,6,6,6,6,6,6,6,7,6,7,6,6,7,6,6,7,6,7,6,7,7,6,6,6,6,6,6,6,6,6,6,6,6,6,6,6,6,6,6,7,6,6,6,7,6,6,6,6,6,6,7,6,6,6,6,7,6,6,6,6,6,6,6,6,6,6,6,6,6,6,6,6,6,7,7,7,6,6,6,6,6,6,6,6,6,6,6,7,7,7,6,6,7,6,7,6,6,6,6,6,6,6,6,7,6,6,6,6,6,6,6,6,7,6,6,7,6,6,6,6,6,6,6,6,6,7,6,6,6,6,6,6,6,6,6,7,6,6,6,6,6,6,6,7,6,7,6,7,7,6,6,6,6,6,6,6,7,7,6,6,6,6,6,7,6,6,7,6,6,6,7,7,6,6,6,7,6,6,6,6,6,7,6,6,6,6,6,6,6,7,7,6,7,6,6,6,6,7,7,7,6,7,6,6,7,6,6,6,6,7,6,6,6,6,6,6,7,6,7,6,6,6,6,6,7,7,6,6,7,7,6,6,6,6,6,6,6,7,7,6,6,6,6,6,7,6,6,6,7,6,7,6,6,6,6,6,6,6,6,7,7,6,7,6,6,6,6,6,6,7,7,6,6,6,6,6,6,6,6,6,6,7,6,6,6,6,6,6,7,6,6,6,6,6,6,7,7,7,6,6,6,6,6,7,6,6,6,6,6,6,6,7,6,6,7,6,6,6,6,6,6,6,6,6,6,6,6,6,7,7,6,7,6,7,6,6,6,6,7,7,6,7,6,6,6,6,6,7,6,6,7,6,7,6,6,6,6,6,6,6,7,6,7,6,6,6,6,7,7,6,6,7,6,7,7,6,6,6,6,6,6,6,6,6,6,6,6,6,6,6,6,7,6,7,6,6,6,6,6,7,6,6,6,7,6,7,7,6,6,6,6,6,6,6,6,6,7,6,6,6,7,6,6,7,7,6,6,7,7,7,7,6,6,6,6,6,6,6,6,6,6,6,6,6,7,6,6,6,6,6,6,6,6,6,7,6,6,6,6,6,6,7,6,6,6,6,6,6,6,6,6,6,6,6,7,6,6,6,6,6,6,6,6,6,7,6,7,6,6,6,7,7,6,6,6,6,6,6,6,6,6,7,6,7,7,7,7,6,6,6,6,6,6,6,6,6,6,6,6,6,6,6,6,6,6,6,6,6,6,6,6,6,7,6,6,6,6,7,6,6,6,6,6,7,6,6,6,6,7,6,6,6,6,6,6,6,6,6,6,7,7,6,6,7,6,6,6,6,6,7,6,6,6,6,6,7,7,7,6,7,6,6,6,6,6,6,6,6,7,6,6,6,6,6,7,6,7,6,6,6,6,7,6,6,6,6,7,6,6,6,7,6,6,6,6,6,7,7,6,7,6,6,6,6,6,6,6,6,6,6,6,7,6,7,6,6,6,6,6,7,6,6,7,6,6,6,6,6,6,6,6,6,6,6,6,7,6,6,6,6,6,7,6,6,7,6,6,6,7,6,6,6,6,6,6,7,6,6,6,6,6,6,6,6,6,6,6,6,7,6,6,7,7,6,7,6,6,6,7,6,6,6,6,6,6,6,6,6,6,6,7,6,6,6,6,6,7,6,6,6,6,6,6,6,7,6,6,6,6,6,6,7,6,6,6,6,7,6,6,7,6,6,6,6,6,6,6,6,7,6,6,7,6,6,6,6,6,7,6,6,6,6,7,6,6,6,6,6,6,6,7,6,6,6,6,6,7,6,6,6,6,6,6,6,6,6,6,6,6,6]"
shape_9804a8154e2d7e7dfcf0,"[0,4,0,4,4,0,0,4,0,4,0,5,4,6,4,0,4,4,0,0,4,0,4,4,4,0,0,4,0,4,4,0,0,0,4,0,5,0,5,4,4,0,0,0,0,4,0,0,0,4,0,0,4,4,4,4,4,0,4,4,4,0,0,4,5,0,4,4,4,0,4,4,4,0,4,7,6,4,4,0,4,0,4,4,5,4,0,4,0,4,0,4,4,4,4,4,4,0,0,0,4,5,4,4,5,4,0,7,0,4,4,4,4,4,5,4,4,0,4,4,0,0,0,0,0,4,4,0,4,4,4,4,0,0,0,0,4,4,5,0,0,4,0,4,0,0,0,0,0,0,4,0,4,4,0,0,4,0,4,0,0,0,0,0,0,4,4,4,0,4,0,0,4,4,7,4,0,4,4,0,4,4,4,4,4,0,4,4,4,4,4,4,7,4,0,4,5,6,4,5,4,0,0,4,0,4,4,0,5,4,0,0,0,4,4,0,4,4,4,0,6,0,4,4,4,0,4,4,0,4,4,0,4,5,4,4,0,0,0,0,4,0,4,4,0,4,4,0,4,4,4,4,0,6,0,4,4,0,0,4,4,4,4,0,4,0,0,0,4,4,4,4,4,4,0,4,0,0,4,0,4,4,4,0,7,0,4,4,4,0,0,4,4,5,5,4,4,4,5,0,4,4,5,4,0,4,0,0,4,0,4,4,4,4,4,4,0,0,7,4,0,4,0,4,4,4,4,4,4,4,0,0,0,0,0,4,4,6,4,5,0,4,0,0,0,4,5,4,0,0,0,4,0,4,4,0,4,4,0,4,4,4,4,4,4,4,4,0,0,4,0,4,0,4,0,4,4,0,0,0,4,0,0,0,0,4,4,0,5,4,4,4,4,4,0,4,0,4,4,4,4,4,0,5,4,0,4,0,4,0,0,4,0,4,0,6,0,4,5,0,0,4,0,4,4,4,4,0,4,0,0,4,4,4,4,0,0,0,4,4,0,4,4,4,0,0,4,4,5,0,0,0,4,4,0,4,4,4,5,5,4,5,4,4,4,4,0,0,0,0,4,0,4,0,6,4,0,4,4,4,4,4,6,0,4,0,4,4,5,4,4,4,0,4,4,0,0,0,4,4,4,5,4,4,4,4,4,0,4,4,4,4,4,4,4,4,0,5,0,4,4,4,7,4,4,5,4,0,0,4,0,4,4,0,0,4,0,5,4,4,0,4,4,4,0,4,4,0,4,4,4,0,0,0,4,4,0,0,4,4,4,6,0,4,4,4,0,4,4,4,4,4,4,0,0,4,4,4,4,0,4,0,0,0,0,0,4,4,4,4,4,4,4,0,4,0,0,0,4,4,4,4,4,4,4,4,6,4,4,4,0,4,4,0,6,0,4,0,4,4,4,4,4,4,0,4,0,5,0,4,0,4,4,5,0,4,4,4,0,4,4,4,4,0,0,4,4,0,0,4,4,4,5,4,4,4,5,6,0,4,4,4,0,0,0,4,0,5,0,4,0,4,0,0,4,0,0,0,4,5,0,0,0,4,5,4,0,4,4,0,0,4,4,4,0,0,0,0,0,4,4,4,4,0,4,4,4,7,4,4,0,4,4,0,4,4,0,4,4,0,0,0,5,4,0,0,0,0,4,5,0,0,0,4,4,4,4,4,4,5,4,0,0,0,5,7,4,0,4,7,4,4,5,4,4,4,4,0,5,4,0,0,0,0,4,4,4,4,4,7,5,0,4,0,0,4,4,0,4,0,0,4,0,0,4,4,0,7,0,0,4,4,0,0,4,0,4,4,4,4,4,4,0,4,4,0,5,4,4,4,4,0,0,0,0,0,4,4,4,4,6,4,4,4,4,0,4,0,4,0,4,4,5,4,4,4,0,4,0,0,0,4,4,4,4,4,4,4,4,0,0,0,0,4,0,4,4,0,0,4,4,0,4,0,0,0,4,4,4,0,0,4,4,0,5,5,0,0,4,5,0,0,5,4,0,4,4,4,4,0,0,0,4,4,0,0,4,4,0,0,4,0,0,0,6,4,4,4,5,4,0,4,7,6,0,4,0,4,0,4,0,4,0,0,0,5,4,0,4,4,0,4,0,4,0,5,4,5,0,0,4,0,0,4,4,4,0,0,0,0,5,0,0,0,5,0,0,0,4,5,4,0,4,5,4,0,0,4,0,4,0,0,0,0,0,4,4,4,4,4,0,0,0,4,4,5,4,0,4,4,4,4,5,4,0,4,4,0,0,4,4,0,4,4,4,4,4,5,4,4,4,4,4,4,4,4,6,0,5,0,0,0,0,4]"
shape_a953e9b62d230c182dc9,"[4,6,6,6,7,4,6,6,6,6,6,6,6,7,6,6,4,7,6,6,4,6,7,5,6,4,6,4,6,6,7,4,7,4,6,7,6,6,4,7,6,6,6,6,4,7,7,4,6,7,4,6,6,6,4,5,6,6,7,7,6,6,5,4,6,4,7,6,7,6,6,7,4,5,4,4,7,4,4,6,4,6,6,4,7,7,6,6,4,6,6,6,4,6,7,5,6,7,6,6,6,7,6,6,6,6,7,7,6,6,7,4,7,6,6,6,6,4,7,6,7,6,6,6,6,6,7,6,7,4,7,5,6,4,6,7,6,4,7,7,6,6,7,7,6,6,6,6,7,6,6,6,6,6,6,6,6,5,6,6,6,6,7,6,6,7,6,7,6,6,7,6,4,6,7,7,6,4,6,4,7,6,7,6,6,7,7,5,4,6,6,6,6,6,7,4,4,6,6,6,6,7,4,7,4,4,6,6,6,5,6,6,6,6,6,7,6,7,4,7,6,4,6,4,6,7,7,7,4,6,6,4,6,6,4,5,6,6,5,6,4,7,4,4,6,6,4,6,6,7,4,6,6,6,7,6,7,6,7,5,4,7,7,6,6,4,4,6,5,6,6,6,6,4,7,4,4,5,6,6,6,6,6,6,7,6,6,4,7,7,6,6,7,6,7,6,7,6,6,6,7,4,6,6,4,7,4,4,6,4,6,6,7,6,7,6,6,6,7,6,7,6,4,6,6,6,6,6,6,6,6,7,7,6,6,4,6,4,7,7,6,6,6,6,4,6,4,6,6,6,6,6,4,6,4,7,6,7,6,6,6,6,6,7,6,7,6,7,5,6,6,6,6,6,6,4,7,6,6,6,6,6,6,4,7,4,7,6,6,6,6,6,7,6,7,5,6,6,6,6,6,4,5,7,6,6,7,6,7,4,6,6,6,7,6,7,6,4,6,6,4,6,6,6,4,6,7,6,6,5,4,6,4,6,6,7,6,6,6,4,7,4,6,6,6,7,6,7,6,7,6,6,6,6,6,6,6,6,7,6,6,7,7,6,6,4,6,6,4,4,7,6,4,7,6,4,6,6,7,4,4,6,4,4,7,6,7,7,6,6,6,6,6,6,4,6,7,6,6,7,6,7,7,6,6,6,6,5,6,6,4,6,6,6,6,6,6,7,6,6,6,7,6,7,4,6,7,7,6,7,4,6,4,7,4,6,6,4,6,6,7,6,6,6,4,6,6,6,7,6,6,6,7,7,6,6,6,6,6,6,6,7,6,7,6,4,6,7,7,6,6,7,4,6,6,7,6,6,6,6,6,7,4,7,7,6,6,6,6,4,7,6,6,7,6,4,6,6,7,6,7,5,4,6,7,6,6,6,6,6,4,7,6,6,6,7,5,7,7,7,7,7,6,6,6,6,7,6,7,6,6,7,7,4,6,6,6,6,6,4,4,5,6,4,6,7,6,7,6,4,6,6,7,6,7,5,6,7,4,6,6,6,6,6,6,4,6,6,6,4,6,6,6,4,7,7,7,4,4,7,6,7,6,4,6,7,4,5,7,6,4,6,6,6,7,6,6,6,7,6,6,6,4,4,6,6,7,4,4,6,4,4,6,6,7,6,6,7,6,6,6,7,7,4,4,7,6,4,6,6,7,4,6,4,7,7,4,6,6,6,7,4,4,7,6,6,4,4,7,7,6,7,7,6,7,7,6,6,6,6,6,6,6,4,4,4,7,6,6,4,6,6,6,6,6,6,4,6,4,6,6,4,7,6,6,6,7,7,6,6,6,6,6,4,6,5,4,7,6,6,6,6,6,6,6,6,6,6,6,7,4,6,6,6,6,6,7,6,6,4,7,6,6,6,6,6,6,6,6,4,6,6,6,7,6,7,6,4,6,6,6,6,6,6,4,6,6,7,7,6,4,6,7,7,4,6,4,6,7,4,7,7,6,4,6,4,6,4,6,6,7,6,6,6,6,7,7,6,6,7,6,6,7,6,6,6,6,6,6,4,7,4,5,6,5,6,4,6,4,7,6,6,4,4,6,6,6,6,6,6,6,7,7,6,6,6,6,7,4,6,6,6,6,6,6,6,6,6,7,6,6,6,6,4,7,6,6,4,5,6,6,6,4,6,6,6,7,6,6,6,4,7,6,6,7,6,7,4,7,6,6,6,6,7,7,6,7,6,6,4,4,7,6,6,6,6,4,7,7,7,4,7,4,6,7,7,6,5,6,6,6,7,6,7,6,6,6,7,6,6,4,5,6,7,4,7,6,6,7,6,6,6,6,6,4,6,6,4,4,6,7,7,4,4]"
shape_9ef345fe77d6c4e88f98,"[6,7,7,6,5,6,7,6,7,7,6,7,6,6,6,6,6,4,6,6,6,6,6,7,5,6,6,7,6,7,7,6,6,7,6,5,6,6,7,6,6,6,7,6,6,6,6,7,6,6,4,6,6,6,7,7,7,6,7,6,6,6,7,7,6,7,6,6,6,7,4,6,6,7,7,7,6,6,6,6,7,6,6,6,7,6,6,7,6,6,6,6,6,6,7,6,6,7,6,6,7,6,6,6,7,6,6,6,6,6,6,7,6,6,6,7,7,7,7,6,6,6,7,6,7,4,7,6,6,7,6,6,6,6,6,6,6,6,6,7,6,7,5,6,7,7,6,6,6,6,6,7,4,6,6,4,6,6,6,6,6,6,6,7,6,7,6,6,4,6,7,7,6,6,6,6,6,7,7,6,6,6,4,6,6,6,4,6,6,7,6,6,6,7,6,6,6,6,6,7,4,7,6,7,6,6,6,6,6,6,6,6,6,6,6,6,5,6,6,6,6,6,4,7,6,6,6,4,7,7,7,6,6,7,7,6,6,7,6,6,6,6,6,6,6,6,6,6,6,6,4,6,7,6,6,6,6,6,6,6,4,6,6,6,4,7,7,7,7,6,6,6,6,6,7,7,6,6,7,7,6,6,6,6,6,6,6,7,4,6,6,6,7,6,6,6,6,6,6,4,7,6,7,7,4,7,6,4,6,6,7,6,6,6,6,6,6,6,6,6,6,7,7,7,6,6,6,6,7,6,7,6,7,6,6,6,7,6,6,6,6,6,7,6,6,6,6,6,6,5,6,6,7,7,6,6,6,7,5,6,6,7,7,6,6,6,6,6,6,6,6,6,6,4,6,6,6,6,7,6,7,6,6,7,5,6,6,7,6,6,6,6,6,6,6,6,6,7,6,6,6,6,6,7,4,4,6,7,6,6,7,6,6,7,7,6,6,6,7,7,6,6,4,6,7,7,7,6,7,7,6,6,4,6,6,6,6,6,6,6,6,4,6,6,6,6,6,6,6,6,6,6,6,7,7,6,6,6,7,6,6,4,6,6,4,6,6,4,7,7,7,6,6,6,7,6,6,7,6,7,5,6,7,7,5,6,7,4,7,6,7,7,6,6,4,7,6,6,6,7,4,7,4,6,6,6,6,6,7,6,6,7,4,7,6,7,6,6,6,6,6,6,6,6,6,6,6,7,6,6,6,7,6,6,7,6,7,6,4,6,6,7,6,7,7,6,6,6,7,6,6,6,6,7,7,6,6,6,4,6,6,7,7,6,7,7,6,7,6,6,4,6,6,6,6,7,6,7,6,6,6,6,6,6,4,6,6,7,6,6,6,6,6,6,6,5,6,6,6,7,6,7,6,6,6,6,4,7,6,6,7,6,7,6,7,6,7,7,6,6,7,6,6,6,6,6,4,6,6,6,6,7,6,7,6,6,7,6,4,6,6,6,6,6,6,6,6,7,7,6,7,7,6,4,6,6,7,6,7,6,7,6,4,7,6,6,7,6,6,6,7,6,7,7,6,6,7,7,7,6,6,7,6,6,6,6,7,6,6,6,6,6,6,4,6,6,7,6,6,4,5,6,6,4,6,6,6,6,6,7,7,6,6,6,6,7,6,7,6,6,6,6,7,7,7,6,6,6,6,6,6,6,7,6,6,4,7,6,6,7,6,4,6,7,6,6,6,6,7,7,6,6,6,6,4,6,6,6,6,6,6,6,6,6,6,5,6,6,6,6,6,7,6,6,4,6,6,7,7,6,4,6,6,6,6,7,6,6,6,6,7,7,6,7,7,7,6,7,7,6,4,6,4,6,6,6,6,7,7,6,6,6,7,7,6,6,4,6,6,6,6,6,6,6,6,6,6,6,6,6,6,6,6,6,6,6,7,6,6,7,7,6,4,7,6,6,7,7,6,6,7,7,7,6,6,6,6,6,6,6,7,6,6,6,6,6,7,6,6,6,6,6,6,4,7,6,6,6,6,6,6,6,6,4,6,6,6,7,6,6,6,6,6,6,7,6,6,6,6,4,6,7,6,4,6,6,6,6,4,7,6,6,6,6,7,6,7,5,6,6,6,7,6,6,6,6,6,6,4,6,6,6,6,6,6,6,6,6,7,6,6,7,6,6,4,6,6,4,6,4,7,6,4,6,5,6,7,6,6,6,6,4,6,6,7,6,6,6,6,7,4,6,6,7,6,6,6,6,6,6,6,6,6,6,5,6,6,4,4,6,7,7,6,6,6,7,6,4,6,6,6,6,6,7,4,7,6,6,6,4,4,6,6,6,6,6,6,6,7,6,6,7,7,6]"
shape_0ecf5f5b1326229ed859,"[5,5,5,5,5,6,5,4,5,5,4,4,5,5,5,5,6,4,5,4,5,5,5,5,5,6,5,5,4,5,4,4,5,5,5,1,5,4,6,5,6,7,6,4,6,5,4,7,5,4,5,6,4,5,4,5,5,4,5,5,4,4,5,5,4,5,5,5,5,5,6,5,5,4,4,4,6,4,6,7,5,5,5,5,5,5,5,4,4,4,5,5,7,4,5,5,5,4,5,6,5,4,4,5,4,5,5,4,6,5,6,5,6,4,5,4,5,5,4,4,5,4,4,4,5,6,5,6,0,5,4,4,5,5,6,6,6,4,4,7,5,5,5,4,4,5,5,5,5,5,5,1,4,4,6,6,5,5,4,5,5,5,5,5,6,5,6,6,5,7,4,5,6,6,4,4,5,4,4,6,7,6,5,5,5,5,5,6,5,6,5,4,5,6,4,6,5,5,6,6,7,5,4,4,5,5,6,6,7,4,6,4,5,4,7,5,5,5,4,4,4,6,4,5,5,5,5,5,5,5,5,5,6,5,4,5,6,4,5,4,6,6,5,5,5,7,7,5,7,5,5,4,5,4,4,4,5,4,5,5,5,4,7,4,5,5,5,5,4,5,5,5,5,5,5,5,6,5,5,0,5,5,4,4,5,6,5,4,0,5,5,5,5,5,5,5,5,4,7,5,5,4,5,5,5,5,5,7,6,5,5,5,7,4,5,5,5,5,6,6,5,5,6,6,6,5,4,5,5,4,5,6,5,5,5,5,7,4,4,5,4,5,5,4,5,5,5,4,5,5,5,5,4,5,6,5,5,4,5,4,5,5,5,4,5,5,5,5,5,5,6,4,5,5,4,5,7,5,6,0,5,5,4,5,5,6,5,4,5,5,5,6,6,5,5,5,7,5,5,5,5,6,7,5,5,1,5,5,5,5,5,4,4,5,5,4,7,4,5,4,6,5,5,6,7,5,5,4,5,6,6,4,5,5,5,6,5,5,5,4,5,4,6,4,5,5,7,5,5,5,4,4,1,6,6,5,4,4,4,4,6,5,5,5,5,4,5,6,4,5,6,6,4,5,5,4,4,5,6,6,4,5,4,5,5,7,5,4,4,5,6,5,5,6,5,6,4,6,5,6,5,4,4,5,5,4,5,5,1,5,5,7,5,5,4,4,4,0,4,6,4,4,5,4,4,5,4,5,5,4,5,5,5,4,5,5,5,5,5,5,7,5,5,7,4,4,7,4,4,5,5,7,5,4,5,4,5,5,6,7,5,5,5,5,4,5,5,4,5,7,5,5,7,4,5,5,4,6,6,5,5,5,4,4,5,5,4,4,5,5,5,5,7,4,5,4,5,6,0,4,6,4,6,4,5,4,4,4,5,7,5,5,4,5,5,4,5,4,4,5,4,4,7,5,4,5,7,5,5,4,5,5,5,5,4,5,5,4,4,4,5,6,5,5,4,5,7,7,4,4,5,4,6,5,5,5,5,4,5,5,4,6,4,5,5,5,5,5,5,5,4,4,4,6,6,5,4,5,4,4,5,6,6,5,6,7,4,5,4,5,5,5,6,6,5,5,4,6,4,4,5,4,5,4,4,5,5,5,5,4,4,5,7,5,4,5,5,5,7,4,6,0,5,4,0,4,5,5,5,4,5,7,4,5,6,5,4,5,6,5,4,4,5,5,5,5,5,5,5,4,5,5,5,5,5,4,4,6,5,5,6,5,7,5,5,5,4,4,4,6,4,4,5,5,6,4,4,4,5,4,5,5,4,7,4,5,5,5,4,7,5,4,5,5,7,4,7,5,5,5,4,5,4,5,5,5,5,5,5,4,4,6,5,5,5,5,5,4,5,5,6,6,7,4,5,5,5,5,4,5,5,5,5,5,4,4,5,5,5,5,5,5,5,5,5,6,5,6,6,5,5,5,5,5,5,5,6,4,4,4,5,4,7,6,5,5,7,4,4,5,6,5,6,6,5,4,5,5,5,4,5,5,4,7,5,4,5,5,5,4,4,5,4,5,4,5,4,4,4,5,5,5,5,6,5,4,4,5,4,5,4,5,5,4,5,4,4,6,6,4,5,5,4,5,5,5,5,5,7,4,5,5,4,5,5,5,5,4,5,4,5,5,6,5,5,5,5,6,5,4,5,5,5,6,5,5,4,5,5,4,6,5,5,5,4,6,4,4,5,5,4,4,5,5,4,5,5,6,5,5,5,4,5,4,5,6,5,4,5,7,4,5,4,5,5,6,5,4,7,4,4,5,5,5,4,5,4,5,6,5,5,5,6,5,4,5,5,4,4,5,4,5,5,5]"
shape_c23a5a2ae2015725d3a2,"[7,6,7,7,7,6,6,6,6,6,6,7,6,6,6,6,6,6,6,6,6,6,6,6,7,7,6,6,6,7,6,6,6,6,6,6,6,6,6,6,6,7,6,7,7,6,6,7,7,6,6,6,6,6,7,6,7,7,5,6,6,6,6,6,6,7,6,7,7,6,6,7,7,6,6,6,7,7,6,6,6,6,6,6,7,6,6,6,6,7,6,6,6,6,6,7,6,6,6,7,6,7,7,6,6,7,6,6,7,6,6,6,6,6,7,7,6,7,6,6,7,6,6,6,6,7,7,6,7,6,6,7,6,6,7,7,6,6,7,6,6,6,6,6,6,6,6,6,7,6,7,6,6,7,6,6,6,7,4,6,6,6,7,6,7,6,6,6,6,6,6,6,6,7,6,7,6,6,7,6,6,6,6,5,6,7,6,7,6,6,6,6,6,6,6,6,6,7,7,6,6,6,7,6,7,7,6,6,6,6,5,6,6,6,6,6,6,7,6,6,6,7,7,7,6,6,6,6,6,6,7,7,6,6,6,7,7,6,7,6,7,7,6,6,6,6,6,6,7,7,7,7,7,5,6,6,6,6,6,6,6,5,6,6,7,7,6,6,6,6,6,7,6,6,6,6,7,7,6,6,6,6,6,6,6,6,7,6,6,6,6,7,6,6,6,6,6,6,6,6,6,5,6,6,6,6,6,6,6,7,6,6,6,7,6,7,6,6,6,7,6,7,7,6,7,6,6,6,6,6,7,6,7,7,7,7,6,6,6,6,6,6,6,6,6,6,6,6,6,7,6,7,7,6,6,6,6,6,7,6,6,6,6,6,6,6,7,6,6,7,7,6,6,6,6,7,6,7,6,6,7,6,6,6,7,6,6,6,6,6,6,7,6,6,6,7,6,6,6,6,7,7,7,6,6,6,6,7,6,7,7,6,7,6,6,6,6,6,6,6,7,6,6,7,6,7,7,6,6,6,7,7,7,7,6,6,6,6,6,6,6,6,7,6,6,6,6,6,6,6,6,6,6,6,7,6,6,6,6,6,6,5,6,7,6,6,6,6,6,7,7,6,6,6,6,6,7,6,6,6,7,6,7,6,6,7,7,5,6,7,6,6,7,6,6,7,6,6,7,6,6,7,6,6,6,6,6,7,6,7,6,6,7,7,6,7,7,6,7,6,6,7,6,7,6,6,6,6,6,6,6,6,6,6,6,6,6,7,6,6,6,6,6,6,4,6,6,7,6,6,7,7,6,6,6,7,6,6,6,6,6,6,6,6,7,6,6,6,7,7,6,6,6,6,6,6,6,6,7,7,6,6,7,6,6,6,6,6,7,6,6,6,7,6,6,6,6,7,6,6,7,7,7,6,6,6,7,7,6,6,7,6,6,6,6,6,6,6,6,6,6,6,7,6,6,6,6,7,6,6,6,6,6,6,7,6,6,7,6,6,6,7,6,6,7,6,6,6,6,7,6,6,6,6,6,7,7,6,6,6,6,6,7,6,6,7,6,6,6,7,6,6,6,6,6,6,6,6,6,6,6,6,6,6,6,6,7,6,7,6,7,7,7,7,6,6,6,6,6,6,6,6,6,7,7,6,6,6,6,6,6,6,6,6,7,6,6,6,6,6,6,7,6,6,6,6,6,6,6,7,7,6,6,7,6,6,7,6,6,6,6,6,6,6,6,6,6,6,7,7,6,6,6,6,6,7,6,6,7,6,7,6,6,6,6,6,6,7,6,6,7,6,6,6,7,7,6,6,6,6,6,6,6,6,7,6,7,6,6,6,6,6,7,6,6,7,7,7,6,6,6,7,6,6,6,6,6,6,6,6,6,6,7,6,6,6,6,6,6,6,6,6,7,6,7,6,6,6,6,6,5,6,6,6,7,6,6,7,6,6,7,6,7,6,6,6,5,6,6,6,6,6,6,6,6,7,6,6,6,6,6,6,7,6,7,7,6,6,6,6,6,7,6,6,6,7,6,7,6,6,6,6,6,6,6,7,6,6,6,7,6,6,6,6,6,6,6,6,7,6,7,6,6,6,6,6,6,7,6,7,7,6,6,6,7,6,6,7,6,6,6,6,6,6,6,7,6,7,6,6,6,7,6,6,6,6,6,6,7,6,6,6,7,6,7,6,7,6,7,6,6,6,6,6,7,6,7,6,5,6,6,6,7,6,7,6,7,6,6,6,6,7,6,6,6,6,6,7,6,6,7,6,6,6,6,7,6,7,6,6,6,7,6,6,6,6,7,6,6,6,6,6,7,6,6,7,6,6,7,7,6,6,6,6,7,6,6,6,6,7,6,6,6,6]"
shape_e652489cbe7a983d4328,"[7,6,6,6,6,6,6,6,6,7,6,6,7,7,7,6,6,6,6,6,6,6,6,6,6,7,6,7,6,6,7,7,6,6,6,6,6,7,6,7,6,6,6,6,7,7,6,6,6,6,7,6,7,6,6,6,7,6,7,6,6,6,6,6,6,6,6,6,6,7,6,7,6,6,6,6,6,7,7,6,6,6,7,6,6,6,7,6,6,7,7,7,6,6,6,6,7,6,7,7,6,6,6,6,6,7,6,7,6,7,6,6,6,6,7,6,6,6,7,6,6,6,6,7,6,7,6,6,7,7,6,6,6,6,6,6,7,6,7,6,6,6,7,6,7,7,6,7,6,6,6,6,6,6,7,7,6,7,7,6,7,7,6,6,6,6,6,6,7,7,6,6,7,6,6,7,6,6,6,6,6,6,6,6,6,6,7,6,6,7,6,6,7,6,7,6,6,6,6,6,7,6,6,7,6,6,6,6,7,7,6,7,6,7,6,6,6,6,6,6,7,6,7,6,6,6,6,6,6,7,6,7,6,6,6,7,6,6,6,6,6,6,6,6,6,6,6,6,6,6,7,6,7,6,7,6,7,6,6,6,7,6,7,6,7,6,7,6,7,6,6,6,6,6,6,6,7,7,6,6,6,7,6,6,7,6,6,6,6,6,6,7,6,7,6,6,7,7,6,7,6,6,6,6,6,6,6,6,7,6,7,6,7,6,6,6,7,6,6,6,6,7,6,6,7,6,6,6,7,6,7,6,6,6,6,7,6,7,6,6,6,6,6,7,6,6,7,6,6,6,6,7,7,6,7,6,7,6,6,6,7,6,6,6,7,6,6,6,6,6,6,6,6,6,7,6,6,6,6,7,6,7,6,7,7,6,6,6,6,6,6,6,6,6,6,6,6,6,7,6,6,7,6,6,6,6,6,6,6,6,7,6,6,6,6,6,6,6,6,6,6,6,6,6,6,6,6,6,6,6,6,7,6,6,6,7,6,6,6,7,6,6,6,6,6,6,7,7,7,6,7,7,6,6,6,6,7,6,6,6,7,6,6,6,6,7,6,6,7,6,6,6,6,6,7,6,6,7,7,6,7,7,6,7,7,6,6,6,6,6,6,7,6,6,6,6,6,7,6,6,6,6,6,6,6,6,6,6,7,6,6,6,6,7,7,6,6,6,6,6,6,7,7,6,6,6,7,6,6,7,6,6,7,6,6,6,7,6,6,6,6,7,6,6,6,6,7,6,6,7,7,6,6,6,6,6,6,6,6,6,6,6,6,7,6,6,6,6,6,7,6,7,7,7,6,6,6,7,7,6,6,7,6,6,7,7,7,6,6,7,6,6,6,6,6,7,7,6,6,6,6,6,6,6,6,6,6,6,6,6,7,6,6,6,6,6,6,7,6,6,6,6,6,7,6,6,6,6,6,7,6,7,6,6,7,6,6,6,7,7,6,7,6,6,7,7,7,6,6,6,6,6,6,6,6,6,6,6,6,7,6,6,7,6,6,6,6,6,7,6,7,7,6,6,6,7,7,7,7,7,6,7,6,6,7,6,6,6,6,6,6,7,7,6,6,6,6,6,7,7,6,7,6,7,6,6,7,6,6,6,6,6,6,6,6,6,6,6,6,7,6,6,6,6,6,7,6,6,6,7,6,7,6,6,6,6,6,6,6,6,6,6,6,6,6,6,7,6,6,7,7,6,7,6,6,7,6,7,7,6,7,6,6,6,6,6,7,7,7,6,7,6,6,6,6,6,6,6,6,6,7,6,6,6,7,7,6,7,6,6,6,7,7,7,6,7,6,6,7,6,6,6,6,6,6,7,6,6,6,6,6,6,6,6,6,6,6,6,7,6,6,6,6,6,7,6,6,7,6,6,6,6,6,6,6,6,6,6,6,6,7,6,6,6,6,6,6,6,6,6,7,6,7,6,6,6,6,6,7,6,6,6,7,6,7,6,6,6,6,6,6,6,6,7,6,6,6,6,7,7,6,7,7,7,6,7,6,6,6,6,6,6,6,7,6,6,6,7,6,6,6,6,6,6,6,6,6,6,6,6,6,7,7,6,6,6,6,7,7,6,6,7,7,6,6,7,6,6,7,7,6,6,6,6,6,6,6,6,7,6,6,6,7,6,6,6,6,6,6,7,6,6,7,6,7,6,7,6,6,6,6,6,6,6,6,6,6,6,6,6,6,6,6,6,7,6,6,6,6,6,7,6,6,6,6,6,6,6,6,6,7,6,6,6,6,6,7,6,6,6,6,6,6,6,6,6,7,6,6,6,7,6,6,7,6,6,6,6,7,6,7,7,6,6]"
shape_2529f351ecc60228abb6,"[4,6,7,4,6,7,7,6,4,7,6,7,7,7,7,6,6,4,7,6,6,7,6,6,6,7,7,6,6,4,5,7,6,6,4,6,7,4,7,6,6,7,7,6,5,6,7,7,6,6,7,7,6,6,4,6,6,7,6,6,7,7,7,7,6,7,6,7,7,6,7,6,7,6,7,6,6,4,4,6,6,4,7,6,7,6,7,7,5,4,6,6,6,7,7,6,6,7,4,6,6,5,6,6,4,6,6,7,6,6,6,6,6,4,7,6,6,6,4,7,7,6,6,6,7,6,7,6,7,6,4,6,7,6,4,6,6,7,4,6,7,7,7,4,6,6,4,6,4,6,6,6,7,6,6,7,4,7,7,7,6,6,6,6,7,7,6,6,4,6,7,6,6,6,4,6,6,6,7,7,6,7,4,6,6,6,4,6,7,4,7,4,4,7,6,4,6,6,6,4,4,6,7,7,4,4,6,7,7,7,6,5,6,6,4,6,7,7,6,4,6,6,7,6,6,6,6,6,7,7,6,7,4,4,4,6,6,6,6,6,7,6,6,6,6,4,7,7,7,7,4,6,6,6,6,6,7,6,4,6,6,6,7,6,7,7,6,6,6,6,6,6,4,6,6,7,7,7,7,6,4,6,6,7,6,6,6,6,6,6,6,6,7,6,4,6,6,7,6,7,6,6,7,6,6,6,4,7,6,7,4,6,6,6,6,6,4,7,7,7,6,6,4,6,7,6,7,6,4,6,6,6,6,6,6,7,7,7,7,6,7,7,6,6,7,4,4,6,7,6,6,7,7,6,6,6,6,7,6,7,7,6,7,6,7,7,6,7,7,7,6,7,4,6,6,6,7,7,6,4,6,6,6,6,6,6,6,7,6,6,6,7,6,7,7,5,7,7,6,7,4,4,7,7,6,7,6,7,4,7,6,7,6,7,6,6,6,4,6,6,4,6,6,7,7,6,6,6,7,6,4,6,7,7,6,6,7,4,7,6,6,6,7,7,7,6,4,6,6,4,6,6,6,7,6,6,7,7,6,4,7,6,4,6,6,7,6,7,6,7,4,6,7,4,6,7,6,6,6,6,7,6,6,6,6,6,7,6,6,6,4,4,7,6,6,7,4,7,6,6,6,6,6,6,6,6,4,7,6,6,7,7,7,6,4,6,6,7,5,6,4,7,7,7,7,6,7,6,6,4,6,4,6,6,6,7,6,4,4,7,6,6,7,4,6,4,6,6,7,6,7,6,7,7,6,7,6,4,6,4,6,6,6,4,6,4,6,6,6,6,6,5,4,6,4,7,7,6,4,6,4,6,7,4,6,7,7,6,7,4,6,6,7,6,4,6,6,7,6,7,7,7,6,4,6,7,6,7,6,6,6,6,6,6,4,6,6,7,6,7,6,6,7,7,6,7,7,6,6,6,6,6,6,7,6,4,6,6,6,6,6,4,7,4,7,7,6,6,7,6,7,6,6,7,7,6,7,6,6,6,6,6,6,6,6,6,6,6,6,4,6,7,6,7,7,7,6,4,6,6,7,6,6,7,6,6,6,6,4,4,6,6,6,6,6,4,4,6,4,4,6,6,6,6,6,6,7,6,6,7,6,6,6,7,7,4,6,7,6,7,6,6,6,6,7,6,5,7,5,4,6,6,6,6,6,4,4,7,6,6,7,4,6,6,4,6,6,7,6,4,6,7,6,4,7,4,6,7,7,7,6,6,7,4,6,7,7,6,6,7,6,6,7,7,6,6,5,5,6,6,6,7,6,7,6,6,6,4,5,6,6,7,6,7,6,4,7,6,6,6,4,6,4,7,6,6,6,6,4,6,6,6,6,6,7,7,7,7,6,4,7,4,6,6,6,7,4,6,4,7,7,4,6,7,6,7,7,7,6,6,7,7,6,6,6,4,6,7,6,5,7,6,7,7,6,6,7,7,6,7,7,7,6,6,4,6,6,6,4,7,7,7,6,7,6,6,4,6,7,4,6,7,6,6,6,6,6,7,6,6,6,6,6,6,6,7,6,6,7,6,6,7,6,7,7,4,4,6,6,7,6,6,4,6,6,7,6,4,4,4,6,6,6,6,7,6,6,7,6,6,7,6,7,7,7,6,7,7,7,6,7,6,6,7,6,4,6,7,7,6,7,6,6,6,5,6,7,6,6,4,6,4,6,7,4,6,7,6,6,7,6,7,4,7,7,6,7,7,6,6,4,7,7,7,6,6,6,4,7,6,6,6,7,6,6,6,7,6,4,7,6,6,7,4,4,4,6,6,7,4,7,4,6,6,6,7,6,6,6,6,6,7,6,7]"
shape_6e97414d845aacb04dee,"[6,5,6,6,5,5,3,3,6,6,2,7,6,6,5,5,6,6,3,6,5,6,5,6,5,2,6,5,6,6,6,3,6,3,6,2,6,6,5,7,4,5,7,6,4,6,3,5,7,6,6,2,6,6,6,6,6,6,6,5,6,6,6,5,4,6,7,6,3,5,6,6,4,3,6,5,5,2,3,4,3,6,6,6,6,2,2,5,3,6,7,2,5,6,5,3,4,6,6,3,7,6,6,5,6,6,6,3,3,6,4,6,7,2,5,3,6,7,6,6,2,5,6,2,6,4,6,6,6,5,6,6,6,5,7,2,2,5,6,6,3,3,5,6,6,6,4,3,4,6,3,6,6,5,2,6,5,5,5,4,4,6,2,6,6,7,5,5,3,5,3,6,6,4,4,6,6,2,5,3,3,3,6,5,6,6,6,6,7,6,4,2,5,5,6,6,2,4,6,3,6,6,5,7,6,4,6,3,5,6,6,6,5,5,4,6,6,3,6,5,3,6,6,7,3,6,6,4,6,5,7,5,6,2,7,4,6,5,2,6,6,7,6,6,4,3,6,6,6,7,6,5,6,3,4,6,6,6,6,6,7,6,6,5,2,3,6,3,6,3,6,4,4,6,6,4,3,7,6,6,7,2,5,6,2,6,2,6,7,5,5,6,6,6,3,6,3,6,6,3,6,6,5,6,7,6,6,6,6,2,5,3,6,2,6,7,6,6,7,6,6,5,6,6,5,5,6,5,5,3,6,3,3,6,3,3,4,5,7,4,6,6,3,5,6,5,5,6,6,3,4,3,6,6,5,3,6,6,6,6,6,5,6,7,4,4,6,6,5,4,6,6,4,6,2,6,2,6,4,7,2,6,6,4,4,4,2,6,3,5,6,6,7,4,6,5,6,3,4,6,5,3,4,2,6,5,3,6,2,3,6,5,5,7,5,5,6,6,2,7,6,6,3,2,6,2,6,7,7,2,6,4,5,7,3,6,3,6,4,6,5,6,5,6,6,6,6,6,5,3,5,6,3,6,5,3,6,6,7,6,7,6,7,2,6,7,6,6,6,5,4,6,3,6,6,6,5,3,6,6,5,6,4,4,6,3,2,7,2,2,6,2,6,6,6,6,2,5,6,5,7,6,4,6,6,3,6,6,6,3,3,7,5,4,4,6,5,3,4,4,5,6,2,6,6,5,6,6,6,6,6,2,3,6,6,6,2,6,5,5,6,6,6,5,6,5,4,5,6,5,6,4,3,6,6,6,6,5,6,6,5,5,5,4,5,2,5,5,5,6,3,6,5,6,5,6,4,5,2,2,6,6,7,5,5,6,6,6,6,6,6,6,6,6,6,6,2,3,3,3,5,3,7,6,6,6,4,2,6,7,2,6,4,4,5,5,6,5,5,5,2,4,6,2,6,7,5,3,6,3,2,3,3,4,6,6,3,6,5,6,5,5,6,6,2,5,6,6,6,7,2,6,4,6,2,4,6,6,4,4,5,6,5,4,5,6,6,5,3,3,5,2,2,3,6,5,6,6,5,6,6,6,7,7,2,6,3,6,3,6,6,6,6,6,6,3,6,6,4,7,4,4,3,5,5,3,6,6,5,5,2,6,7,6,5,5,6,6,6,7,3,4,6,3,4,6,6,6,6,4,6,7,7,5,6,5,5,6,4,6,2,6,5,6,3,5,4,6,6,2,6,2,4,2,5,4,5,6,7,6,3,6,5,4,6,3,5,3,6,6,5,3,3,5,6,6,6,3,3,4,6,7,6,2,6,6,6,5,5,6,2,5,6,6,6,5,4,4,6,5,2,5,2,5,3,5,6,5,2,2,3,3,4,6,6,4,5,5,7,6,6,6,6,6,5,2,6,6,6,5,7,5,3,2,3,5,4,6,6,6,6,6,5,6,6,5,5,6,5,3,2,5,6,4,6,6,4,5,5,6,6,6,6,2,6,3,6,4,3,4,7,6,2,2,3,6,5,6,6,6,4,4,6,6,3,6,3,6,6,6,3,6,6,5,4,5,6,6,5,6,2,6,5,3,2,3,6,4,3,6,7,3,2,7,5,5,6,6,6,6,6,5,4,4,6,6,2,2,5,3,7,5,6,6,6,7,5,6,2,6,5,6,5,2,6,6,6,6,2,4,6,6,6,5,7,5,6,2,2,2,6,5,6,6,3,5,6,7,6,7,6,6,4,5,7,5,5,6,6,6,6,6,2,6,6,6,3,2,6,6,7,6,5,5,6,2,6,4,5,6,5,2,6,6,4,4,5,5,6,5,6,2,2,4,5,2,6,6,6,4,6,6,6,6]"
shape_1f4ee86342fca3fa572e,"[6,5,6,5,6,6,6,6,5,6,6,6,5,4,6,5,5,6,5,6,6,5,5,4,4,6,4,5,5,6,4,6,5,5,5,5,6,6,6,6,5,6,6,4,6,6,6,7,6,6,4,6,6,6,6,4,5,5,6,5,6,5,6,6,6,6,6,5,5,5,5,6,5,6,5,4,6,6,6,7,6,5,6,6,6,6,4,5,6,4,5,6,6,6,5,6,6,6,5,6,6,5,6,6,4,6,2,4,6,5,6,6,6,4,6,6,5,6,5,6,6,5,4,6,6,6,6,6,6,4,6,6,5,5,6,6,6,6,6,6,5,6,6,6,6,6,5,6,5,5,6,6,6,6,6,6,6,6,7,6,5,4,6,6,6,5,6,5,5,5,5,6,6,6,6,6,6,4,6,6,6,6,6,4,6,5,5,6,6,6,6,5,5,5,6,6,5,4,6,4,6,6,6,4,6,6,5,6,6,5,6,5,5,4,4,4,6,6,6,5,6,6,4,5,5,6,6,6,5,6,5,6,6,6,5,6,6,6,6,5,6,6,5,5,6,5,5,6,7,6,5,6,6,5,4,6,6,6,6,6,5,5,5,4,6,6,6,5,6,5,6,6,5,6,6,6,6,6,6,5,6,4,6,5,6,6,6,4,6,4,4,4,4,5,5,6,4,6,5,6,5,6,6,5,5,6,6,4,5,4,5,5,6,6,6,6,5,6,6,6,6,5,5,5,6,6,2,6,5,7,5,5,5,5,6,5,6,6,5,5,6,4,5,5,4,7,6,4,6,6,5,6,6,4,6,4,6,5,5,5,6,5,6,6,6,6,7,4,6,6,4,6,6,6,6,6,5,4,5,6,4,6,5,6,4,6,4,6,5,5,6,6,6,5,6,6,5,5,6,6,6,6,4,6,6,6,6,4,6,5,5,6,4,6,6,6,5,6,4,4,6,4,4,4,6,6,5,4,6,6,6,6,5,6,6,5,6,6,4,5,6,4,4,5,2,6,6,4,6,6,6,6,5,6,5,6,6,7,6,6,5,6,4,5,5,6,6,4,4,6,6,6,4,6,6,6,6,6,6,6,6,6,6,6,5,6,6,5,6,4,5,6,6,5,5,5,6,5,4,6,6,6,5,5,6,5,6,5,6,6,5,5,6,6,5,5,6,6,6,5,2,6,4,4,5,6,7,5,4,5,5,6,4,5,6,5,6,5,6,6,5,6,5,6,5,6,5,5,4,5,6,6,6,5,5,6,6,7,6,5,5,5,5,6,5,6,6,5,4,6,6,6,6,6,6,6,6,6,6,5,5,6,6,6,6,5,5,4,6,6,6,5,6,6,5,6,5,5,6,4,6,4,5,4,6,6,4,6,6,5,5,4,4,4,5,5,6,6,4,5,5,7,6,5,5,4,6,6,6,5,5,5,4,6,5,6,6,5,5,5,6,6,5,5,6,5,2,6,6,5,6,6,5,4,6,6,6,5,6,6,6,6,5,6,6,6,4,6,6,6,5,5,6,5,6,4,6,6,5,6,4,5,6,6,6,6,6,4,5,6,5,6,6,6,6,5,6,5,6,6,6,6,6,5,5,6,5,4,6,6,6,6,6,6,5,6,6,5,6,5,6,5,6,6,6,6,6,5,6,6,6,6,6,6,5,6,6,6,6,4,6,4,5,6,5,5,5,5,6,6,4,6,6,4,6,6,6,6,6,6,6,6,4,5,6,4,5,5,6,7,6,5,6,6,6,4,6,5,6,5,6,6,6,5,6,6,6,6,6,5,2,6,7,6,5,5,6,4,5,6,5,6,6,6,6,4,5,5,6,5,5,6,5,6,6,5,5,5,6,5,6,6,6,6,6,6,6,6,5,4,5,6,5,4,5,5,6,5,6,6,5,4,6,6,6,6,6,5,4,6,6,6,5,6,6,5,6,6,4,5,6,5,4,6,4,6,5,6,5,6,5,6,5,6,4,5,6,6,5,6,5,6,6,6,5,6,6,5,5,4,6,6,5,6,6,6,5,6,5,6,6,5,4,5,6,6,4,6,6,4,6,6,5,5,5,6,6,4,5,6,6,5,5,6,6,5,6,4,6,6,5,6,6,6,6,6,5,5,5,5,6,5,5,6,6,6,5,5,6,5,6,6,4,5,6,5,6,6,6,7,6,6,6,6,5,6,5,5,6,6,6,6,6,6,5,6,6,6,6,5,6,6,6,6,5,6,4,5,6,6,6,5,6,4,6,6,4,6,6,6,6,6,5,4,4,6,6,5,6,6,5,5,6,5,5,4,6,6,4,6,6,6,6,4]"
shape_049ea626df7eb763298a,"[5,5,1,5,5,5,5,5,5,5,5,5,5,5,5,5,5,5,5,5,5,5,5,5,5,5,5,5,5,5,5,1,5,5,5,5,5,5,5,5,5,1,5,5,5,5,5,5,5,5,5,5,5,5,1,5,5,5,5,5,5,5,5,5,5,5,5,5,5,5,5,5,5,5,5,5,5,5,5,5,5,5,5,5,5,5,5,5,5,5,5,5,5,1,5,1,5,5,5,5,5,1,5,5,5,5,5,5,5,5,5,5,5,5,5,5,5,5,5,5,1,5,5,5,5,5,5,5,5,5,1,5,5,5,5,5,5,5,5,5,5,5,5,5,5,5,5,5,5,5,5,5,5,5,5,5,5,5,5,5,5,5,5,5,5,5,5,5,5,5,5,5,5,5,5,5,5,5,1,5,5,5,5,1,5,5,5,5,5,5,5,5,1,5,5,5,5,5,5,1,5,5,5,5,5,5,5,5,1,5,5,5,5,5,5,5,5,5,5,5,5,5,1,5,5,5,5,5,5,5,5,5,5,5,5,5,5,5,5,5,5,5,5,5,5,5,5,5,5,5,5,5,5,5,5,5,5,5,5,5,5,5,5,5,1,5,5,5,5,5,5,1,5,5,5,5,5,5,5,5,5,5,5,5,5,5,5,5,5,5,1,5,5,5,5,5,5,5,5,5,5,5,5,1,5,5,5,5,5,5,5,5,1,5,5,5,5,5,5,5,5,5,5,5,5,5,5,5,5,5,5,5,5,1,1,5,5,5,5,5,5,5,5,5,5,5,5,5,5,5,5,5,5,5,5,1,5,5,5,5,5,5,5,5,5,5,5,5,5,5,5,5,5,5,5,5,5,5,5,5,5,5,5,5,5,5,5,5,5,1,5,5,5,5,5,5,5,5,5,5,5,5,5,5,5,5,5,5,5,5,5,5,5,5,5,5,5,5,5,5,5,5,5,5,5,5,5,5,5,5,5,5,5,5,5,5,5,5,5,5,5,5,5,5,5,5,5,5,5,5,5,5,5,5,5,5,5,5,5,5,5,5,5,5,5,5,5,5,5,5,5,5,5,5,5,5,5,5,5,5,5,5,5,5,5,5,5,5,5,5,5,5,5,5,5,5,5,5,5,5,1,5,5,5,5,5,5,5,5,5,5,5,5,5,5,5,5,5,5,5,5,5,5,5,5,5,5,5,5,5,5,5,5,5,5,5,5,5,5,5,5,5,5,5,5,5,5,5,5,5,5,5,5,1,5,5,5,5,5,5,5,5,5,5,5,5,5,5,5,5,5,5,5,5,5,5,5,5,5,5,5,5,5,5,5,5,5,5,5,5,5,5,5,5,5,5,1,5,5,5,5,5,5,5,5,5,5,5,5,5,5,5,5,5,5,5,5,5,5,1,5,5,5,5,5,5,5,5,5,5,5,5,5,5,5,5,5,5,5,5,5,5,5,5,5,5,5,5,5,5,5,5,5,5,5,5,5,5,5,5,5,5,5,5,5,5,5,5,5,5,5,5,5,5,5,5,5,5,5,5,5,5,5,5,5,5,5,5,5,1,5,5,5,5,5,5,5,5,5,5,5,5,5,5,5,5,5,5,5,5,5,5,5,5,5,5,5,5,5,5,5,5,5,5,5,5,5,5,5,5,5,5,5,5,5,5,5,5,1,5,5,5,5,5,5,5,5,5,5,5,5,5,5,5,5,1,5,5,1,5,1,1,5,5,5,5,5,5,5,5,5,5,5,5,5,5,1,5,5,5,5,5,5,5,5,1,5,5,5,5,5,5,5,5,1,5,5,5,5,5,5,5,5,5,5,5,5,5,5,5,5,5,5,5,5,5,5,5,5,5,5,5,5,5,5,5,5,5,5,5,5,5,5,5,5,5,5,5,5,5,5,5,5,1,5,5,5,5,5,5,5,5,5,5,5,5,5,5,5,5,5,5,1,5,5,5,5,1,5,5,5,5,5,5,5,5,5,5,5,5,5,5,5,5,5,5,5,5,5,5,5,5,5,5,5,5,5,5,5,5,5,5,5,5,5,1,5,5,5,5,5,5,5,5,5,5,5,5,5,5,5,5,5,5,5,5,5,5,5,5,5,5,5,5,5,5,5,5,5,5,5,5,5,5,5,5,5,5,5,5,5,5,5,5,5,5,5,5,5,5,5,5,5,5,5,1,5,1,5,5,5,5,5,5,5,5,5,5,5,5,5,1,5,5,5,5,5,5,5,5,5,5,5,5,5,5,5,5,5,5,5,5,5,5,5,5,5,5,5,5,5,5,1,5,1,5,5,5,5,5,5,5,5,5]"
shape_19bd737a645e8fd11614,"[6,5,6,1,6,5,5,6,6,6,5,7,5,6,6,6,6,6,5,6,5,6,7,7,6,5,6,5,6,6,6,6,6,6,7,6,7,5,5,6,5,5,6,7,7,6,6,6,6,7,6,6,7,5,5,6,6,6,6,6,6,6,6,5,1,6,6,7,7,1,5,6,5,7,5,5,6,6,6,6,5,6,5,6,7,5,6,7,6,6,6,6,5,6,6,5,6,6,6,6,6,6,5,6,5,6,5,6,5,7,6,5,1,6,6,5,5,1,6,6,6,6,6,6,5,5,6,6,6,5,7,6,7,6,5,6,6,5,6,6,7,6,6,5,5,5,6,5,6,5,5,6,6,6,5,5,6,5,6,6,7,5,7,1,6,6,6,5,6,5,6,5,6,6,6,6,6,5,6,7,5,6,6,6,5,6,6,5,6,1,6,6,6,6,6,6,7,5,5,7,5,1,4,6,6,5,4,6,7,5,6,6,6,6,7,6,6,6,6,6,5,1,6,6,6,5,6,6,5,6,5,5,6,6,5,6,5,6,5,6,1,5,6,6,6,6,6,6,5,6,7,5,6,6,6,5,6,6,5,1,7,6,5,5,6,6,7,6,6,6,5,5,7,6,6,6,5,1,1,6,6,6,6,7,6,5,6,6,6,6,6,5,6,6,6,7,6,6,6,6,5,6,5,5,6,6,5,1,6,5,5,7,6,6,6,1,5,4,6,6,5,6,5,6,5,6,5,5,1,5,7,5,5,1,6,6,6,6,7,6,7,4,6,6,6,5,6,6,5,6,6,6,6,5,5,6,6,6,5,6,6,7,6,6,7,7,6,6,5,6,6,6,5,6,7,6,6,1,6,6,7,1,6,1,6,6,6,6,6,7,6,6,6,6,6,6,6,6,6,6,6,5,5,5,6,7,5,6,6,5,5,5,6,5,6,6,1,6,6,5,5,6,5,6,5,7,6,5,5,6,5,6,6,1,6,6,7,5,5,5,6,6,6,6,7,1,6,6,1,6,1,6,6,6,6,6,6,6,6,6,5,7,7,7,5,5,6,5,6,5,6,6,6,6,6,6,6,6,6,7,6,6,6,5,7,6,6,5,5,6,6,5,6,7,6,6,6,1,6,6,1,5,6,6,6,6,6,5,6,1,5,5,7,5,5,6,7,6,5,6,5,6,1,5,6,6,6,6,6,7,5,6,6,5,6,6,5,6,7,5,7,6,7,6,6,5,5,1,7,5,6,6,5,6,6,6,6,6,6,7,6,7,6,6,6,6,6,1,6,5,6,7,6,5,5,6,6,7,6,6,6,5,6,5,6,6,6,6,6,7,6,6,6,5,6,6,1,6,5,5,6,6,6,6,7,5,5,5,7,6,6,6,6,6,5,5,7,5,6,5,6,7,6,5,6,6,6,6,5,6,6,6,6,6,5,6,6,6,5,6,5,5,6,6,6,1,6,6,5,7,6,6,5,6,5,6,1,7,6,1,6,6,6,5,5,5,5,6,5,5,6,6,1,6,5,5,6,6,5,5,7,6,6,6,5,5,6,6,6,6,6,6,6,6,6,1,1,6,1,5,6,6,5,1,1,6,5,6,6,7,6,6,5,6,6,6,6,5,5,6,5,5,6,5,6,5,6,5,5,6,6,5,5,6,6,6,7,5,6,6,6,6,6,6,6,5,5,5,7,6,6,6,7,1,6,1,5,5,6,6,5,6,5,6,6,5,5,6,6,6,5,7,6,6,6,6,1,5,6,6,6,5,5,5,5,6,5,7,6,7,5,6,6,5,5,1,7,6,5,1,5,6,6,6,4,7,5,1,7,6,5,5,6,6,1,6,5,6,6,6,6,7,6,1,6,6,6,5,5,6,6,6,6,5,6,7,6,1,5,5,6,6,7,1,1,6,5,5,5,6,6,6,7,5,6,6,6,6,7,6,6,6,5,6,6,5,6,6,6,5,5,6,5,7,7,6,6,6,5,6,7,1,6,6,6,7,5,6,6,6,6,7,5,6,1,6,7,5,6,5,6,7,6,6,6,6,6,5,6,6,7,6,6,6,7,7,6,5,6,6,5,6,6,6,5,5,5,5,7,6,1,5,6,6,5,6,5,6,6,6,6,6,5,1,6,5,6,5,6,7,6,5,1,6,5,5,7,6,7,5,6,5,5,6,6,6,6,6,6,5,5,5,6,7,6,6,1,6,6,5,6,7,6,6,6,5,5,6,7,5,6,6,5,6,5,5,5,6,5,7,7,6,6,5,6,7,5,6,6,6,6,6,5,6,6,7,6,6,6,5,6,6,6,6]"
shape_f9080909133d15a475ce,"[7,5,6,5,3,3,4,4,7,7,4,3,7,3,5,3,4,3,3,7,6,7,4,5,4,7,7,5,7,7,6,3,3,6,5,7,4,6,7,3,4,6,3,7,6,7,3,3,3,5,7,3,7,7,7,7,7,3,3,6,3,5,3,7,4,4,6,4,0,5,4,7,7,3,5,7,3,3,4,7,4,7,3,7,3,3,5,3,4,6,7,3,0,7,7,5,7,6,6,4,6,4,7,4,6,7,4,7,7,7,4,6,5,3,6,3,3,3,3,4,3,3,7,3,5,7,5,0,4,7,6,7,3,4,5,4,7,7,3,7,7,7,3,6,4,5,7,5,7,3,5,3,4,4,3,3,3,6,3,6,7,7,6,7,3,4,7,6,4,7,7,7,7,7,3,3,6,3,3,5,5,7,4,5,0,4,5,7,7,7,7,7,4,7,4,3,7,7,4,3,7,4,7,4,4,7,3,6,3,5,3,4,3,4,3,3,4,5,3,6,4,6,4,7,7,7,3,4,7,7,3,7,4,7,6,3,4,6,7,7,6,7,3,4,3,6,6,5,3,7,6,7,3,5,4,7,4,5,7,7,7,4,4,6,3,5,7,4,6,3,4,3,4,3,3,7,3,7,3,4,4,5,6,5,0,7,7,7,5,3,5,7,5,3,7,3,7,3,7,3,3,5,7,5,5,3,7,6,6,7,5,7,5,7,7,3,7,3,3,7,3,7,6,3,3,3,4,7,6,5,3,7,4,7,7,7,3,7,5,4,5,3,6,7,5,5,3,3,3,3,7,7,7,4,7,4,3,4,3,5,6,3,6,3,5,5,3,7,4,7,6,4,3,7,4,7,4,4,4,7,3,3,3,3,7,5,4,6,7,4,3,7,3,3,6,7,4,4,7,4,0,7,7,3,5,4,3,7,4,5,3,7,6,3,7,3,7,7,4,3,3,4,7,6,3,0,5,5,5,3,4,4,7,3,6,7,0,3,3,5,7,3,6,7,3,4,5,6,4,7,3,3,3,7,7,4,7,4,7,3,3,7,7,3,4,6,3,0,5,7,3,0,3,4,3,5,6,4,3,6,7,6,4,3,4,5,4,3,4,3,4,5,6,3,7,5,5,6,4,7,4,6,3,5,7,4,5,3,4,0,0,4,7,3,4,7,3,3,7,5,3,7,3,4,3,3,4,6,6,7,7,3,7,7,4,0,5,4,3,5,3,6,7,4,6,3,3,4,7,4,3,6,6,3,0,4,3,4,3,3,5,0,3,4,5,5,4,3,4,3,3,3,7,5,7,4,5,3,3,7,7,5,3,6,6,3,7,7,3,7,3,4,3,7,7,3,5,7,0,3,4,7,4,5,7,4,6,5,3,7,4,7,7,6,4,5,7,3,3,3,5,5,7,4,6,6,4,3,7,5,7,4,5,0,4,3,7,4,4,6,5,4,7,6,3,7,7,3,6,5,7,5,4,3,5,5,4,4,4,3,4,3,7,3,7,3,6,3,7,4,3,0,7,6,4,7,3,5,7,3,4,4,3,6,5,3,3,7,6,7,6,3,6,0,5,3,3,3,4,4,4,0,4,5,7,0,3,3,3,3,3,4,4,5,4,7,3,7,4,3,3,4,5,4,3,6,7,5,7,7,4,3,4,7,6,3,6,7,6,7,5,6,4,6,4,3,7,3,7,7,5,6,7,3,4,4,5,7,4,7,7,7,6,6,6,7,6,7,4,6,4,3,6,3,5,3,7,7,3,3,4,0,6,3,6,4,6,4,7,3,6,3,6,7,3,5,6,3,4,4,4,3,3,4,7,7,5,4,5,6,3,3,3,6,3,3,6,7,3,3,5,5,4,3,3,7,7,7,7,5,3,4,6,3,6,4,5,6,7,4,3,4,6,3,3,4,7,3,3,3,7,7,7,4,5,3,7,7,3,4,5,3,3,5,3,3,3,4,0,3,0,4,6,4,7,4,6,7,4,7,3,3,5,5,3,7,7,7,0,6,7,6,3,3,7,5,7,4,7,3,5,6,5,6,4,4,4,0,7,7,3,4,4,3,4,4,5,5,4,3,6,3,3,4,6,7,7,4,3,7,0,4,6,4,4,5,4,3,3,3,7,3,6,5,3,7,7,6,7,3,7,7,3,4,3,7,3,0,6,6,6,7,4,3,7,4,7,3,5,3,4,4,4,7,7,7,3,3,3,4,3,0,5,7,7,4,4,7,4,4,6,3,6,3,3,0,4,7,4,6,6,4,5,7,3,3,6,4,3,4,4,7,4,6,5,0,7,7,3,7,4,3,3,4]"
shape_6e09b8d24cc7cd8e38bd,"[7,7,7,6,6,6,7,6,7,7,6,7,6,7,7,6,6,6,6,6,6,6,6,6,7,6,6,6,6,6,6,6,6,6,6,7,5,6,6,6,7,6,5,6,5,6,6,6,6,6,6,6,7,6,6,6,7,4,6,7,6,6,7,6,6,6,7,7,6,7,6,6,6,7,6,6,6,6,7,6,6,7,6,6,7,6,6,6,6,7,7,6,7,6,7,7,6,6,6,6,4,6,6,7,6,6,6,6,6,6,6,6,7,7,7,6,6,4,6,6,7,6,6,7,6,5,6,7,4,6,6,6,7,6,7,6,4,6,6,7,7,6,6,6,7,5,6,5,7,6,7,6,6,6,7,6,7,6,7,6,6,6,7,7,6,4,7,6,4,7,6,6,6,6,7,6,6,6,6,7,6,6,6,6,7,6,7,6,6,7,7,6,7,7,5,6,7,7,6,4,6,6,6,7,4,6,6,7,6,7,6,6,4,6,6,6,6,6,6,7,7,6,6,6,4,4,6,6,7,6,6,7,6,6,4,6,6,6,6,6,6,4,6,7,6,6,4,6,6,5,6,6,6,6,6,4,6,6,6,6,6,7,7,6,7,6,6,7,6,6,6,6,6,6,4,7,6,6,4,6,6,6,7,6,6,4,5,6,6,6,6,6,6,6,6,6,6,7,6,7,6,7,6,6,6,6,6,6,6,6,6,4,7,7,4,7,5,6,6,7,7,6,7,6,6,6,6,7,7,7,6,6,6,6,5,6,6,6,6,6,6,7,7,6,6,4,6,6,4,6,4,7,6,6,6,6,6,6,6,4,6,6,6,6,6,6,6,6,6,4,4,7,4,7,7,6,6,5,6,6,6,6,7,6,6,6,6,4,4,6,6,6,6,6,7,6,6,6,6,6,6,6,6,7,7,4,6,4,7,4,7,6,6,6,6,7,6,7,6,7,6,6,6,4,6,6,4,6,6,7,6,6,7,6,6,6,6,6,4,6,7,6,6,6,6,6,6,4,6,4,7,6,6,6,6,7,6,6,6,6,6,6,6,6,6,6,6,6,6,6,7,7,6,7,6,6,6,7,7,6,6,7,4,7,7,6,7,6,6,6,4,7,6,7,6,6,6,6,6,6,6,6,6,6,4,6,7,4,6,6,6,4,6,6,7,6,7,7,6,6,6,5,7,7,6,6,6,7,5,6,4,6,6,6,6,6,6,6,6,6,6,6,7,6,7,6,6,4,7,6,6,6,7,6,6,7,6,6,6,6,7,6,6,6,6,6,6,6,6,7,6,6,6,6,6,7,6,6,7,7,6,4,6,4,7,6,7,6,7,6,6,6,7,6,6,5,6,6,6,7,6,4,7,7,6,6,6,6,7,6,4,6,6,5,7,7,6,6,7,6,6,6,6,6,6,6,6,7,6,6,7,6,6,6,6,6,6,6,4,7,6,6,7,6,7,6,6,7,6,7,6,6,6,4,6,6,4,6,6,6,6,7,7,6,6,6,6,7,6,6,6,6,6,7,4,7,5,7,7,7,6,7,4,7,6,6,7,6,7,6,6,4,6,6,7,6,6,7,6,7,4,6,4,6,6,6,5,6,6,6,6,6,6,4,6,6,7,6,6,7,7,6,7,6,4,6,6,6,6,6,7,5,6,6,7,6,6,4,7,6,5,6,7,4,6,7,6,6,4,6,7,6,7,6,6,6,6,5,4,6,6,5,6,7,6,6,7,4,6,4,7,6,6,6,7,6,6,6,7,4,6,6,6,7,6,6,6,6,7,6,6,6,6,7,6,6,6,4,7,4,7,7,6,6,6,6,6,7,5,6,6,6,6,6,5,6,6,7,6,6,6,6,6,7,7,6,6,7,6,6,6,6,6,6,6,6,7,4,7,6,6,6,6,4,6,6,7,6,6,6,6,6,6,7,6,7,6,6,7,6,6,6,6,6,7,4,6,7,6,6,6,7,7,6,7,6,6,7,7,6,6,6,6,5,6,6,6,6,6,6,4,4,6,7,6,6,6,6,6,6,6,7,6,4,7,6,6,5,7,6,6,4,6,7,7,6,7,7,6,7,6,5,6,6,6,6,6,7,6,6,7,6,6,6,4,6,6,6,6,6,6,6,6,6,6,6,6,4,6,7,7,4,6,6,6,6,6,6,6,6,6,6,7,6,6,6,6,6,4,6,6,6,7,7,6,7,6,7,6,7,6,6,6,6,7,6,6,6,6,6,6,6,4,6,7,6,7,6,7,6,7,6,6,6,6,6,6,4,6,4,4,7,6,6,6,6,6,6,4,7,6,6,6,6]"
shape_c2de2d1070678030fa99,"[1,1,7,4,1,4,1,1,1,1,4,4,1,5,1,1,4,1,5,4,1,1,4,4,4,1,4,1,4,1,1,7,1,1,5,1,1,0,1,1,0,1,4,4,1,4,1,1,5,0,1,1,1,4,1,1,4,1,7,0,1,2,4,1,1,1,4,1,4,4,4,1,1,0,4,1,4,1,1,1,0,5,1,5,1,1,0,1,4,1,0,1,5,1,1,1,1,1,0,1,5,4,5,1,1,1,4,1,1,1,1,1,1,1,1,4,1,1,4,1,4,1,4,1,1,1,1,4,0,1,1,1,1,1,4,1,1,1,1,1,1,1,0,1,0,0,4,5,1,1,1,4,1,0,1,4,1,1,4,1,1,4,1,1,1,1,4,4,1,1,1,1,4,4,7,1,0,0,1,1,1,1,7,4,0,1,4,1,1,4,4,4,1,1,1,1,1,1,4,1,1,1,1,4,4,1,1,4,4,0,1,1,4,1,4,0,1,4,0,0,1,1,1,4,5,4,1,1,1,4,1,0,1,1,0,1,4,0,1,4,4,4,7,0,4,1,4,1,1,1,1,4,0,4,4,1,1,7,0,1,1,1,0,4,1,1,0,4,1,1,1,4,4,1,1,1,1,1,1,7,4,0,1,1,1,1,1,1,1,1,1,1,1,4,1,1,1,1,1,1,1,1,4,4,1,1,1,0,4,1,1,4,0,1,1,4,4,4,1,1,4,1,1,7,1,4,4,1,0,0,1,4,7,1,1,4,1,5,1,0,4,4,1,0,1,4,1,1,1,1,1,1,1,1,0,1,1,0,1,4,4,0,0,1,4,4,1,1,1,4,0,1,1,1,4,1,4,1,0,0,4,1,1,0,1,1,1,1,1,0,0,1,1,1,7,4,0,1,4,4,1,1,0,1,1,1,0,0,1,0,1,1,1,4,0,0,4,1,4,4,1,1,4,1,4,1,4,1,4,5,0,0,1,1,1,1,1,4,1,1,1,4,1,1,4,1,1,0,1,0,1,1,1,4,1,1,1,1,1,1,4,4,1,1,1,1,0,1,0,1,4,0,4,1,4,7,4,1,1,4,0,5,1,1,7,0,4,1,1,4,4,1,1,1,1,1,1,1,0,1,1,1,4,4,1,4,0,1,1,4,1,1,0,0,1,1,4,1,5,1,4,4,0,1,1,0,4,1,4,4,1,1,1,2,4,0,1,1,4,1,1,4,1,4,1,1,2,0,4,4,1,1,1,1,1,1,1,1,4,1,0,5,1,1,1,1,1,5,1,1,7,4,1,1,1,1,1,0,4,4,4,1,4,1,7,0,1,5,1,4,0,1,1,1,1,4,1,1,4,1,1,4,4,0,5,1,1,1,1,0,1,4,1,1,4,4,1,4,4,5,1,4,1,1,1,4,4,1,7,0,4,4,1,4,0,4,1,1,4,1,1,1,1,1,1,4,5,4,1,0,0,1,1,4,4,1,1,0,4,1,0,1,1,1,1,0,4,0,0,1,4,4,0,1,1,1,1,0,4,4,1,4,1,4,1,1,1,1,4,1,1,0,1,4,4,1,1,0,1,1,1,4,5,1,4,4,1,0,0,4,1,4,0,1,1,0,4,4,1,4,4,1,1,1,1,1,1,4,0,1,1,4,1,4,5,4,1,1,1,1,1,4,1,4,1,1,1,1,1,4,4,1,1,4,1,4,4,0,1,1,0,4,1,1,1,4,5,4,1,1,0,1,1,1,4,4,1,1,0,1,1,1,0,7,1,0,4,1,0,4,1,1,1,1,4,0,4,4,4,0,0,1,4,1,1,1,1,1,1,1,4,1,4,1,0,1,1,1,1,0,4,1,5,1,1,4,1,1,1,1,7,0,0,0,4,1,1,1,4,4,4,4,1,1,4,1,1,1,1,4,0,1,0,0,1,0,4,1,0,0,0,4,1,4,1,1,1,4,4,4,1,4,4,4,5,7,1,0,1,1,1,4,1,1,4,1,1,5,4,1,0,0,1,4,0,4,0,1,4,0,1,4,4,1,1,1,1,0,0,1,1,1,4,0,1,1,4,4,4,1,1,0,1,1,1,1,1,4,1,1,1,4,1,4,1,4,1,1,4,1,1,1,1,1,1,4,5,4,4,4,1,4,1,1,5,1,1,7,4,1,4,1,1,0,1,1,0,1,1,1,1,1,4,1,1,1,4,0,1,1,1,1,4,4,1,1,1,0,1,1,5,4,1,4,4,4,1,0,0,0,7,0,1,1,1,1,1,2,1,0,4,4,4,1,1,1,4,4,0,1,1,0,4,1]"
shape_9414be7249533942b22f,"[6,6,5,5,6,6,6,6,6,6,6,6,6,4,6,7,6,6,5,5,5,6,6,6,5,6,5,6,5,4,5,6,7,5,6,5,5,6,5,6,5,5,5,5,5,6,6,7,6,6,6,5,6,6,6,6,5,5,6,5,5,5,6,6,6,6,6,5,6,5,6,5,6,5,6,6,5,6,6,6,5,6,5,6,6,6,6,4,6,6,6,4,7,6,6,6,6,5,5,6,6,6,5,6,6,6,6,6,6,5,6,5,6,5,6,5,5,6,4,6,5,6,6,5,6,6,5,5,5,6,6,5,6,7,5,5,6,6,6,5,5,6,6,6,5,6,6,6,6,6,6,5,6,6,6,6,5,5,7,6,6,6,6,6,6,6,5,5,6,6,6,5,5,6,6,6,6,6,6,6,6,6,5,5,7,5,5,6,6,6,6,6,5,6,5,6,6,6,5,5,5,6,5,5,6,6,5,6,6,6,5,6,6,6,5,4,5,6,6,5,5,5,5,5,6,5,6,5,6,6,6,6,5,6,6,6,6,6,6,6,6,6,5,5,5,6,6,6,5,6,5,6,6,5,5,5,6,6,6,6,6,7,6,6,6,6,6,5,4,5,5,6,6,6,6,6,5,5,5,6,5,6,6,6,5,6,6,5,5,6,6,7,5,5,6,6,5,6,6,7,4,4,5,6,5,6,6,4,6,5,6,7,6,6,5,5,5,6,5,6,6,6,6,6,6,6,5,6,5,6,5,7,6,5,6,5,5,4,6,5,6,7,6,6,6,5,6,6,6,7,7,5,6,6,6,5,5,5,5,5,6,5,5,5,6,5,6,7,6,7,5,6,5,6,6,7,5,6,6,5,6,5,5,5,6,6,6,6,5,5,5,6,6,5,6,6,5,5,6,5,6,6,5,5,6,6,5,5,6,6,5,5,6,5,6,5,6,5,4,6,6,5,6,6,6,6,6,7,6,6,6,5,5,5,6,4,5,6,5,6,4,6,5,6,5,7,6,6,5,5,5,7,5,5,5,6,5,6,5,6,6,6,6,6,6,6,6,6,6,5,7,5,6,6,6,6,6,6,6,6,6,6,4,6,6,6,5,6,6,6,5,6,7,6,6,6,7,6,5,5,7,6,6,6,6,5,5,6,6,5,6,6,5,5,6,4,6,4,5,6,7,6,6,6,6,6,6,6,6,5,5,5,5,7,6,6,5,5,5,6,5,5,6,5,6,6,6,6,4,6,6,6,6,5,5,6,6,5,6,6,6,5,6,6,6,5,5,6,6,6,5,6,6,6,5,5,6,5,6,6,6,5,6,6,5,6,7,6,5,5,5,6,4,5,5,5,6,6,6,5,5,5,6,5,4,6,6,6,6,6,5,6,7,5,5,6,6,6,6,6,5,6,7,5,5,6,6,6,5,6,6,5,5,6,6,5,4,6,4,5,6,6,6,6,5,6,5,5,5,6,5,6,5,6,6,5,6,5,5,6,6,6,6,6,6,6,6,6,5,5,6,6,6,5,7,5,6,5,6,6,6,5,6,6,6,5,5,5,6,6,6,6,6,5,7,7,5,6,6,6,5,5,6,6,6,6,6,6,5,6,6,6,6,5,5,6,7,6,5,6,6,6,6,5,6,5,5,6,6,5,4,5,5,5,6,6,7,5,6,5,6,5,5,5,5,5,6,5,6,6,6,5,5,6,6,5,5,6,6,5,6,6,5,6,6,5,5,5,6,5,6,6,5,6,5,5,5,5,6,6,6,5,5,5,5,6,5,6,6,7,5,6,6,6,5,6,6,5,6,7,5,6,6,6,6,6,5,5,4,6,5,6,6,6,5,6,6,6,6,6,5,6,6,4,4,6,7,6,6,5,6,6,6,5,5,5,6,6,5,6,5,6,6,6,6,5,5,7,6,6,5,6,6,6,5,5,5,5,6,5,5,5,6,6,6,5,5,6,6,5,6,5,6,5,6,6,5,6,5,7,6,5,4,6,6,5,6,5,6,6,5,5,5,6,6,5,5,5,5,5,6,5,6,5,6,6,5,5,5,6,6,5,6,6,6,6,6,5,6,5,6,6,6,6,6,5,6,6,6,6,6,5,5,5,6,7,6,6,5,5,6,6,6,5,4,5,6,5,6,6,5,6,6,6,6,5,6,6,5,6,4,5,6,4,5,6,5,5,7,5,6,5,6,5,4,6,6,4,6,5,5,6,6,5,6,5,5,6,5,5,5,5,6,6,6,5,5,6,4,6,6,4,5,4,6,6,5,5,5,5,6,6,5,6,5,5,6,6,6,6,4,6,5,6]"
shape_a36c8a4d746ad07c5374,"[6,6,6,6,6,6,6,7,6,6,6,6,6,6,6,6,6,6,6,6,6,6,7,7,7,7,6,6,6,7,6,6,6,6,6,6,6,6,6,6,6,6,6,6,6,6,7,6,6,6,6,6,6,6,6,6,6,6,7,7,7,6,6,6,6,6,6,7,7,6,6,6,6,6,6,6,6,6,7,7,6,6,6,7,7,7,7,7,6,6,6,7,6,6,6,7,6,6,6,6,6,6,6,6,6,6,7,7,6,6,6,7,6,6,6,6,6,6,6,6,6,7,7,6,6,6,7,6,7,6,6,6,6,6,6,6,7,6,6,6,6,6,6,6,6,6,6,6,6,6,6,6,6,6,6,6,7,6,6,6,6,6,6,6,6,6,6,6,6,6,6,6,6,6,7,6,6,6,7,6,7,6,6,6,6,6,6,6,7,6,6,6,6,6,6,6,7,6,6,6,6,6,6,6,6,6,7,6,6,6,6,6,7,6,6,6,6,6,7,7,6,6,7,6,7,6,7,6,6,7,6,6,6,7,6,6,6,6,6,7,6,6,6,6,7,7,6,6,6,6,7,7,6,6,6,7,6,6,6,7,6,6,6,6,6,6,6,6,6,6,6,6,6,6,7,6,7,7,6,6,6,7,6,7,6,6,6,6,7,7,6,6,6,6,6,6,6,6,6,6,7,6,6,7,6,6,6,6,6,7,6,6,6,6,6,6,6,7,7,6,6,6,6,6,7,6,7,6,6,7,6,6,6,6,6,6,7,6,6,6,6,7,6,6,6,6,6,6,6,6,6,6,6,6,6,6,6,7,6,6,6,6,6,6,6,6,6,6,7,6,6,6,7,7,6,6,7,6,6,6,6,7,6,6,6,6,6,7,6,6,6,6,6,6,6,6,6,6,6,6,7,6,6,6,7,7,6,6,6,6,7,6,6,6,6,6,6,6,7,6,6,6,6,6,6,6,6,6,6,6,7,6,6,6,6,6,6,6,6,6,6,6,6,6,6,6,6,6,6,6,6,6,7,6,6,6,6,6,6,6,6,6,7,6,6,7,6,7,6,6,7,7,6,6,6,6,6,6,7,6,6,7,6,6,6,6,6,7,6,6,6,6,7,6,6,6,6,6,6,6,6,6,6,7,6,6,6,6,7,6,7,7,6,6,6,7,6,6,6,6,6,6,6,7,7,6,6,6,6,7,7,7,6,6,6,6,6,7,7,7,6,6,6,6,7,6,6,6,6,6,7,6,6,6,6,6,6,6,6,6,6,6,6,6,6,6,6,7,6,6,6,6,7,6,6,6,7,6,7,6,7,7,7,6,6,6,6,7,6,7,6,6,6,6,6,6,7,6,6,6,6,6,6,6,6,6,6,7,7,6,6,6,6,6,6,6,7,7,6,7,6,6,6,7,6,6,6,7,6,6,6,6,6,6,6,6,6,6,6,6,6,6,6,6,6,6,6,6,7,6,6,6,6,6,6,6,6,7,7,6,7,6,6,7,6,7,6,6,6,6,6,6,6,6,6,6,7,6,6,6,6,7,6,6,6,6,6,6,6,6,7,6,7,6,7,6,6,6,6,7,6,7,6,6,6,6,6,7,6,6,6,6,6,7,6,6,6,6,6,6,7,6,7,6,6,6,6,6,7,6,6,7,6,6,6,6,6,7,7,7,6,6,6,6,6,7,6,6,6,6,6,6,6,6,6,6,7,6,7,6,6,7,6,6,7,6,7,7,6,6,6,6,6,7,6,6,6,6,7,6,6,6,7,7,6,6,7,7,6,6,6,6,7,6,6,6,7,6,6,6,7,7,6,6,6,6,6,6,6,6,6,7,6,6,6,7,6,6,6,6,6,7,6,6,6,6,6,6,6,7,6,6,6,6,6,6,6,6,6,6,6,7,7,6,6,6,6,7,6,6,6,6,6,6,6,7,6,7,7,6,6,6,6,6,7,7,6,6,6,6,6,6,6,6,6,6,6,6,6,6,6,7,7,6,6,6,7,6,7,6,6,6,7,6,6,7,6,6,7,6,7,6,6,6,6,7,7,6,7,6,7,6,6,6,7,6,7,6,6,6,7,6,6,6,6,7,7,6,6,6,6,7,6,6,6,6,7,6,6,7,6,6,6,6,7,6,6,6,6,6,6,6,7,6,6,6,6,6,6,6,6,6,6,6,6,6,6,6,6,6,7,6,6,6,6,7,6,6,6,6,7,6,6,6,6,6,7,7,6,7,6,6,6,6,6,6,6,6,6,7,7,6,7,7,6,6,6,6,6,6,6,6,7,7,7,6,7,6,6,6,6,6,6,6]"
shape_2905bc2fef1ca5711092,"[3,7,4,6,5,7,5,5,4,5,6,5,5,5,5,5,4,5,5,6,3,7,4,5,5,5,6,4,4,3,5,1,5,4,5,3,4,5,5,5,6,5,6,7,5,4,6,5,1,5,6,5,5,5,5,4,5,1,4,6,7,5,5,1,5,5,5,4,5,6,4,6,5,5,5,5,4,5,3,5,5,5,5,5,5,1,5,5,6,1,6,6,5,6,5,5,1,1,6,5,1,4,6,1,5,5,5,3,5,5,5,5,5,5,5,5,5,1,5,4,7,4,1,5,5,4,6,7,5,3,4,6,4,6,5,5,5,4,5,3,4,6,5,6,6,7,4,5,1,5,6,5,3,5,7,5,7,4,5,4,3,6,4,6,1,5,3,5,5,6,4,5,3,5,1,5,5,5,5,4,6,4,6,3,6,5,6,4,6,5,5,6,5,5,4,7,3,5,5,4,5,5,5,5,5,7,4,5,5,6,5,6,5,6,5,6,5,5,5,5,5,3,3,6,6,6,6,5,1,5,5,5,5,5,6,5,5,4,5,4,4,5,5,5,5,5,5,5,5,6,5,7,6,6,5,6,5,5,4,5,5,6,6,6,6,5,3,4,5,4,1,4,6,6,7,5,6,5,5,5,5,4,6,4,4,3,6,3,5,5,7,5,5,3,3,5,6,1,5,1,5,5,5,6,4,6,3,5,5,5,5,5,5,5,5,5,7,3,6,5,5,4,4,5,3,6,4,5,4,6,5,5,4,6,6,5,7,5,5,5,1,6,5,6,5,5,5,6,4,6,3,5,5,3,3,6,4,7,1,5,6,5,6,5,5,3,1,5,4,1,6,6,1,5,6,4,5,4,3,6,4,5,5,5,3,4,5,7,5,6,5,1,5,4,5,4,5,6,7,5,7,4,4,6,7,5,6,4,5,7,5,4,4,6,5,5,7,6,5,5,4,6,6,5,6,5,5,4,4,1,1,5,5,5,4,5,4,6,5,5,6,1,6,4,6,1,5,4,5,4,1,6,1,1,5,4,5,5,1,5,5,5,4,5,6,5,4,5,5,5,1,5,3,3,5,4,6,4,5,5,4,4,5,6,5,5,5,5,5,7,4,6,4,5,6,5,6,7,6,5,5,7,6,5,5,4,5,5,6,3,5,6,4,4,6,1,5,3,4,5,5,4,5,5,5,5,5,1,6,5,4,1,5,3,6,3,4,5,4,3,5,4,4,5,5,5,3,6,5,5,6,4,4,6,4,4,7,6,5,4,6,5,5,1,1,5,5,3,5,6,7,7,1,5,5,7,5,5,5,5,3,6,5,5,6,4,4,6,5,1,5,1,4,4,4,5,5,1,5,5,1,5,4,3,3,5,4,6,5,6,5,4,6,6,6,4,5,7,5,4,5,5,6,5,5,5,5,5,6,5,5,5,1,5,1,5,5,1,4,4,1,0,5,5,4,5,4,4,4,5,4,6,6,5,5,5,4,4,5,5,1,6,6,5,5,5,1,5,4,5,6,7,4,5,5,6,6,5,5,1,5,5,5,5,4,5,5,5,4,1,6,5,6,5,4,3,6,6,1,6,5,4,5,4,6,5,6,5,4,1,6,4,3,6,6,6,6,1,5,6,6,5,5,5,4,1,4,5,7,6,5,4,1,5,5,6,6,6,4,1,5,6,7,7,5,6,5,7,1,5,4,5,3,5,5,3,6,5,5,6,7,5,7,4,5,5,5,5,3,7,5,6,1,1,3,5,4,5,5,5,5,6,4,1,5,4,5,7,5,5,4,1,6,5,5,1,7,5,5,5,6,5,4,5,5,5,5,5,5,4,1,4,4,6,5,5,4,5,5,5,5,5,1,5,5,4,3,5,5,5,3,6,4,7,4,4,4,4,5,5,5,6,5,5,5,6,3,5,6,5,7,5,5,6,6,5,4,5,4,5,4,6,5,5,7,5,5,6,5,5,4,4,5,6,5,6,1,6,6,6,5,6,5,4,4,4,5,5,6,4,3,5,5,7,5,5,5,6,7,7,5,6,3,4,7,6,5,1,7,5,5,6,4,6,5,3,5,5,5,5,7,5,7,6,4,5,4,5,5,4,3,5,3,4,5,4,6,5,5,6,4,5,4,6,5,4,4,6,4,3,7,5,5,5,5,5,6,3,5,3,5,5,3,3,5,5,3,5,6,3,3,5,3,5,3,4,1,5,5,6,7,3,1,5,3,7,6,5,4,5,4,3,5,5,4,4,5,5,4,3,6,5,5,1,6,5,5,5,5,5,6,5,3,5,5,5,5,5,6,5,5,6,5,5]"
shape_8089b290b11ab12cadb1,"[6,6,6,6,6,6,6,7,6,6,6,6,6,6,6,6,6,7,6,7,6,7,7,6,6,6,6,6,6,6,6,6,6,7,7,6,6,6,6,6,6,6,7,6,6,6,6,6,6,6,6,7,6,6,6,6,6,6,7,6,6,6,6,6,6,7,6,7,6,6,7,7,7,6,6,6,6,6,6,6,7,6,6,6,6,6,7,7,6,6,6,6,6,7,6,7,7,6,6,6,7,6,6,6,6,6,6,6,6,6,6,6,6,7,6,7,6,6,7,6,6,6,6,6,6,6,7,6,6,6,6,6,6,6,6,7,6,6,6,6,6,6,6,6,6,6,6,7,6,6,7,7,6,7,6,7,6,6,6,6,6,6,6,6,6,6,6,6,6,6,6,7,6,6,6,6,6,6,6,7,7,6,6,6,6,6,6,6,6,7,7,6,6,6,6,6,6,6,6,6,6,6,6,6,7,7,6,6,6,6,7,7,6,6,6,6,7,6,6,6,6,6,7,6,6,6,6,7,7,6,7,6,6,6,4,6,6,7,7,6,6,6,6,6,6,6,7,7,7,6,6,6,6,7,6,7,6,6,6,6,6,6,7,6,6,7,7,6,6,6,6,6,6,6,6,6,6,7,6,6,6,6,7,6,6,7,6,7,6,6,6,6,7,7,7,6,6,6,6,6,6,6,6,6,6,6,6,6,6,6,6,6,6,6,6,6,6,6,6,6,6,6,7,6,6,6,6,6,6,6,6,6,6,6,7,7,6,6,6,7,6,6,6,7,7,6,6,6,6,6,6,6,6,6,6,6,6,6,6,4,6,6,6,6,7,6,7,7,6,6,6,7,6,7,6,6,6,7,7,6,6,7,7,6,6,6,6,7,7,6,6,6,6,7,7,6,6,6,7,6,6,6,6,6,6,6,7,6,6,6,6,6,6,6,7,7,6,6,6,6,6,6,7,6,6,7,6,6,6,6,6,6,6,6,6,6,6,6,6,6,7,6,6,6,6,6,6,6,6,7,6,6,6,6,6,6,6,7,7,6,6,7,7,6,6,7,6,6,6,7,6,7,6,6,6,7,6,6,6,7,6,6,6,6,6,6,6,6,6,6,6,7,7,6,6,6,7,7,6,6,6,7,6,6,7,7,6,6,7,6,7,6,7,6,6,6,7,6,6,6,6,6,6,6,6,6,6,6,6,6,6,6,6,6,6,6,6,6,6,7,7,6,6,6,6,6,7,6,6,7,6,6,7,7,7,7,6,7,6,7,6,7,6,6,6,6,6,7,7,7,6,6,6,6,6,6,6,6,6,6,7,6,6,6,6,6,7,6,7,6,6,6,6,6,6,7,6,6,6,6,6,6,6,7,7,7,6,6,6,7,6,6,7,6,6,6,6,6,6,6,6,6,6,6,6,6,6,6,7,6,6,6,6,6,7,6,7,7,6,6,7,7,6,7,6,6,6,6,6,6,6,6,6,6,6,6,6,7,7,6,6,6,6,6,6,6,6,6,6,6,6,6,7,7,6,7,6,6,7,6,6,6,6,6,7,6,6,7,7,7,6,6,6,6,7,6,6,6,6,6,6,6,7,6,7,6,6,6,6,6,6,6,6,6,6,6,6,7,6,7,6,7,6,6,6,6,7,7,6,6,6,6,6,7,6,6,7,6,6,6,6,6,6,6,6,6,6,6,6,6,6,6,6,7,6,6,7,6,6,6,7,6,6,6,7,6,6,7,6,6,6,6,6,6,6,6,7,6,7,6,6,6,6,6,7,6,6,6,6,6,6,6,7,6,6,6,6,7,6,6,6,6,6,6,6,6,6,7,7,6,6,6,6,6,6,7,7,6,6,6,6,7,6,6,6,7,6,6,7,7,7,6,6,6,7,6,7,7,6,6,6,6,6,6,6,6,6,7,6,7,6,6,6,6,6,6,7,6,6,6,6,6,6,7,7,6,6,7,7,6,6,6,7,6,6,6,6,7,6,6,6,7,6,6,7,6,6,6,6,6,6,6,6,7,7,6,6,6,6,7,6,7,6,7,6,7,7,6,6,6,7,6,6,6,7,6,6,6,7,6,6,6,6,6,6,6,6,6,6,7,6,6,7,6,6,7,7,7,6,7,6,6,6,6,6,6,6,6,6,6,6,6,6,6,7,7,7,6,6,6,6,6,6,6,6,6,6,6,6,6,6,6,6,7,6,7,7,6,6,6,7,6,6,6,6,6,6,6,6,7,6,6,7,6,6,6,6,6,6,6,7,7,6,6,6,6,6,7,6,6,6,6,6,6,6,7,7,6,6,6,6,6,6,6]"
shape_bb1449efcc9b351c4a1a,"[7,7,5,5,7,7,6,7,7,7,7,5,7,7,7,7,7,5,7,7,6,5,7,5,5,7,7,7,5,5,5,7,7,7,7,5,5,7,5,7,7,7,4,5,7,7,7,7,6,5,7,5,6,7,6,7,7,5,5,7,7,7,7,6,7,6,7,7,7,5,7,5,7,7,7,5,7,7,7,5,7,5,7,7,6,5,7,5,5,6,7,5,5,6,5,7,6,6,5,7,5,7,5,7,5,7,5,5,5,7,7,7,7,6,7,5,6,7,6,5,7,5,6,6,7,6,7,7,5,7,5,5,7,5,7,7,7,7,5,5,7,7,7,7,7,7,7,5,7,7,7,7,7,7,7,5,7,7,7,7,7,5,7,7,7,7,7,5,7,7,7,6,6,7,6,5,7,5,5,5,7,7,5,5,6,7,5,5,6,7,6,6,7,7,7,5,6,5,7,7,5,7,5,7,5,7,7,7,5,7,7,7,6,7,5,7,7,7,7,5,7,7,5,5,7,5,7,7,6,5,5,7,7,7,7,4,7,5,7,7,7,7,7,6,5,5,7,5,5,5,7,7,7,5,7,5,7,4,5,5,6,6,7,7,7,6,5,7,7,5,6,7,5,5,5,7,7,7,6,7,5,5,5,7,7,5,5,7,7,6,5,6,5,5,5,7,5,7,5,7,6,7,5,7,7,7,7,5,4,7,7,5,6,7,7,5,7,0,7,5,6,5,5,7,7,7,7,7,6,6,5,7,5,6,7,7,7,7,7,6,5,5,5,6,5,7,7,7,7,5,7,7,7,7,5,7,7,5,7,7,7,5,5,6,5,6,7,7,7,7,7,7,5,7,7,4,7,7,7,7,7,5,5,6,7,5,5,7,6,7,5,5,5,7,5,7,7,7,7,7,7,7,7,7,7,7,5,7,7,7,7,7,5,5,7,5,7,6,7,5,7,7,5,7,5,5,7,7,5,5,6,5,7,7,7,7,6,7,5,5,5,7,7,5,7,7,6,5,7,7,5,7,7,6,7,7,7,7,7,5,7,7,7,7,5,5,5,5,6,7,7,7,5,7,6,6,7,7,7,7,7,7,7,6,7,7,7,5,7,7,5,5,7,5,7,5,7,7,7,7,7,7,6,7,7,7,5,5,7,7,7,6,7,7,5,6,7,7,5,5,7,5,5,7,7,7,5,7,5,7,5,5,7,6,5,7,5,5,5,6,5,5,7,5,7,6,7,7,7,7,5,7,7,6,7,7,5,6,5,5,7,6,7,7,7,7,7,6,7,5,7,5,7,7,7,6,5,5,7,7,6,7,5,6,7,7,5,5,7,5,7,7,7,5,7,5,5,5,6,5,5,7,7,7,7,5,7,7,7,5,7,5,7,6,6,5,7,6,7,7,6,5,7,7,7,6,7,5,7,7,6,5,6,5,5,6,7,7,7,7,7,5,5,7,5,6,6,5,7,6,6,6,7,5,5,7,7,5,7,5,6,7,7,5,7,5,5,5,6,5,7,5,7,7,5,5,5,7,7,7,6,5,7,7,6,6,7,5,7,7,5,7,7,7,7,5,7,6,7,5,7,6,5,5,7,6,7,5,6,5,7,7,7,5,6,6,7,7,7,4,7,7,5,5,7,5,5,7,5,7,6,6,5,5,5,7,7,5,5,7,7,7,5,5,6,7,5,7,7,5,7,7,7,5,5,7,6,7,5,7,7,7,7,5,7,7,5,5,7,7,5,5,7,5,5,6,5,7,7,7,7,5,6,5,7,7,7,7,7,7,7,7,5,7,7,5,5,7,5,7,7,7,7,5,6,5,5,7,5,5,5,7,7,5,5,7,7,6,7,6,7,6,6,5,7,7,7,5,7,5,5,5,7,5,6,7,5,7,5,7,5,7,6,5,6,6,7,5,6,7,5,6,6,7,7,6,7,5,7,7,6,6,7,5,6,7,7,7,7,7,7,5,7,7,7,7,6,7,5,7,7,6,5,7,6,5,7,5,7,7,7,6,7,5,7,5,7,7,7,7,6,7,5,7,7,7,7,7,5,5,7,7,7,6,5,5,5,5,7,7,5,6,5,6,7,6,5,7,7,5,7,6,6,5,5,5,7,7,7,4,5,5,5,7,7,7,5,7,5,5,5,7,7,7,5,6,7,5,7,7,7,6,7,4,5,7,7,5,7,5,5,7,6,5,7,5,7,5,5,5,7,5,5,5,5,5,7,7,6,5,6,7,5,7,7,7,5,7,5,7,5,6,7,5,7,6,7,5,6,7,7,7,7,7,7,5,7,7,5,7,7,7,6,6]"
shape_ea4ff661fff836268901,"[5,5,6,6,7,4,6,6,6,6,6,6,5,6,5,6,6,5,6,6,6,6,6,6,6,6,6,6,6,6,6,5,6,5,6,6,5,6,5,6,7,6,6,6,4,5,6,5,6,6,5,6,6,5,6,5,6,6,6,7,6,5,6,6,5,5,6,6,6,6,6,6,6,5,6,6,6,6,6,6,5,5,7,6,5,6,6,6,6,7,6,6,6,6,6,6,6,6,6,6,6,6,6,6,6,5,6,6,6,6,6,5,6,5,5,6,6,6,6,6,5,6,6,6,6,6,6,6,6,5,6,6,6,6,6,6,6,5,6,6,6,5,6,6,6,6,7,5,6,6,6,6,6,6,5,6,5,6,6,6,6,6,5,6,6,5,6,6,6,6,6,6,6,6,6,5,6,5,6,5,6,6,6,6,5,6,6,6,7,6,6,6,6,6,6,5,6,6,5,6,6,6,6,6,6,6,7,7,6,6,6,6,6,5,6,5,5,6,5,7,6,6,6,6,6,6,6,6,5,5,6,6,6,5,6,5,6,6,6,6,6,6,6,5,6,6,5,6,6,6,5,7,6,6,5,6,5,6,6,6,6,6,6,6,6,6,6,6,6,5,6,6,6,5,5,5,6,6,6,6,6,6,6,6,5,6,6,5,6,5,6,6,6,6,6,7,6,6,5,6,5,6,6,5,5,6,5,6,6,6,7,6,5,6,6,6,6,5,6,6,6,6,6,6,6,7,6,6,5,6,6,5,7,6,5,6,6,5,6,5,6,6,5,6,6,5,6,6,6,6,6,6,6,6,6,6,6,6,5,6,5,6,5,6,6,6,6,6,6,6,5,6,6,5,7,6,6,5,6,6,6,6,6,6,6,6,6,5,6,6,6,5,6,5,6,6,6,6,6,6,5,6,6,6,5,6,5,6,7,5,6,5,6,6,5,6,5,7,5,6,7,6,5,6,6,6,6,6,6,6,6,5,6,6,6,6,6,6,6,5,5,6,5,5,5,6,5,6,5,6,6,5,6,5,7,6,5,6,6,6,5,6,5,5,5,6,6,6,6,6,6,5,7,6,6,6,5,6,6,5,6,6,6,6,5,6,6,6,5,6,6,5,6,5,5,6,6,5,6,6,6,6,5,6,5,5,6,5,6,6,5,6,6,6,5,6,5,6,6,6,5,6,6,6,6,5,5,5,5,6,5,6,6,6,6,6,6,7,6,6,5,6,6,5,7,6,5,6,6,6,5,5,5,6,6,6,6,6,6,5,5,6,6,6,6,6,6,6,6,5,6,5,5,6,6,6,5,5,6,5,6,6,6,6,7,5,6,5,6,5,6,6,6,5,5,6,6,6,7,6,6,5,7,5,6,6,6,6,6,6,6,6,6,6,5,5,5,6,6,6,6,7,7,6,6,6,6,5,5,6,5,6,6,5,6,5,6,5,6,6,6,6,6,5,5,6,6,6,6,6,5,5,6,5,6,6,6,6,6,6,6,6,6,6,6,6,6,6,6,6,6,6,6,6,6,6,6,5,6,6,6,5,6,5,6,6,6,5,5,6,6,6,6,5,6,7,6,6,6,5,5,6,5,6,5,5,5,6,6,5,6,5,5,6,6,6,6,6,6,6,5,6,6,6,5,6,6,6,6,5,6,6,6,6,6,6,6,6,6,6,6,5,5,6,6,6,6,6,6,5,6,7,6,6,6,6,6,6,6,6,6,6,5,5,6,6,6,6,6,6,6,6,6,5,6,6,6,6,5,6,6,6,6,6,6,5,6,6,6,5,5,5,5,6,6,5,5,6,6,4,6,6,6,5,6,6,6,5,6,5,6,6,6,5,5,6,5,5,6,6,6,6,6,6,6,6,6,6,5,6,6,6,6,6,6,6,6,6,6,6,6,6,6,6,6,6,6,6,5,6,6,5,5,6,6,6,6,6,6,6,6,7,5,6,6,6,6,6,6,6,5,6,6,6,5,6,6,5,5,5,6,6,6,6,6,6,6,6,5,6,6,6,6,6,6,6,6,6,6,5,5,6,6,5,6,5,6,6,6,6,6,6,6,6,6,6,6,6,5,6,6,7,6,6,6,6,5,5,6,5,6,7,5,6,6,6,5,6,6,5,5,6,5,5,6,6,6,6,6,6,6,5,5,6,6,5,6,6,6,6,6,6,6,6,6,5,6,6,6,6,6,6,6,6,6,6,6,6,6,6,6,6,6,6,6,6,6,5,6,5,6,5,6,6,6,5,5,5,5,6,6,6,6,6,7,6,6,6,5,6,5,5,6,5,6,6,6,5,5,6,6,6,5,6]"
shape_6fb784e595d9220f112f,"[4,4,5,4,3,4,5,6,7,4,5,5,4,4,5,5,5,3,4,5,3,0,4,5,5,6,3,4,4,6,4,5,5,5,3,5,4,0,5,4,5,4,6,5,5,4,4,5,4,4,3,4,4,4,4,4,4,4,4,5,4,4,5,4,4,3,4,3,6,5,6,3,6,5,5,4,4,5,4,5,4,4,4,5,4,6,6,4,7,5,4,5,4,0,6,4,4,5,3,5,4,6,5,5,3,4,5,5,5,4,5,4,5,0,0,6,5,5,3,4,4,4,5,5,5,4,3,5,5,5,3,4,0,4,5,5,4,5,4,3,5,5,0,4,4,0,4,4,5,5,4,4,5,5,4,5,5,5,0,5,4,4,3,4,5,0,4,3,5,5,3,5,6,0,4,5,5,4,4,5,4,4,5,5,6,5,4,0,4,4,5,7,0,3,4,5,5,4,5,5,6,5,0,4,3,4,6,4,5,5,5,6,5,4,3,4,4,5,3,4,4,5,4,4,3,4,4,5,5,5,4,3,4,4,5,5,5,7,4,4,4,5,5,4,4,4,5,6,0,5,4,4,4,6,5,4,4,6,4,3,5,3,4,5,4,7,5,3,5,3,0,4,4,5,5,4,6,6,5,5,6,3,4,4,5,5,3,4,4,5,7,5,4,4,4,4,4,7,4,4,5,4,5,0,3,5,4,4,5,5,4,3,4,0,4,6,4,5,4,5,5,5,5,5,5,4,3,4,3,5,0,5,6,3,4,5,4,4,6,5,5,4,4,4,5,5,4,3,4,3,5,3,6,0,4,5,5,5,0,4,5,4,3,6,4,4,5,4,4,3,5,3,4,4,6,3,4,3,4,5,4,5,5,5,4,6,5,5,4,3,5,5,4,4,3,3,6,5,3,3,4,4,5,3,5,4,3,4,4,4,4,4,6,5,4,6,4,4,6,4,0,6,4,4,4,4,4,5,3,3,7,4,4,3,4,4,5,4,3,5,4,3,4,4,3,5,4,4,3,6,4,4,6,5,4,5,4,5,7,4,4,4,5,4,4,3,3,5,4,0,5,4,5,4,6,5,4,5,4,4,5,3,4,4,5,3,4,5,5,4,4,4,5,4,5,6,5,5,4,0,5,5,5,4,4,4,4,4,6,3,5,4,4,6,4,4,4,4,5,7,3,5,4,4,4,4,4,5,6,4,4,4,3,4,4,4,5,5,4,5,5,3,3,5,6,4,5,5,5,5,5,5,3,4,0,4,5,5,4,4,5,4,3,0,5,5,5,5,3,4,4,5,4,5,5,5,5,6,3,5,5,4,5,5,5,4,5,6,4,3,0,4,5,6,4,3,4,4,0,3,3,5,5,5,4,3,4,5,5,4,5,5,5,4,4,3,4,4,4,4,4,3,5,7,4,5,5,3,6,5,5,5,5,4,5,5,5,5,3,4,4,5,3,5,3,4,4,4,4,4,5,4,4,4,4,0,4,5,4,4,3,4,4,5,0,5,5,4,3,5,4,3,0,6,4,4,3,3,4,5,4,4,6,0,6,6,5,6,4,4,3,5,5,4,5,5,4,4,6,5,5,0,4,3,4,4,4,7,5,4,4,4,5,4,7,4,6,5,4,4,4,6,4,5,4,5,4,5,3,4,3,5,3,5,3,4,5,5,3,4,3,4,0,6,4,3,5,5,3,5,4,3,4,5,4,5,4,3,4,6,0,5,0,4,5,5,5,5,4,3,4,5,5,5,4,4,5,5,7,5,5,4,5,5,5,4,5,5,4,3,6,5,3,0,5,5,5,5,4,4,0,5,4,4,5,5,4,0,5,5,4,3,5,3,4,5,4,4,4,4,5,4,4,5,4,4,4,4,4,5,4,6,4,3,3,4,5,5,4,6,4,4,3,4,4,6,3,6,0,5,5,5,0,5,4,5,6,3,5,5,4,5,3,0,5,5,0,5,4,5,4,5,5,5,5,4,5,4,5,3,5,6,5,4,3,5,5,3,3,4,4,5,4,4,3,5,4,4,4,6,4,5,4,4,0,3,4,4,5,7,5,5,4,4,3,3,3,4,4,5,5,5,4,0,4,5,6,5,5,3,4,3,4,4,4,4,5,4,0,4,5,5,6,5,5,4,6,5,5,4,4,5,4,5,3,3,4,5,6,3,5,4,7,5,5,5,4,4,4,0,4,0,4,4,4,4,4,3,5,4,4,6,5,5,4,4,4,4,0,5,5,5,4,7,3,4,3,4,4,4,5,3,4,5,3,4,4,4,5,5,3,4,5,6,4,5,5,5,4,5,5,0,4,5]"
shape_d5bba127b26a21b88222,"[7,6,7,6,6,6,6,6,7,7,7,6,6,6,6,7,6,7,6,6,7,6,6,7,6,4,6,7,7,7,7,7,6,6,7,6,6,7,7,6,6,7,6,6,6,6,7,7,6,6,6,7,7,6,6,6,7,6,7,6,7,6,6,7,6,6,6,6,7,6,6,6,7,6,6,6,6,7,6,7,6,6,7,7,7,6,7,7,6,7,7,6,6,6,6,6,7,6,7,6,6,7,6,6,6,6,7,6,7,7,7,6,7,6,7,6,7,7,4,7,7,7,6,6,7,6,6,6,7,6,7,7,7,6,7,7,6,6,7,6,6,7,6,7,7,6,6,6,7,6,6,7,7,6,6,7,7,6,6,7,6,6,7,6,7,6,6,6,7,6,6,7,6,7,6,7,6,7,6,6,6,7,7,6,6,6,6,6,6,7,6,6,6,7,6,7,5,6,6,5,6,7,7,6,6,6,6,7,7,6,7,6,6,6,6,7,7,6,6,6,6,7,6,6,7,7,7,6,6,6,6,7,7,7,6,7,6,7,6,7,7,6,6,6,6,6,7,6,6,6,6,6,7,6,7,7,6,6,6,7,6,6,6,6,7,6,7,6,7,6,6,6,6,6,7,6,6,7,6,7,6,7,6,6,7,7,7,6,6,6,7,6,6,6,7,6,6,6,6,6,6,6,7,6,6,6,6,7,6,6,6,7,6,6,6,6,6,6,7,6,6,7,6,6,7,6,6,7,6,6,7,6,6,7,6,6,6,6,6,6,6,6,6,6,6,6,6,7,7,6,7,6,6,6,6,6,7,6,6,6,7,7,6,6,6,6,6,6,7,7,7,6,6,7,6,7,6,6,6,6,6,7,6,6,6,6,6,6,7,6,7,6,7,7,6,6,6,6,6,6,6,7,7,6,6,7,6,4,7,6,6,7,6,6,7,6,6,6,7,6,6,7,6,7,6,6,6,6,6,6,6,6,7,6,6,6,6,6,7,6,7,6,6,6,6,6,6,7,6,7,6,6,6,6,6,6,6,6,6,6,7,6,7,7,6,6,6,7,7,6,7,6,7,6,6,6,7,7,6,6,6,6,7,6,7,6,6,6,6,6,7,6,6,7,6,6,6,7,7,7,6,6,6,7,6,6,7,6,6,7,6,6,6,6,7,6,6,6,6,7,6,6,6,7,6,7,6,6,7,6,6,6,6,7,7,6,7,6,6,6,6,7,6,6,6,7,6,6,7,6,7,6,6,6,6,6,6,7,6,6,7,6,6,7,6,6,6,6,6,6,6,6,6,7,6,6,6,6,6,6,6,6,7,7,7,6,6,7,6,7,6,6,7,7,6,6,6,7,6,7,6,7,6,7,7,6,7,7,7,6,7,6,6,6,6,6,6,6,7,7,7,6,7,6,6,7,6,6,7,6,6,6,6,6,7,7,7,6,6,6,6,6,7,7,7,7,6,6,6,7,6,7,7,6,6,6,7,6,6,6,6,6,6,6,6,7,7,6,7,7,6,6,7,6,6,7,6,6,6,6,7,6,6,7,6,7,6,6,6,6,6,6,4,7,7,7,6,6,6,6,6,6,6,6,6,6,7,6,6,7,7,6,6,7,7,6,7,6,6,6,7,6,6,6,6,6,6,6,6,6,6,6,7,6,6,7,6,7,6,7,7,7,7,6,7,6,6,6,7,6,6,6,6,7,7,6,6,6,6,7,6,6,6,6,6,7,7,6,6,6,7,7,6,7,6,6,6,7,6,7,6,7,6,6,6,7,7,6,7,6,6,6,7,6,7,7,6,6,6,6,6,7,6,6,7,6,6,6,6,6,6,6,6,6,6,7,6,6,7,7,6,6,6,6,7,6,6,7,7,6,7,6,6,6,4,6,6,6,6,6,7,6,6,7,7,6,6,6,6,6,6,7,7,6,7,7,6,7,6,6,7,6,6,6,6,6,7,6,6,7,6,6,6,7,6,7,6,6,6,7,6,7,7,7,6,6,7,6,6,7,7,4,6,6,6,7,6,7,6,6,6,6,6,6,7,6,6,6,6,6,7,7,7,6,7,7,6,6,6,6,6,6,6,6,6,6,6,7,7,7,4,6,6,6,7,6,6,6,6,6,6,6,6,7,7,6,6,7,6,6,7,6,6,7,7,6,7,7,6,6,6,6,6,6,6,6,7,6,7,6,6,7,7,6,7,7,6,6,7,6,6,7,6,6,6,7,7,6,6,6,6,7,6,6,6,6,6,6,7,7,6,6,7,6,6,6,6,6,7,7,6,6,6,6,6,6,5,6,6,6,7,7,6,7]"
shape_90435685d4dcb338edb3,"[4,7,4,4,7,4,7,6,7,6,6,6,6,4,4,4,5,7,4,4,4,4,4,6,4,6,6,4,6,4,6,7,6,6,4,5,4,6,5,4,7,7,4,5,4,6,6,7,6,4,5,6,4,4,6,6,4,4,7,4,5,7,4,7,6,6,4,4,7,7,4,6,5,4,5,6,5,6,6,4,5,6,6,4,6,4,6,6,4,6,5,4,6,7,4,4,4,5,4,7,4,7,7,6,7,4,6,6,4,6,7,7,6,6,4,4,6,4,6,5,7,4,6,5,4,4,7,6,6,4,6,4,4,4,7,7,6,6,7,4,6,6,4,6,6,7,4,6,4,6,4,4,4,4,7,5,7,4,6,7,6,5,4,6,7,7,7,4,6,6,4,4,6,6,4,4,4,6,6,7,6,7,5,4,6,6,7,4,7,6,4,4,6,5,4,7,7,6,4,4,7,4,5,4,6,4,7,6,6,4,7,7,6,4,4,4,5,5,6,7,4,5,6,5,7,5,5,4,7,4,4,4,6,6,7,4,5,7,6,4,4,5,6,6,7,7,4,4,6,6,7,7,6,7,4,6,6,6,5,4,7,7,6,6,7,5,6,6,6,7,7,7,6,6,6,6,7,5,4,4,6,6,6,4,6,4,6,4,4,7,5,7,6,4,6,7,7,4,7,4,4,7,6,7,6,7,4,5,6,4,7,6,7,7,6,6,6,4,4,6,7,6,6,4,4,5,6,4,4,4,6,6,6,7,7,6,7,6,4,6,6,4,7,4,4,7,5,6,4,7,6,4,6,6,4,6,4,6,7,7,5,6,6,4,4,7,4,7,6,7,4,5,6,4,7,7,6,6,4,6,6,7,5,6,7,7,5,7,4,7,6,7,6,7,7,6,4,5,4,6,7,7,6,6,6,6,7,4,7,6,7,6,7,5,7,6,6,4,7,7,6,6,7,6,6,5,7,6,7,6,7,4,4,5,7,7,6,4,7,7,4,6,6,7,4,6,4,7,4,6,4,5,6,4,5,6,7,6,4,4,4,5,4,6,6,6,7,6,4,7,6,5,7,4,4,4,6,6,4,4,5,7,4,6,6,6,0,6,6,6,4,7,5,7,6,6,6,5,6,4,4,4,4,7,5,6,6,5,4,4,7,6,4,4,4,6,4,4,4,4,4,5,4,4,4,7,4,5,4,6,4,6,6,7,6,4,4,6,4,7,7,4,6,6,4,6,4,6,7,5,6,6,5,6,6,4,4,7,7,7,4,6,7,6,6,7,5,4,5,7,4,4,6,4,7,5,4,6,5,4,6,7,6,4,6,4,4,4,4,6,4,4,4,7,5,4,7,7,7,5,7,4,5,4,4,6,4,7,4,4,5,4,4,7,6,6,4,4,6,6,4,6,7,6,6,6,4,4,6,4,4,6,4,4,4,7,6,4,6,7,4,6,7,6,4,4,4,7,4,4,4,7,6,6,6,6,5,4,4,5,6,6,7,5,6,4,4,4,6,4,7,6,6,4,7,6,4,4,6,4,4,6,4,7,7,7,6,7,4,6,7,4,5,6,6,7,7,6,5,4,6,4,4,4,6,4,4,7,4,4,7,4,4,6,6,6,4,7,4,4,6,4,6,6,7,5,7,7,5,6,4,5,6,6,4,6,6,7,7,6,6,6,4,6,7,6,6,6,7,4,6,6,7,4,4,4,5,6,4,6,6,7,6,4,4,6,6,7,6,5,5,4,4,6,7,5,6,7,4,7,4,4,4,7,4,7,5,4,4,4,6,7,6,4,4,7,4,4,7,6,4,4,4,6,6,4,6,5,4,6,4,5,4,4,4,4,6,6,4,4,6,4,6,4,7,5,4,4,6,6,4,7,6,7,7,6,4,6,6,5,4,4,7,6,7,4,6,6,4,4,6,5,4,4,6,4,6,4,7,7,7,5,7,7,7,5,6,4,6,7,6,4,4,4,4,7,4,4,7,6,6,6,4,7,6,4,4,4,4,7,6,4,4,4,4,4,6,7,6,6,4,6,6,6,6,7,4,6,4,4,7,5,4,4,6,6,6,6,6,6,4,4,6,7,6,4,4,5,6,6,4,4,6,6,6,6,6,7,4,7,6,7,4,4,5,4,4,6,4,4,7,6,4,6,6,4,4,4,7,4,7,4,7,6,6,5,4,5,5,4,7,6,4,5,4,7,4,7,6,6,7,7,6,5,6,7,4,7,7,6,7,7,6,7,7,4,6,7,6,7,7,4,6,7,6,6,4,6,6,4,7,4,6,6,6,6,4,4,6,6,7,7,6,7]"
shape_4c116166385b3f6983d2,"[6,6,6,6,6,4,6,6,6,6,6,6,6,6,6,6,6,7,6,6,6,6,6,4,6,6,6,6,6,6,4,6,7,7,6,6,4,7,6,6,7,6,6,6,6,6,6,6,4,6,7,6,7,7,6,6,7,4,6,6,6,7,6,7,7,7,7,4,6,6,6,6,7,6,6,6,5,4,4,7,7,6,4,7,6,4,6,4,7,7,4,6,4,4,4,4,6,6,4,6,6,4,6,7,7,7,6,7,5,6,6,6,6,6,6,5,6,6,6,6,7,6,6,6,4,4,6,7,6,6,7,7,4,6,6,7,7,6,6,6,7,6,6,6,6,7,7,4,6,7,6,6,6,6,6,6,4,7,6,6,6,6,6,7,7,6,7,4,6,6,7,6,6,7,6,6,4,6,6,7,6,6,6,7,6,7,6,6,6,6,7,6,4,7,6,6,4,6,6,6,6,5,6,6,6,6,6,7,6,6,6,6,6,4,6,6,6,6,4,6,6,6,7,7,6,7,6,6,6,6,6,6,4,6,7,4,6,7,6,7,6,6,7,4,6,6,6,6,7,6,6,4,6,6,7,6,6,6,6,5,6,7,4,6,6,6,6,6,7,5,7,6,6,7,7,6,6,4,6,6,7,6,6,6,6,6,7,6,6,4,6,4,7,6,7,6,7,6,6,6,4,6,7,6,6,7,6,6,7,6,7,6,6,4,7,6,7,6,6,6,6,6,6,6,4,7,6,6,6,6,7,6,7,6,6,7,6,6,4,6,4,6,5,6,6,7,6,6,6,6,4,6,6,4,4,6,6,7,5,6,4,6,7,5,7,7,6,7,6,6,6,6,6,4,6,6,6,7,7,7,7,6,6,6,6,6,7,6,6,6,6,6,6,7,7,7,4,4,4,4,6,6,6,6,4,7,6,7,5,6,6,4,6,7,7,4,7,7,4,6,7,6,4,4,7,6,6,7,6,4,6,6,6,6,6,4,7,6,6,6,6,6,6,5,4,6,7,6,6,4,4,6,7,7,6,6,7,6,4,4,6,6,7,6,6,6,6,6,6,6,6,6,7,6,6,4,7,6,4,7,6,6,6,6,6,6,6,6,6,6,6,6,7,6,6,7,6,6,4,4,7,7,7,7,7,7,6,4,7,6,6,6,6,6,6,6,6,6,7,6,7,6,4,6,7,6,6,5,6,7,6,6,7,6,6,6,7,6,7,6,6,5,6,6,4,7,6,4,6,6,7,6,6,6,6,6,6,6,6,6,6,6,6,4,6,6,7,6,6,6,6,4,4,6,6,5,7,6,6,6,4,6,6,5,6,6,4,6,6,6,6,6,6,6,7,7,6,6,6,7,6,7,7,7,6,6,6,6,4,6,6,6,4,6,4,7,7,6,6,6,6,7,6,6,4,6,6,6,6,7,6,6,6,6,6,7,6,6,4,6,6,7,4,6,6,4,7,6,6,6,6,7,6,7,4,7,7,7,6,7,6,6,6,6,7,7,7,6,6,7,6,6,6,6,6,6,6,6,6,6,6,6,6,4,6,6,6,6,6,7,7,4,4,6,6,6,6,6,6,6,6,6,6,7,6,6,6,7,6,6,6,4,6,7,4,4,7,6,7,6,6,6,6,6,5,7,6,6,7,4,6,7,6,7,6,4,6,6,7,7,6,7,6,6,6,6,6,7,6,7,6,6,6,7,6,6,7,7,4,6,5,6,6,6,7,7,6,6,4,7,6,4,4,6,6,6,7,6,6,6,6,7,6,6,4,6,7,7,7,4,7,6,6,7,4,7,6,7,6,4,6,7,7,4,6,6,6,6,6,6,6,6,6,7,6,6,6,6,4,6,6,6,6,4,4,6,6,6,4,6,6,6,7,7,6,6,4,6,7,6,6,6,7,6,4,6,4,6,7,6,6,6,6,6,6,6,6,6,7,6,6,6,4,7,4,6,6,6,7,6,6,6,6,6,6,6,4,6,7,6,6,6,6,6,4,6,7,6,5,6,6,6,6,6,6,6,6,6,4,6,7,7,6,6,6,6,6,6,6,5,4,7,6,6,6,6,6,6,6,6,7,6,6,6,7,6,6,6,7,6,6,7,7,4,7,6,4,4,6,6,7,6,6,6,6,6,6,6,6,6,4,6,6,6,7,6,6,6,6,6,6,7,6,7,6,7,6,6,4,6,6,6,7,6,6,7,7,6,7,7,7,6,6,6,6,7,6,6,4,6,6,6,6,7,6,6,6,6,6,7,4,6,4,6,6,6,5,6,7,6,6,7,6,7,7,6,6,6,7,7,7,4,6,6]"
shape_37d684d5fc127b2dd2df,"[6,6,7,6,6,6,6,7,6,6,6,6,6,6,6,6,7,6,6,6,7,6,6,6,7,6,6,6,7,7,6,7,6,6,6,6,6,6,6,7,6,7,6,6,7,6,6,6,6,6,6,6,6,6,7,6,7,6,7,6,6,6,6,7,6,6,6,6,6,6,7,6,6,6,6,6,6,6,7,7,6,6,6,6,7,7,6,6,7,6,7,7,7,7,6,7,6,6,6,6,6,6,6,6,6,6,6,6,6,6,6,6,6,6,7,6,6,7,6,7,7,6,6,6,7,6,7,6,6,6,6,6,6,6,6,6,6,6,6,6,6,6,6,6,6,7,7,6,6,7,6,6,6,6,6,6,6,6,6,6,7,6,6,6,7,6,6,6,6,7,6,6,7,7,6,6,7,6,6,6,6,6,6,6,7,6,6,6,7,7,6,6,6,6,7,6,6,6,7,6,7,6,6,6,6,6,6,6,6,7,7,6,6,6,6,6,6,6,7,6,6,6,7,6,7,6,6,7,6,6,7,7,7,6,6,7,6,6,6,6,6,7,6,6,6,6,7,6,6,6,6,6,6,6,6,7,6,6,7,6,6,6,6,6,6,6,6,6,6,6,6,6,6,6,6,6,7,7,6,6,6,6,6,7,7,6,7,6,6,7,6,6,6,6,6,7,6,6,6,6,6,6,6,6,6,7,6,6,6,6,6,6,6,6,7,6,6,7,7,6,6,6,6,7,6,6,6,6,6,6,6,6,7,6,6,7,7,6,7,6,7,6,7,6,6,6,7,6,6,6,6,6,7,6,7,6,6,7,6,6,7,6,6,7,6,7,7,7,6,6,7,6,6,6,7,6,6,6,6,6,7,6,6,6,7,6,6,6,6,6,6,6,6,6,6,6,6,6,6,6,7,6,6,6,6,7,7,6,6,6,6,6,6,6,6,6,6,7,7,6,6,6,7,7,6,7,6,7,7,7,6,7,6,6,6,6,6,6,6,6,6,6,7,7,7,6,6,6,6,6,7,6,7,6,6,6,7,7,6,6,6,6,6,6,6,6,6,6,7,6,6,6,7,6,7,6,6,6,6,6,7,6,6,6,6,6,6,7,7,6,6,6,6,6,6,6,6,7,6,6,7,6,7,6,6,7,6,6,6,6,6,6,6,7,6,6,6,6,7,7,7,6,6,6,7,6,6,6,6,6,6,6,6,6,6,6,7,6,6,6,7,6,7,6,7,6,6,6,6,6,7,6,6,7,6,6,6,6,7,7,6,6,6,6,7,7,6,6,6,7,6,6,6,6,6,6,6,6,6,7,6,6,6,6,6,6,6,7,7,7,7,6,6,6,7,6,6,7,6,7,7,6,6,6,6,6,6,6,7,6,6,6,7,7,6,6,6,6,7,6,7,6,7,6,6,7,6,6,6,6,7,7,6,7,6,6,6,6,6,6,7,6,7,6,6,6,7,6,6,6,6,6,7,7,6,6,6,6,6,6,6,7,6,6,6,6,6,7,6,6,6,6,6,7,6,6,6,6,6,6,6,6,7,7,7,6,6,6,6,6,6,6,6,7,6,6,6,7,6,6,6,6,7,6,7,6,6,6,6,7,6,6,6,7,7,7,7,6,6,6,6,6,7,6,6,7,6,6,6,6,6,7,7,7,6,6,6,6,6,7,6,7,6,6,6,7,6,6,6,7,6,6,6,6,6,7,6,7,6,6,6,7,6,7,6,7,6,7,7,6,6,6,6,6,7,7,6,6,7,6,6,6,6,6,6,6,7,6,6,6,6,7,6,6,6,6,6,6,6,6,7,7,6,6,6,7,6,6,6,6,6,6,6,7,6,6,6,6,7,7,6,7,6,6,6,6,6,6,6,7,6,7,7,6,6,6,6,6,6,6,6,6,6,6,6,6,6,6,6,7,6,7,7,6,6,6,6,7,7,6,7,6,7,6,6,6,6,6,7,7,6,6,6,7,7,7,7,7,6,7,7,6,6,6,6,6,6,7,7,6,6,6,6,6,6,6,7,6,6,6,7,7,6,7,6,6,6,6,6,6,6,7,6,7,7,6,6,7,6,7,6,6,7,6,6,6,7,6,6,6,7,7,6,7,6,6,7,6,6,7,6,6,7,6,6,6,7,6,6,6,6,7,7,6,7,6,6,6,6,6,6,6,6,6,6,6,6,6,7,6,7,6,6,7,6,6,6,7,6,6,6,6,7,6,6,7,7,6,6,6,7,6,7,7,7,7,6,6,6,7,6,6,6,7,6,6,6,6,6,7,7,7,6,6,6,6,7,6,6,6,6,6,7,7]"
shape_dcb42cf739c5f6fdfa0d,"[5,5,5,7,5,5,5,4,5,5,5,5,5,5,4,5,5,5,5,6,4,4,6,5,5,5,5,5,5,5,6,5,5,5,5,5,5,4,4,5,6,4,5,6,5,6,5,5,5,4,6,5,5,5,4,5,5,4,5,5,5,5,5,5,5,6,5,5,5,5,4,6,5,5,5,6,5,5,5,4,5,6,6,4,5,5,5,5,4,5,5,6,6,6,5,4,5,5,6,4,6,4,5,5,4,5,5,6,5,5,5,5,5,5,5,5,6,6,5,7,5,5,5,1,6,6,4,5,5,5,5,5,4,5,4,5,6,6,4,5,5,6,4,5,5,5,4,5,6,6,5,4,6,5,5,5,5,5,6,5,5,5,5,4,6,4,5,5,5,6,4,5,6,5,5,5,5,6,5,5,5,5,4,4,5,5,6,5,6,4,5,6,7,5,5,5,5,5,5,5,6,5,6,4,5,5,5,6,5,6,6,6,5,5,4,5,4,5,5,5,7,6,4,5,5,5,5,5,6,6,5,4,5,4,5,5,5,6,4,6,6,5,5,5,5,4,5,5,5,5,5,5,5,5,5,5,5,5,5,6,5,5,5,5,5,5,5,5,5,5,5,5,5,5,5,5,5,5,4,5,6,5,5,4,5,5,5,5,5,5,5,5,7,4,5,0,5,5,7,5,6,5,1,5,5,4,5,5,5,6,4,5,5,5,5,5,7,5,4,6,5,6,5,5,5,7,4,5,5,5,5,5,4,5,5,5,5,5,5,5,5,6,5,5,5,5,5,5,5,5,5,4,5,1,4,5,4,5,5,6,4,6,5,5,4,6,5,5,5,4,5,5,5,4,5,7,5,6,5,6,5,5,4,5,6,4,5,5,5,5,6,6,5,4,5,5,5,4,5,5,5,4,4,5,5,7,5,5,6,5,4,5,6,1,5,5,5,4,5,4,5,4,5,5,5,5,4,5,4,4,5,5,6,6,6,5,5,4,5,5,6,5,5,5,5,6,5,6,6,5,4,5,5,5,4,5,7,5,6,5,5,5,5,6,5,5,5,4,6,5,5,4,5,5,6,5,5,6,5,5,4,6,5,6,6,6,5,5,5,7,4,5,4,5,4,6,5,5,6,5,4,7,5,5,6,4,5,4,5,5,5,5,5,5,6,5,5,5,4,4,5,1,6,5,5,5,5,6,6,4,5,6,5,6,5,5,4,5,6,5,4,4,6,5,1,5,5,5,5,5,6,5,5,5,5,5,4,7,5,5,5,5,5,5,6,5,4,5,5,4,5,4,5,7,4,6,6,5,5,5,5,5,5,6,6,5,5,6,5,5,5,6,5,5,4,5,5,5,5,4,4,4,5,4,5,5,7,5,5,4,5,5,5,5,4,5,4,5,4,5,4,5,1,5,4,5,6,5,5,5,5,5,5,5,5,5,4,5,5,5,5,5,5,4,5,1,4,5,5,7,4,5,5,6,6,5,5,6,5,3,5,4,5,5,5,6,5,6,6,6,7,5,4,5,5,5,5,5,5,6,5,5,7,7,5,5,5,5,5,5,4,5,5,5,5,5,5,7,7,4,5,5,5,5,4,5,5,5,5,5,1,5,5,7,5,4,4,4,5,5,5,5,5,6,6,4,5,5,5,5,5,5,5,6,7,6,5,4,5,5,5,5,5,5,6,5,5,5,5,4,6,5,5,7,5,5,5,6,5,4,5,5,5,5,5,5,5,5,1,5,5,5,5,6,4,5,5,4,5,5,5,5,5,5,7,5,5,5,6,4,6,4,4,5,5,5,6,5,5,4,5,6,5,5,5,7,7,4,5,5,4,4,5,5,4,5,4,5,5,5,5,5,4,1,6,5,5,6,6,5,6,6,5,5,5,5,5,4,4,5,5,5,7,4,5,6,5,5,5,5,5,7,4,5,5,5,5,4,6,5,6,5,5,5,6,4,5,6,4,4,5,5,5,5,6,5,4,5,7,5,5,5,5,5,5,4,5,6,5,4,5,5,5,1,5,6,5,6,6,6,1,5,5,7,5,5,6,5,5,4,4,4,4,5,5,5,5,5,4,5,5,5,5,5,4,5,5,5,5,5,5,4,5,5,5,5,5,5,5,5,5,5,5,6,1,4,5,7,5,5,6,5,5,5,5,1,4,5,5,5,6,5,5,5,5,5,5,5,7,5,5,5,5,5,5,5,5,6,5,5,5,5,5,5,5,5,4,4,5,5,5,5,5,5,5,5,5,5,5,5,5,5,5,5,4,5,5,6,5,6,5,5,7,5,5,5,5,5,6,5,5,4,4,5]"
shape_1a854b1892be4d1a341d,"[6,6,6,5,5,4,6,5,6,5,4,6,6,5,5,5,4,5,6,5,4,6,6,5,5,6,6,6,6,6,6,5,6,6,5,4,6,5,6,6,5,5,6,6,5,4,4,2,6,6,6,7,6,6,6,5,2,6,5,4,5,5,6,5,6,6,6,5,4,6,4,6,5,5,6,6,6,4,6,6,5,5,5,5,7,6,5,6,6,6,7,6,6,5,5,4,4,2,5,4,2,5,6,6,6,6,6,6,6,6,6,5,5,6,6,4,5,6,5,4,6,5,6,4,5,6,5,6,6,4,2,6,4,5,6,6,4,6,6,4,5,4,5,6,6,6,5,5,4,6,5,6,6,6,6,6,5,4,6,4,5,5,5,7,6,2,6,5,4,4,4,6,6,6,6,6,6,5,5,6,6,6,5,6,5,4,6,6,4,5,5,5,6,5,6,6,6,5,6,6,6,4,5,6,4,2,6,6,4,5,4,6,5,5,6,6,5,6,6,4,5,5,4,6,5,5,6,4,5,6,6,6,5,5,4,6,5,5,5,6,5,6,5,5,5,6,6,5,6,5,5,6,5,5,6,4,6,4,5,7,7,6,6,5,5,6,6,6,6,6,6,6,4,5,4,5,5,6,5,5,6,4,6,4,5,4,5,6,4,5,6,4,5,5,5,5,4,6,5,4,6,5,6,5,6,4,6,6,4,5,4,5,5,5,7,5,5,5,5,6,5,4,6,6,5,5,5,5,6,6,2,6,5,5,6,6,6,4,6,6,6,6,5,5,7,5,5,6,4,6,6,6,5,6,6,5,7,6,5,5,6,6,5,6,5,5,4,6,5,6,6,3,5,4,5,6,4,6,5,5,6,6,6,5,6,5,6,3,6,6,6,5,7,7,4,4,6,6,4,5,6,5,4,6,5,7,5,6,6,4,6,7,5,5,5,5,6,5,4,6,6,6,5,6,5,5,7,5,6,5,4,4,6,4,6,4,6,6,5,6,5,5,4,6,6,4,6,6,6,6,6,6,6,4,5,6,6,4,4,6,6,6,5,5,6,6,6,5,4,4,5,5,4,5,5,5,4,5,6,4,6,6,5,6,5,6,5,6,5,6,5,5,5,5,6,6,6,6,6,5,5,5,5,6,6,6,5,6,5,6,6,5,4,6,5,6,6,6,7,6,7,6,6,7,6,5,6,6,6,5,4,6,6,6,5,4,5,7,6,6,5,6,6,5,4,6,6,4,4,5,6,6,6,5,4,4,5,5,5,5,5,5,6,6,6,6,5,5,6,4,6,7,6,4,6,6,5,4,5,5,6,4,6,6,4,6,5,6,5,4,6,6,2,6,3,6,5,5,4,6,4,6,6,6,5,5,6,5,6,4,6,6,6,5,5,6,6,5,5,5,5,6,5,4,5,4,5,6,5,6,5,6,5,6,5,5,6,4,6,6,6,6,6,6,6,5,6,6,5,5,5,3,5,6,4,6,6,6,4,5,6,5,4,6,6,5,6,6,5,6,5,2,6,5,5,6,6,6,6,4,6,6,5,5,6,4,6,5,6,7,5,6,6,6,7,6,5,5,4,6,6,4,6,6,6,5,5,5,4,5,5,6,5,6,6,5,5,5,5,6,5,6,5,5,5,6,6,6,4,6,5,4,6,6,5,4,7,6,6,6,5,6,6,6,5,5,6,6,5,5,6,4,5,6,6,5,6,4,6,6,6,6,5,6,5,5,6,6,5,6,6,5,6,4,6,4,4,6,4,5,5,5,5,6,6,5,6,7,5,5,6,5,6,7,6,6,6,6,5,5,6,5,5,4,5,2,5,6,6,5,6,6,5,5,6,6,6,6,5,4,5,4,6,5,5,6,6,6,6,6,6,6,4,4,4,7,5,5,6,5,5,5,6,6,6,6,5,7,2,6,5,6,6,5,5,6,5,6,5,4,6,5,6,4,6,7,5,4,5,5,4,6,6,3,6,6,5,6,6,6,5,6,6,5,6,5,5,7,2,6,4,5,5,6,5,6,6,5,4,5,5,6,5,2,5,5,7,5,5,6,5,6,6,4,6,5,5,6,6,5,6,6,5,4,6,5,5,4,6,5,6,4,6,6,4,6,6,6,5,4,6,5,7,5,6,5,4,5,4,6,5,6,5,6,5,5,6,4,6,5,7,6,5,5,7,4,3,6,6,5,6,5,6,6,7,5,4,4,5,6,5,4,6,2,5,3,6,5,5,4,6,6,5,6,6,6,5,5,6,4,6,5,7,5,6,6,6,6,6,6,6,6,4,4,4,5,6,6,5,4,4,6,5,6]"
shape_5cdae13af395a8165444,"[4,5,6,4,6,4,6,4,4,5,6,4,6,4,6,6,4,6,4,4,4,4,4,6,6,6,6,4,6,6,4,5,6,4,5,5,4,6,6,4,4,6,4,4,4,6,5,6,4,4,5,4,6,6,4,4,6,6,6,4,6,4,5,5,5,4,5,6,6,4,6,4,5,4,4,4,4,6,6,4,4,6,6,5,4,6,4,4,6,4,6,4,6,4,4,6,4,6,4,4,4,4,5,4,6,6,5,4,6,5,4,4,6,4,4,4,4,4,6,4,4,4,4,5,5,4,5,6,6,4,5,6,4,4,5,4,6,4,4,5,5,4,5,4,4,5,4,6,5,6,6,6,4,6,4,4,6,5,4,4,4,4,5,4,5,4,5,5,4,4,4,4,5,4,5,6,6,4,4,4,5,4,6,4,4,6,4,5,4,4,4,5,4,4,6,6,5,4,6,5,5,4,5,5,4,6,4,6,4,6,4,7,6,4,5,6,4,4,6,6,6,5,4,5,5,5,4,5,4,4,4,5,4,6,6,4,4,6,5,4,6,4,4,6,4,5,4,4,6,4,4,4,5,4,5,6,5,4,4,4,4,5,5,4,4,5,4,4,4,6,6,4,4,4,4,6,4,5,5,4,4,4,4,4,4,6,6,4,4,6,5,6,6,4,5,5,4,4,5,6,6,5,4,6,4,4,4,5,4,5,4,6,6,4,4,4,4,4,6,4,6,4,6,6,5,4,5,5,4,5,4,6,4,4,4,6,6,4,6,4,6,5,4,4,4,5,4,4,5,6,4,4,6,6,4,6,5,4,6,5,4,4,5,6,6,4,6,6,4,5,4,4,4,4,4,6,5,5,6,4,6,4,5,4,4,4,5,4,4,4,4,6,5,6,6,6,5,4,6,5,4,4,6,6,5,4,4,4,4,4,6,4,4,4,4,5,7,6,6,4,6,4,4,4,4,5,4,5,4,4,4,4,4,4,6,4,5,4,5,6,5,6,4,4,5,4,4,4,6,6,4,4,4,4,4,6,5,6,4,6,6,6,4,5,4,5,4,4,5,4,5,6,4,4,5,4,6,6,5,4,4,6,4,6,4,6,5,4,4,4,6,5,6,5,4,5,5,4,4,5,6,5,4,4,6,6,4,4,6,5,4,4,6,5,5,4,5,5,4,4,4,5,5,4,6,6,4,5,5,6,4,5,5,6,6,4,4,6,4,4,4,6,6,6,4,6,5,6,5,6,6,6,6,5,6,4,6,5,4,4,4,6,6,5,6,5,4,4,6,4,6,4,4,5,4,5,4,6,4,4,4,6,6,4,4,4,6,4,4,5,4,4,4,4,4,6,4,4,5,6,5,5,4,5,4,6,6,6,6,6,6,6,4,5,4,4,4,6,6,6,5,4,6,4,5,4,6,6,4,4,6,6,6,6,6,4,4,4,4,6,6,4,5,6,4,4,5,4,4,6,5,6,5,6,6,6,6,6,4,4,4,4,5,4,6,6,4,6,6,6,4,6,4,4,4,6,4,4,5,6,4,4,5,6,5,4,5,5,5,4,6,5,4,5,4,6,5,4,4,5,5,5,4,5,6,6,5,6,4,4,4,4,4,4,6,4,4,6,6,6,6,4,4,5,4,5,4,4,4,5,4,4,5,4,6,5,6,4,4,5,5,4,5,4,4,4,4,4,4,6,6,5,6,6,4,4,4,4,5,4,4,4,4,6,4,4,6,6,7,6,6,5,4,4,4,6,6,4,4,5,6,5,5,4,6,6,6,5,6,6,4,4,5,6,7,4,5,4,6,6,6,5,4,4,4,5,6,4,4,4,6,4,6,4,6,6,4,4,4,5,5,5,6,5,5,6,4,4,5,5,4,5,6,4,4,4,6,5,4,6,4,4,4,6,6,6,4,4,4,4,6,4,4,5,4,4,5,6,4,4,5,4,4,5,4,4,4,5,4,4,6,6,4,4,6,6,4,4,4,6,5,4,5,6,6,4,4,4,4,6,4,4,5,6,5,4,4,4,4,5,4,4,5,6,6,5,4,6,4,4,5,4,5,6,4,4,6,5,4,4,5,4,4,6,6,4,4,4,4,5,4,5,4,6,5,4,6,4,4,4,4,4,6,4,4,4,4,0,4,6,4,4,5,6,6,4,4,5,6,6,6,6,4,7,4,4,6,6,5,4,4,6,4,6,4,5,6,4,6,5,4,4,4,4,4,4,4,5,5,5,6,6,4,4,4,4,6,4,5,5,4,6,6,6,5,6,5,4,5,4,4,5,6,4,5,5,6,6,6,6,4,6,4,4]"
shape_7e1773702ee85a50576f,"[4,5,4,4,5,5,4,0,4,4,6,4,0,5,6,4,4,4,4,4,5,6,4,5,4,4,6,4,4,6,5,4,6,6,4,4,4,4,4,6,6,4,6,4,6,6,4,4,4,4,4,4,4,6,4,4,4,4,5,6,4,4,5,4,4,5,4,5,4,6,6,4,4,4,4,4,4,4,5,4,6,5,4,4,4,4,6,6,4,4,5,4,5,4,4,4,6,6,5,4,6,5,4,4,6,6,4,4,5,4,5,6,4,4,5,4,4,4,4,6,5,4,4,0,4,4,6,6,6,4,6,4,5,4,6,6,4,6,6,6,5,5,6,6,4,4,5,4,4,6,5,6,5,4,5,4,4,4,5,4,4,5,4,4,4,4,4,6,4,4,5,5,6,5,4,6,4,4,5,4,4,4,4,6,6,4,6,4,4,4,4,6,5,4,4,4,4,4,6,4,6,5,4,6,4,4,4,5,4,4,6,4,5,4,6,4,4,4,6,6,6,4,6,4,4,4,5,4,4,5,4,4,4,4,5,4,5,4,4,4,4,5,4,6,5,4,6,4,5,5,4,5,4,5,4,4,6,4,4,5,4,4,4,4,4,4,5,6,5,4,5,6,4,4,6,4,4,6,6,5,4,4,4,4,4,6,4,4,4,5,5,5,6,5,6,4,6,4,6,4,4,6,4,4,5,5,2,4,4,6,4,4,4,5,4,4,5,4,4,6,4,6,4,6,4,4,6,4,4,4,5,5,6,6,6,5,6,4,4,4,4,4,4,4,6,4,4,4,4,4,4,4,4,6,4,5,4,6,6,6,4,4,6,4,6,5,4,6,5,4,6,6,4,5,4,4,4,4,4,4,0,5,4,6,4,6,6,4,5,4,4,4,6,4,6,4,4,5,4,5,4,4,4,4,4,5,4,4,4,6,4,4,4,4,4,5,4,4,4,5,6,4,4,4,4,6,4,4,6,5,4,4,4,5,4,4,4,4,4,4,6,4,5,4,4,6,5,5,4,5,4,4,4,6,6,5,4,4,4,6,4,4,4,4,4,4,5,6,4,5,5,5,6,6,4,4,6,4,5,4,6,4,4,4,4,5,4,4,4,4,4,4,4,4,4,4,6,4,4,4,4,4,4,6,4,6,4,4,6,4,4,4,5,6,4,5,5,4,4,4,4,4,4,4,4,4,5,4,4,4,6,6,4,5,4,6,4,4,6,4,4,4,6,5,6,6,6,4,5,5,6,5,4,4,4,4,4,4,5,6,4,5,4,6,4,4,6,4,4,4,6,4,4,4,4,4,5,4,4,6,6,5,4,4,4,4,4,4,6,4,4,6,6,4,6,4,4,5,6,4,4,5,4,0,4,5,4,4,4,4,6,6,5,4,5,5,4,0,5,6,4,6,4,6,6,4,4,6,4,6,5,6,4,4,6,4,5,4,4,4,6,5,4,4,6,4,5,6,4,4,4,4,4,6,6,4,4,6,4,6,5,4,4,6,6,4,5,6,6,6,6,4,4,5,4,4,4,6,4,2,4,4,4,4,6,4,5,5,4,4,6,4,4,4,4,4,4,6,6,4,5,4,4,4,4,6,4,4,4,5,4,4,4,4,4,5,4,4,4,6,4,4,6,4,4,4,4,4,4,2,4,6,5,4,4,5,6,4,4,4,6,5,4,6,5,4,4,4,6,6,4,4,5,4,6,6,4,4,4,4,5,4,4,4,4,4,6,6,4,4,4,4,4,4,6,4,4,6,5,4,5,4,5,4,6,6,4,4,4,4,4,6,6,4,6,4,4,4,6,5,4,4,6,4,5,6,4,4,4,6,4,4,4,5,4,4,6,5,6,4,4,4,6,6,4,4,4,4,6,4,4,6,4,4,4,4,4,6,6,6,6,4,5,5,4,5,4,4,6,4,4,4,5,4,4,6,4,5,4,4,4,4,4,4,4,4,4,4,4,4,5,5,5,4,5,4,4,4,5,4,4,4,4,4,4,4,4,4,4,4,5,6,4,5,4,5,6,4,5,4,4,4,6,4,6,4,5,5,5,4,5,4,6,4,4,4,5,4,4,4,4,5,5,4,4,4,4,4,4,5,4,4,5,4,4,4,4,5,6,5,5,6,4,5,4,6,6,4,4,4,6,6,4,4,4,4,6,4,4,4,5,4,4,4,4,6,6,4,4,4,4,4,6,6,4,4,4,4,4,4,6,4,4,5,4,4,5,4,5,4,5,4,6,4,4,5,4,5,4,6,5,6,6,4,6,6,4,4,4,4,5,4,5,5,4,4,4,4,4,4,4,6,6,4]"
shape_0377ec69cd1ec726bd9b,"[5,5,6,0,1,5,6,5,5,0,5,6,5,5,5,6,5,5,5,5,5,5,5,5,5,6,5,5,5,5,5,5,5,7,5,7,5,5,5,5,5,6,5,5,6,5,5,5,5,5,5,5,0,5,5,5,5,5,5,5,1,5,5,5,5,5,5,6,5,5,5,1,5,7,5,6,5,5,5,5,5,5,5,6,5,5,5,5,5,5,5,5,5,1,0,6,5,5,7,5,6,5,5,5,6,5,5,5,5,5,6,5,5,5,5,7,5,5,7,0,7,5,5,5,5,0,5,0,6,5,0,5,5,5,5,5,5,5,5,5,5,5,5,5,5,5,5,5,5,5,5,5,0,6,5,5,5,5,5,5,6,5,1,5,5,6,0,7,5,5,7,5,5,5,5,5,5,5,5,6,7,5,5,0,5,5,5,5,6,5,0,5,5,0,5,5,5,5,5,5,5,5,5,5,5,6,6,5,6,5,7,7,6,5,5,6,5,5,5,5,5,5,6,0,0,0,5,5,5,5,5,7,5,5,1,5,5,5,5,5,5,0,5,5,5,0,5,5,5,5,5,6,5,7,5,5,5,5,5,5,6,5,6,6,5,5,6,5,5,5,5,5,5,5,5,5,5,0,5,5,5,5,5,5,5,5,5,6,5,5,5,5,5,6,7,5,5,5,5,5,5,5,5,5,5,5,6,5,5,6,5,5,5,5,1,5,5,5,5,6,5,6,5,5,5,5,5,0,5,5,5,5,5,5,5,5,5,5,5,5,5,7,5,5,5,5,5,5,5,5,5,5,5,5,5,0,5,0,5,5,5,5,0,5,7,6,5,5,5,0,5,0,5,5,5,0,5,5,5,5,5,6,5,5,5,5,5,7,5,0,5,5,5,6,1,5,0,0,5,5,5,5,5,5,5,5,6,5,6,5,5,5,5,5,0,5,5,5,5,5,5,5,5,6,6,5,5,0,6,5,5,5,5,5,5,5,5,5,5,5,5,5,5,5,5,5,5,5,5,5,5,5,0,5,5,0,6,6,5,7,6,1,5,0,5,6,5,5,5,5,5,5,0,5,5,0,5,5,5,6,0,5,5,5,5,5,6,5,5,5,5,5,5,6,5,5,6,5,7,5,5,5,5,5,5,0,5,0,5,5,5,5,1,0,5,5,5,6,0,0,5,0,5,5,0,5,6,6,5,0,6,0,6,5,5,5,5,5,5,5,5,5,5,5,5,5,5,5,5,0,6,5,5,5,5,7,5,5,6,6,5,5,5,5,5,6,5,5,4,0,5,5,0,5,5,5,6,6,0,0,5,6,5,5,5,5,5,5,5,5,0,5,5,5,5,5,5,5,0,5,0,5,5,5,5,6,5,7,5,6,5,6,0,5,5,0,5,5,5,5,6,0,5,5,5,0,5,5,5,5,5,0,5,5,5,7,5,5,5,5,5,5,5,5,5,5,5,5,5,5,5,5,5,5,6,5,5,1,5,0,1,5,5,5,0,5,5,5,5,5,5,6,5,5,5,5,7,5,5,6,5,5,5,6,5,5,5,5,6,6,0,5,5,5,5,5,5,5,1,0,0,5,5,5,5,5,5,5,5,5,5,7,6,5,5,5,5,5,0,0,5,5,1,6,5,5,5,5,1,6,5,5,5,5,5,5,5,6,5,5,5,6,6,5,0,5,5,5,5,5,5,5,5,5,5,7,5,5,5,0,5,5,5,5,5,5,5,5,5,1,5,6,0,5,5,0,5,5,5,5,5,5,5,5,7,5,5,6,5,5,5,7,0,5,0,6,5,5,5,5,7,6,5,5,6,5,5,5,0,5,6,5,5,6,5,5,5,5,5,5,5,5,5,6,5,5,5,5,5,5,6,5,5,5,5,5,5,5,5,5,5,5,5,5,6,5,6,5,5,5,5,5,5,5,5,7,7,5,0,7,5,5,5,6,5,5,5,5,5,5,6,5,5,5,6,5,5,5,1,0,5,0,5,5,5,5,6,7,5,5,5,5,0,6,5,0,5,5,5,0,5,5,0,5,5,5,6,5,5,5,5,5,5,5,5,5,0,5,5,0,6,0,6,7,5,5,5,6,5,6,6,5,5,5,5,1,0,5,5,5,5,5,5,5,5,5,5,5,5,6,6,6,0,5,5,5,5,5,6,5,5,6,5,5,5,5,5,5,5,5,5,5,5,5,5,6,5,5,5,6,5,5,5,7,0,5,6,5,5,5,0,0,5,5,5,5,5,5,6,5,5,5,5,5,5,5,5,5,5,0,6,6,6,5,6,0,5,5,5,5,5,6,5,5]"
shape_baa0012c06566061aaef,"[6,7,6,6,7,7,6,6,6,6,6,6,6,6,7,6,6,6,6,6,7,6,6,6,6,7,6,7,6,7,6,6,6,6,6,6,6,6,6,6,6,6,7,6,6,7,6,6,7,6,6,6,6,6,6,6,6,6,6,6,6,6,7,6,7,6,6,6,6,6,6,7,6,6,6,6,6,6,6,6,6,6,6,6,6,6,6,6,6,6,7,6,6,7,6,7,6,6,6,6,6,7,7,7,6,6,6,6,6,6,7,6,7,7,6,7,6,6,6,6,7,6,6,7,6,6,6,6,6,6,6,6,6,6,6,6,6,6,7,6,7,6,6,6,6,6,6,6,7,6,7,6,6,6,7,6,7,6,7,7,6,7,6,7,6,6,6,7,6,6,6,7,6,6,7,6,6,7,6,6,7,6,6,6,6,6,6,7,7,7,6,6,6,6,6,6,6,6,6,6,7,7,6,7,6,6,6,7,6,6,6,6,6,7,6,6,6,6,6,6,6,7,6,6,6,7,6,6,7,6,6,7,6,6,7,6,7,6,6,6,6,7,6,6,6,7,6,6,6,7,6,6,6,6,6,7,7,6,6,7,6,6,6,7,6,6,6,6,6,7,6,6,7,6,6,6,6,6,6,7,6,6,6,6,7,6,6,6,7,6,6,6,7,6,6,6,6,6,6,6,6,6,6,6,6,7,6,6,6,6,6,7,6,6,6,6,6,6,7,6,7,6,6,6,7,7,6,7,6,6,6,7,6,6,6,7,6,7,6,6,6,6,7,6,6,6,6,6,7,6,7,6,6,7,6,6,6,6,6,6,6,6,6,6,6,7,6,6,6,6,7,6,7,6,6,6,7,7,6,6,6,6,6,7,6,6,6,6,6,6,6,6,6,6,6,7,6,6,6,7,6,6,6,6,7,6,6,6,6,6,6,6,6,7,6,6,7,6,6,6,6,6,7,6,6,6,6,6,6,6,6,6,6,6,7,6,6,7,6,6,6,6,6,6,6,6,7,6,7,7,6,6,6,6,6,6,6,6,6,6,6,6,6,6,6,6,6,6,6,6,6,7,7,6,6,6,7,6,6,7,6,6,6,7,6,6,6,6,6,7,6,6,6,6,6,6,6,6,6,6,6,6,6,7,7,6,6,6,7,6,6,6,7,6,6,6,6,7,7,6,6,6,6,6,6,6,6,7,6,6,6,6,6,6,6,6,6,6,7,6,6,6,7,6,6,6,6,6,6,7,6,6,7,7,6,7,7,6,6,6,6,6,6,6,6,6,6,6,6,6,6,6,6,6,7,6,6,6,7,7,6,6,6,6,6,6,6,7,6,7,6,6,6,7,6,7,6,6,6,6,7,7,6,6,6,6,7,6,6,6,6,6,6,7,6,6,6,6,6,6,7,6,6,6,6,6,6,7,7,7,6,6,6,6,7,7,7,7,6,6,6,6,6,6,7,7,6,7,7,6,6,6,6,6,6,7,7,7,6,6,6,6,6,6,7,6,6,6,6,6,7,6,6,6,6,6,6,6,6,6,6,6,6,6,6,6,6,6,6,6,7,6,6,6,6,6,6,6,6,6,6,6,6,6,7,7,6,6,6,6,6,6,6,6,7,6,7,4,6,6,6,6,6,7,6,7,7,6,6,6,6,6,6,6,6,6,6,6,7,6,6,6,6,6,6,6,7,6,6,6,6,6,7,6,6,6,6,7,7,6,6,6,6,6,6,6,6,6,6,6,6,7,6,6,6,6,6,6,6,6,6,6,6,7,7,6,6,6,7,6,6,6,6,6,6,6,6,7,6,6,6,6,6,6,6,6,6,6,6,6,6,6,7,6,6,6,6,6,6,6,6,7,6,6,6,6,6,6,6,7,6,7,6,6,6,6,6,6,6,6,6,7,7,6,6,6,6,6,6,7,6,6,6,6,6,6,6,6,6,6,6,6,7,6,6,6,6,6,6,7,6,6,6,7,7,7,7,6,7,6,6,6,6,6,7,6,7,6,6,6,6,7,6,6,7,6,6,6,7,7,6,6,7,6,6,6,6,7,6,7,7,6,6,7,6,7,6,6,7,6,6,6,6,6,6,6,7,6,6,6,6,6,6,7,6,7,6,6,6,6,6,6,7,6,6,7,6,6,6,6,7,6,6,6,6,6,6,6,7,6,6,6,6,6,6,6,7,6,6,6,6,7,6,6,7,6,6,6,6,6,6,7,6,6,6,6,6,6,6,6,6,6,6,6,6,6,6,4,6,6,6,6,7,6,7,7,7,6,6,6,6,6,6,6,6,6,6,6,6,6,6,6,6,6]"
shape_852e433595446f9f845e,"[4,0,5,7,6,6,4,6,6,4,4,4,6,5,4,6,6,6,6,0,5,6,4,7,6,4,6,6,6,6,5,6,4,6,4,6,4,6,5,6,5,4,6,6,6,6,5,5,5,6,4,6,4,6,4,6,4,6,5,6,5,6,6,6,4,6,5,5,4,6,6,4,4,5,6,6,6,6,6,4,6,4,0,6,6,5,6,4,6,5,6,5,4,5,6,5,6,6,4,5,5,6,6,5,6,4,6,5,5,6,5,6,4,6,6,6,6,6,4,5,6,6,5,6,6,0,6,4,6,5,4,5,5,4,4,5,4,4,6,5,4,4,4,6,6,6,5,4,4,4,5,5,5,5,5,0,6,4,4,4,4,6,6,4,6,4,4,6,6,5,4,4,5,6,5,4,4,5,5,6,5,4,5,6,7,6,4,0,4,6,6,5,5,5,4,6,5,0,6,5,4,6,4,7,5,6,5,4,6,4,7,6,4,6,6,5,5,6,4,1,4,4,6,4,6,5,6,6,6,6,6,4,6,6,5,4,4,4,6,4,4,6,0,4,4,6,4,6,6,6,4,4,6,6,4,6,6,4,0,4,6,6,5,5,5,5,7,4,4,6,6,0,6,6,4,5,6,4,6,4,4,6,6,5,7,6,4,5,6,0,4,5,6,4,6,6,4,6,0,0,6,4,4,6,5,5,7,4,6,5,4,4,4,5,5,1,7,4,6,6,4,4,0,4,6,4,4,5,4,4,6,4,4,0,5,5,6,6,6,4,4,6,4,6,6,4,4,6,6,5,1,4,5,0,6,5,6,4,6,5,6,4,5,6,4,5,5,6,6,4,4,5,4,6,4,4,4,6,4,4,4,4,6,5,6,6,6,4,0,4,6,5,6,4,6,5,0,5,6,4,0,4,7,5,5,4,5,5,0,6,6,6,4,6,6,4,6,6,6,0,5,6,0,5,5,5,7,5,6,0,4,5,4,4,0,4,6,6,4,4,6,5,5,6,4,0,6,5,4,6,5,6,5,5,4,6,5,6,6,6,6,4,6,6,4,6,5,4,4,6,5,4,6,7,4,6,5,4,6,5,4,0,4,4,6,6,4,6,6,1,6,4,5,6,4,6,4,6,6,4,6,5,6,5,5,4,6,5,5,6,0,4,6,6,6,4,5,6,5,4,6,7,6,4,6,5,4,6,4,5,6,6,4,5,5,4,4,6,6,6,5,6,5,6,5,6,6,4,6,4,4,4,4,6,6,5,6,4,4,6,0,4,4,5,0,6,6,6,7,4,6,4,5,6,5,5,4,6,5,6,6,5,6,5,4,5,6,6,4,6,6,6,6,6,4,6,5,5,6,5,4,5,6,5,4,6,5,4,4,4,5,6,4,4,6,4,5,5,6,6,4,5,5,6,6,4,7,6,5,0,4,6,6,6,4,6,6,5,4,4,6,6,6,4,5,6,5,6,5,5,6,5,6,4,5,5,6,5,4,6,5,6,4,0,6,4,4,6,6,4,6,5,5,7,4,5,4,6,6,6,6,6,6,6,6,4,5,6,6,6,6,4,4,4,6,5,6,6,6,5,5,4,4,6,6,6,4,5,5,5,6,4,6,4,5,4,4,5,5,4,6,6,6,4,4,5,6,7,4,6,6,5,6,5,4,0,6,4,4,4,4,5,4,5,4,6,4,6,6,4,4,4,7,4,6,6,6,4,4,6,0,6,4,4,4,4,4,5,6,6,4,6,4,5,6,0,6,5,5,4,6,6,6,6,6,6,4,6,4,4,6,4,6,6,6,5,6,6,4,6,6,5,6,6,4,6,5,6,4,4,7,6,4,6,5,6,6,4,5,5,6,5,4,6,6,6,4,0,6,4,4,6,6,6,6,5,6,6,5,5,4,4,4,5,4,6,6,0,6,4,6,6,6,5,6,6,5,5,6,4,6,5,5,0,6,0,5,4,4,4,6,4,4,4,6,0,5,5,4,4,5,0,6,4,4,7,6,5,4,5,5,6,5,6,4,0,6,5,6,6,6,4,6,4,6,6,5,5,4,6,4,4,5,4,5,6,5,0,4,6,6,6,6,0,5,4,4,5,4,4,4,4,6,5,6,5,6,6,6,4,5,5,6,5,5,6,5,6,5,4,4,6,7,7,4,7,6,4,4,5,6,6,5,6,4,4,6,4,6,6,6,6,6,0,5,6,6,6,5,6,4,5,6,6,5,4,4,6,6,5,6,6,6,6,4,6,4,5,6,5,4,6,6,6,4,6,6,4,4,6,4,5,6,4,6,6,6,4,6,4,4,6,6,5]"
shape_709c242c7b4c0ea9e41f,"[0,3,4,0,3,3,0,0,4,3,1,4,1,4,3,0,4,3,0,4,4,3,3,1,3,4,1,0,3,5,3,0,4,1,3,5,5,3,3,0,5,5,0,5,1,4,1,5,4,3,3,0,0,1,0,5,5,4,3,5,4,3,0,4,4,3,3,3,3,3,5,3,3,5,3,3,5,4,1,1,0,5,0,1,1,5,5,3,1,1,5,1,3,0,3,4,3,3,5,1,5,7,1,3,0,0,1,3,0,0,0,4,4,5,3,1,1,3,0,3,4,1,5,3,0,3,1,5,5,1,3,1,1,4,1,4,5,0,4,3,3,3,1,5,3,1,3,1,1,5,5,1,5,3,5,5,5,5,3,1,1,3,5,4,4,1,3,0,4,0,1,5,3,0,1,4,3,5,5,4,1,3,3,4,1,3,1,0,5,3,4,4,5,3,5,0,1,1,0,5,1,1,5,4,1,0,5,0,4,3,3,1,3,1,5,5,4,5,0,5,0,1,1,5,0,3,4,4,3,4,4,4,0,1,1,4,7,1,4,0,1,3,0,0,1,5,1,0,1,1,5,5,3,1,4,3,5,1,1,1,4,7,4,4,3,4,5,1,1,1,0,3,3,0,1,4,3,3,1,5,0,4,4,1,3,5,0,5,4,1,3,5,5,5,5,1,4,3,4,0,4,3,1,1,0,3,3,3,4,5,4,5,4,4,1,1,5,3,1,0,5,3,3,4,1,1,0,3,4,4,3,1,1,4,4,0,1,1,3,1,3,3,3,0,3,1,0,1,3,0,4,1,3,3,1,1,5,0,1,1,1,0,3,3,4,5,3,1,3,0,0,0,5,1,1,3,1,1,5,0,0,0,3,5,3,4,3,5,0,1,1,4,3,1,0,4,4,3,1,3,5,4,1,3,1,4,1,3,1,1,1,5,1,1,1,3,0,5,1,3,1,5,5,3,0,3,4,0,5,3,5,1,5,0,4,3,5,4,5,3,5,3,1,3,3,1,5,5,5,1,1,0,3,0,0,5,3,0,0,1,0,3,3,1,0,3,0,5,1,4,1,4,3,1,3,1,3,0,0,3,4,4,5,0,3,5,3,0,4,3,3,0,4,0,3,5,5,4,5,3,5,0,3,3,3,4,1,0,3,4,1,1,5,5,0,0,3,3,1,5,3,3,3,3,5,3,0,1,3,0,0,5,5,1,4,0,0,4,1,5,5,0,5,5,5,4,1,0,0,1,4,3,5,0,4,3,3,1,0,5,1,1,1,1,1,0,3,3,3,3,0,4,1,1,3,1,3,3,1,1,0,0,3,5,3,0,3,1,4,4,0,4,0,0,3,3,3,1,5,0,0,5,1,4,1,1,1,3,1,4,1,4,1,4,0,4,0,1,1,1,0,3,0,1,5,3,0,5,1,3,3,0,5,3,1,0,1,3,3,3,0,5,5,1,5,5,1,1,1,1,5,0,4,1,5,3,4,3,3,5,3,4,1,1,0,5,7,5,1,5,3,3,4,5,1,0,4,5,5,3,3,1,0,3,3,3,5,1,5,3,0,1,4,3,5,4,4,5,4,1,4,4,5,1,0,5,0,5,5,3,1,1,1,5,3,0,0,4,0,3,0,0,1,4,0,3,3,4,3,3,3,5,5,3,4,1,3,0,3,4,1,1,5,5,1,3,1,5,5,0,3,0,3,5,4,4,3,0,5,1,3,4,3,1,5,4,0,1,4,1,5,5,3,0,5,3,5,0,1,0,3,0,5,0,5,5,5,3,0,3,3,3,1,1,1,3,1,3,4,0,5,4,3,4,0,1,1,5,0,5,4,5,0,1,1,5,0,0,4,0,3,5,1,5,3,3,5,3,0,4,4,1,1,1,5,1,3,0,4,3,3,1,5,1,5,3,5,5,1,0,3,5,0,5,4,5,5,1,5,3,1,5,0,0,3,3,3,5,5,1,4,3,0,1,1,1,1,1,0,3,0,4,4,0,3,5,0,5,4,3,1,3,3,0,1,3,3,0,1,1,1,4,3,1,5,1,5,3,1,1,3,4,0,4,5,3,1,1,5,4,3,3,3,3,1,0,0,0,1,1,1,0,3,5,5,0,5,0,0,4,5,5,1,4,3,5,1,4,4,1,5,1,3,0,3,1,3,4,5,4,3,0,1,3,4,3,1,1,3,5,1,3,0,1,0,3,1,5,0,5,0,5,1,0,1,4,3,5,3,0,5,1,1,5,1,3,5,3,0,1,3,5,0,3,4,4,1,3,4,0,1,1,1,3,4,1,1,0,5,3,0,0,1,1]"
shape_1fedc441fc6254dfe1da,"[5,7,5,5,5,4,5,0,4,0,0,0,0,3,5,5,4,5,5,4,4,4,5,4,5,5,5,7,4,6,5,5,6,5,4,5,4,4,5,4,0,5,0,7,5,5,0,0,4,0,0,0,4,5,5,5,0,5,5,5,0,7,0,4,4,4,4,0,6,0,4,4,5,4,4,5,4,0,0,4,0,4,7,4,5,0,5,0,5,0,5,4,0,0,0,6,0,4,4,4,0,5,5,5,0,5,5,5,7,5,4,5,4,5,5,5,4,4,4,5,4,4,5,4,4,6,3,5,0,5,5,4,4,0,5,5,5,0,4,5,5,4,4,5,0,5,0,4,4,4,5,5,4,5,4,0,0,5,5,5,5,5,4,4,5,0,0,5,4,0,5,5,0,4,5,0,4,4,5,0,7,5,5,0,5,5,5,0,5,5,5,4,0,4,4,4,0,5,4,0,5,0,5,5,4,4,7,7,4,0,4,4,5,4,5,4,4,4,0,4,4,4,4,5,5,4,5,4,5,0,4,5,5,0,5,5,0,4,4,4,3,4,4,0,5,5,0,4,5,4,0,0,4,5,5,5,5,0,4,4,4,5,0,4,4,6,6,0,7,4,4,4,3,4,4,5,5,5,6,5,5,5,4,0,4,0,4,4,6,4,5,5,4,0,5,5,5,5,5,5,5,5,4,4,6,4,0,4,4,5,4,0,4,5,0,5,5,5,5,0,0,0,5,5,0,5,4,3,0,0,4,5,0,4,4,5,5,7,5,5,0,5,7,5,5,6,6,5,4,4,5,4,5,4,5,7,5,5,4,5,5,0,4,5,4,0,0,4,5,0,0,4,4,4,4,5,4,5,4,4,4,5,0,0,4,5,4,4,6,4,5,4,5,5,5,4,4,4,5,5,4,5,6,4,5,4,5,0,4,0,0,4,4,0,0,0,7,5,5,4,5,0,0,6,0,4,4,4,5,4,4,5,4,4,0,0,6,0,4,7,5,3,4,4,4,4,5,5,4,4,5,5,7,4,0,5,0,0,4,4,5,5,0,4,5,5,4,5,7,4,4,3,5,4,4,0,5,5,0,0,5,5,5,0,5,4,5,5,4,0,0,5,5,0,4,4,5,4,4,6,5,0,4,0,4,5,5,5,0,0,4,4,4,5,0,4,4,5,0,3,4,0,4,4,5,0,4,0,4,4,5,4,4,0,5,6,4,5,5,0,5,5,5,5,4,5,5,0,4,5,5,5,5,5,4,0,5,4,5,5,4,5,4,4,7,5,0,0,5,5,5,4,4,4,5,3,5,4,4,4,5,4,5,4,0,4,5,4,4,0,4,4,5,4,4,5,4,5,5,5,7,4,5,4,5,4,4,4,5,4,5,7,5,4,5,4,4,4,5,0,5,5,5,5,5,0,5,4,4,0,5,5,4,0,4,4,5,4,5,4,4,4,4,5,7,0,4,4,4,4,5,5,5,0,5,7,5,5,4,4,4,5,4,4,4,6,5,4,0,5,7,4,6,5,5,0,5,0,4,5,5,4,5,0,4,4,3,7,0,0,5,4,4,0,5,4,0,4,5,5,4,5,4,5,4,4,5,5,4,4,5,5,5,5,5,5,4,5,7,0,0,5,4,4,4,5,4,4,5,5,5,5,5,4,0,5,5,1,5,4,5,5,5,4,4,0,5,5,4,5,4,5,0,5,5,4,5,5,0,5,5,5,0,4,0,5,3,4,5,4,5,5,4,4,5,5,0,5,5,5,4,5,4,0,0,5,4,0,4,0,4,0,0,5,5,5,4,6,4,0,5,0,4,4,5,4,5,4,4,5,4,5,0,5,7,6,5,0,4,0,4,4,4,4,4,5,4,4,4,5,5,4,5,4,5,5,4,0,4,4,5,0,5,4,5,0,4,6,4,4,5,4,4,6,5,0,4,5,0,4,7,5,4,4,4,0,5,0,5,5,4,4,4,0,5,5,0,4,4,5,4,4,4,0,5,4,5,5,4,5,0,4,5,6,4,5,4,4,5,7,4,4,4,5,4,4,5,5,0,4,5,4,0,5,4,4,0,5,5,3,5,0,4,5,0,5,5,4,0,0,0,5,5,5,6,4,3,4,5,4,4,5,5,5,5,4,4,0,4,0,5,5,5,0,4,5,4,5,4,3,5,4,4,5,4,4,5,6,5,5,4,5,4,5,4,4,5,4,6,4,4,5,0,5,5,0,5,4,4,5,5,4,5,4,4,5,5,4,5,4,4,0,5,5,5,4,5,5,5,5,4,5,0,0,4,5,0,4,5,5,5,5,5,7]"
shape_49e605c941a2c8be54e7,"[4,7,6,7,6,6,6,7,4,4,4,5,6,4,5,4,6,4,5,7,5,6,5,6,6,6,4,5,5,5,4,6,7,4,6,5,5,5,4,6,6,6,6,6,5,5,5,7,6,5,5,6,4,4,5,5,4,5,6,5,5,4,5,6,7,5,6,5,4,6,5,4,4,5,6,5,6,4,6,5,6,4,6,6,6,5,5,5,6,4,6,5,6,7,6,6,4,4,4,7,6,6,4,5,5,6,5,5,6,4,5,4,6,5,5,6,6,6,6,6,4,5,4,6,4,4,5,6,6,4,4,6,5,4,6,5,5,5,4,6,6,4,5,4,6,6,5,6,7,6,6,6,6,5,6,4,0,4,4,6,6,6,6,6,6,7,5,5,6,6,6,4,4,6,0,4,4,6,4,4,5,6,7,5,6,4,5,7,4,6,5,5,6,4,6,0,5,4,6,1,6,6,4,5,6,6,4,6,6,6,6,6,6,5,6,4,5,4,5,6,6,6,5,7,6,4,5,6,4,6,5,6,4,5,4,4,6,6,4,0,4,7,4,6,6,4,5,6,5,6,4,6,6,5,5,5,4,6,6,6,4,6,6,6,5,6,6,6,4,5,4,6,4,6,5,6,5,5,6,4,6,5,6,6,5,6,6,6,6,7,4,4,6,6,6,4,5,5,5,6,4,4,6,6,6,5,6,6,6,6,7,5,5,6,5,6,5,6,6,5,6,6,5,6,5,6,6,6,4,5,5,5,6,5,5,5,6,6,5,6,6,5,4,6,6,6,4,6,5,4,4,6,6,6,4,4,7,5,6,6,6,5,4,6,5,5,6,5,5,5,4,4,4,4,6,5,4,6,6,6,5,6,6,5,6,6,5,6,7,6,6,6,7,6,6,5,6,6,6,6,6,5,6,5,5,6,4,5,5,6,5,5,4,5,6,6,5,5,6,6,6,6,6,6,6,6,6,5,4,6,6,4,7,4,6,6,5,5,6,5,6,4,6,4,5,6,7,5,5,6,6,7,4,6,5,5,6,6,6,5,6,4,5,4,6,0,4,6,4,0,6,6,5,5,4,7,6,6,4,4,6,4,5,6,6,4,6,5,6,6,7,4,5,6,7,4,5,5,5,6,7,6,6,6,6,5,6,6,6,5,4,6,4,6,6,5,6,5,7,6,5,6,6,6,5,5,6,6,5,5,5,6,6,4,5,5,6,4,4,6,4,6,4,4,6,5,5,5,6,6,6,6,5,6,5,4,6,4,4,4,4,6,4,5,6,6,6,6,4,5,5,6,5,5,6,6,5,4,6,4,6,6,0,5,6,6,5,5,4,6,4,4,4,5,6,6,4,6,5,4,0,4,4,6,6,7,6,5,6,5,4,4,5,5,5,6,4,4,6,6,4,6,6,5,4,6,6,6,6,0,6,5,6,6,4,4,5,5,6,5,4,6,5,6,6,5,6,5,6,6,6,5,4,6,4,6,6,4,6,5,6,6,4,6,5,6,6,4,5,4,4,4,6,4,4,5,6,5,4,4,5,6,5,6,6,6,5,5,6,5,5,6,6,6,6,6,4,6,5,6,4,6,6,4,6,4,5,5,6,4,6,5,4,7,4,6,6,6,6,6,5,6,5,4,6,6,5,5,5,4,6,6,6,6,5,4,5,6,6,6,6,6,5,6,4,6,4,7,5,6,6,6,6,6,0,6,6,6,4,4,4,6,6,5,4,6,4,6,6,0,6,6,6,4,6,6,6,6,6,6,5,4,6,7,6,5,5,5,6,4,4,6,7,5,4,6,6,5,6,6,5,6,5,5,6,5,6,6,4,6,4,4,6,4,5,6,4,6,5,5,5,6,4,5,4,5,0,5,5,4,4,4,4,6,5,6,6,5,5,5,6,6,4,4,5,6,5,7,5,4,6,5,4,4,7,5,4,7,4,5,5,6,6,4,6,4,4,6,6,5,4,6,5,6,5,6,6,4,5,6,6,6,6,4,4,6,6,4,6,4,6,6,6,4,6,6,6,6,7,4,5,6,6,4,5,5,4,4,4,6,6,5,6,6,6,6,5,5,6,4,6,7,5,6,6,6,5,6,6,5,6,4,0,6,4,6,4,5,6,4,4,6,6,7,6,5,6,6,6,4,6,5,4,4,6,4,6,4,6,6,4,7,5,5,6,4,6,4,6,7,4,5,6,4,6,5,5,6,6,6,6,6,6,5,4,6,4,6,5,6,5,5,5,6,6,4,5,4,4,6,6,4,5,4,5,6,4,6,7,6,6,6,7,5,4,5,5,4,6,4,5,5,5,5]"
shape_a27a317ebc7e89ab7c9d,"[0,5,7,5,5,5,5,6,1,7,5,7,1,1,5,6,5,7,5,5,5,5,5,1,1,5,7,5,1,5,6,1,6,5,5,5,5,5,5,5,5,5,5,5,5,7,5,5,0,0,0,1,0,6,7,6,6,5,1,5,0,5,5,5,5,1,1,0,5,7,5,0,1,0,5,5,7,7,5,6,7,1,5,7,5,5,5,1,1,5,7,1,1,4,5,0,5,5,5,5,5,5,1,5,5,5,6,5,0,1,7,5,7,5,7,5,1,5,5,1,5,1,1,5,1,5,1,5,7,4,7,1,0,7,7,5,7,5,1,5,5,0,1,0,5,6,1,1,1,5,5,5,5,5,5,5,5,1,0,7,0,1,5,1,5,7,5,0,5,0,0,5,5,5,7,0,6,0,7,7,5,0,1,5,5,0,7,5,7,5,5,7,1,5,0,1,1,5,7,5,1,5,5,7,5,6,7,1,1,6,1,5,7,5,0,6,5,1,5,5,1,5,7,7,5,5,5,1,5,5,7,7,1,1,7,7,6,0,5,5,5,5,7,1,0,1,5,5,5,0,6,1,7,7,5,5,7,1,0,5,5,1,7,5,1,6,1,5,7,6,1,1,5,6,7,7,0,7,0,5,5,5,5,7,5,1,5,5,4,5,0,7,5,5,7,7,5,1,0,5,5,7,5,1,5,5,5,5,0,7,6,1,7,5,5,1,5,0,7,0,6,7,0,4,5,6,5,6,5,5,7,1,5,7,1,6,7,7,4,7,0,7,7,7,5,0,4,5,5,5,7,7,5,5,7,5,0,5,0,1,5,5,6,5,7,0,5,5,1,7,1,7,5,0,7,5,4,5,5,5,1,5,5,1,1,7,0,7,5,5,5,7,0,1,5,5,6,5,5,5,5,1,7,5,0,5,4,5,1,5,5,7,7,7,5,4,1,5,7,7,5,5,1,0,1,1,5,1,5,5,7,5,5,0,5,5,5,0,5,5,1,5,1,7,0,5,7,5,0,7,5,1,5,1,5,1,5,5,5,5,5,5,5,5,5,0,7,1,5,5,5,4,1,5,6,5,0,5,0,1,4,7,5,5,1,0,7,5,0,0,5,4,5,5,1,1,5,0,0,5,0,5,7,5,5,5,5,5,7,7,5,0,7,5,7,5,7,0,4,0,1,1,0,5,5,7,5,7,0,0,5,7,7,5,7,5,7,0,5,7,5,7,5,7,7,5,7,5,1,7,5,7,1,5,7,6,5,1,7,1,5,1,1,1,5,6,0,6,5,7,7,1,0,1,5,5,5,0,1,0,1,5,1,7,5,5,5,5,5,4,5,5,0,5,5,5,0,1,0,5,0,7,1,5,5,5,7,0,5,7,7,5,5,1,7,1,7,5,5,4,1,4,7,6,5,1,1,7,5,7,1,1,5,5,5,5,5,5,5,7,1,7,5,6,0,5,1,5,5,5,1,5,5,6,5,5,5,5,5,0,0,1,7,7,5,1,7,0,5,0,0,5,0,0,5,5,7,5,0,5,5,5,5,5,5,6,7,1,1,7,1,7,7,5,5,1,0,5,1,7,0,5,5,5,1,0,1,0,5,7,5,5,7,5,5,5,5,0,0,5,5,1,6,7,1,1,5,5,5,5,7,5,5,7,5,5,1,0,5,5,5,7,7,5,5,5,5,7,5,1,6,0,1,5,1,7,1,4,0,5,0,7,5,7,7,7,5,5,5,5,5,7,1,5,7,0,5,6,6,0,6,1,7,1,5,5,5,5,7,7,5,7,7,1,1,6,5,5,7,6,5,5,1,5,5,7,7,5,5,5,5,0,5,7,5,5,5,7,7,5,6,0,7,7,7,5,5,5,7,7,5,5,1,7,1,1,5,1,1,5,1,5,7,5,6,4,5,1,5,5,1,5,0,5,5,6,0,7,5,5,5,5,6,5,5,0,7,6,5,5,4,6,7,1,1,5,4,5,7,6,0,0,1,1,5,1,5,7,0,1,5,4,6,5,5,7,7,5,7,5,0,1,7,5,5,1,5,1,7,7,6,7,5,7,1,7,5,5,7,5,0,0,1,5,5,5,7,7,5,7,5,1,5,5,5,7,5,7,1,1,5,1,1,4,1,1,5,5,5,5,5,5,5,4,5,7,0,5,5,5,5,7,5,5,5,1,1,5,7,5,5,5,5,0,5,5,1,1,5,7,7,1,1,1,1,0,5,5,1,5,6,1,5,5,5,5,5,5,5,6,1,6,7,5,5,5,7,5,5,5,7,7,6,1,5,5,6,0,1,1,5,5,7,0]"
shape_260ff95a60677b6f1c13,"[6,6,6,7,6,4,6,4,6,7,7,6,6,4,6,6,7,4,4,7,6,7,6,6,7,6,6,6,6,7,6,6,6,6,4,6,7,4,6,5,7,7,6,6,7,6,6,7,7,4,6,6,4,6,6,6,4,4,4,7,6,7,4,6,6,6,6,4,6,7,6,6,6,7,4,6,7,7,4,6,6,6,6,7,7,6,6,7,6,4,6,6,6,6,6,7,4,6,6,7,6,7,6,6,6,6,4,6,4,6,4,4,6,7,7,6,7,6,6,6,6,6,5,6,7,6,6,6,6,6,6,6,6,6,5,6,6,6,6,6,7,7,6,4,4,7,6,7,4,6,6,6,7,6,4,4,7,6,7,4,6,6,4,6,6,5,6,6,6,6,6,4,4,6,7,7,4,6,4,4,6,6,6,6,7,7,6,6,7,6,6,5,6,4,4,6,6,4,6,6,7,6,7,6,6,6,6,6,7,6,7,4,4,7,7,6,7,6,7,6,4,7,7,6,7,7,6,5,6,6,6,6,6,6,4,7,6,5,6,6,4,6,6,7,7,4,4,7,4,2,6,6,6,7,6,6,6,5,7,6,6,5,7,6,7,6,7,7,6,7,7,7,6,7,6,6,6,4,7,6,6,6,6,6,6,4,6,6,6,6,4,6,7,6,4,4,6,6,4,6,6,6,6,6,6,6,6,6,6,4,4,6,6,6,6,6,6,7,7,6,4,7,7,7,7,6,6,7,6,5,6,6,6,6,6,6,4,6,6,6,7,7,7,7,6,6,6,6,7,6,6,6,4,6,4,6,6,4,6,4,7,6,6,4,6,6,7,6,6,6,4,6,6,4,5,6,6,5,6,6,6,6,6,7,6,5,6,6,6,6,6,5,6,6,6,7,4,6,6,7,2,6,6,6,6,6,6,6,6,7,5,6,6,7,4,6,6,6,7,6,6,6,6,6,6,4,6,6,7,4,7,6,7,6,7,6,4,7,6,6,4,6,6,4,7,7,7,7,6,6,7,7,6,6,7,7,6,6,4,2,6,6,6,7,6,7,6,6,6,6,6,4,6,5,6,7,4,6,6,6,6,5,7,6,6,7,6,6,6,6,6,6,4,5,4,6,6,7,6,6,4,6,6,6,6,6,7,4,6,6,6,6,6,6,7,6,6,6,6,6,6,6,7,7,6,7,2,6,4,6,7,6,6,6,6,7,7,7,6,6,6,7,6,7,5,7,6,6,7,7,6,4,7,4,4,6,6,5,4,6,7,6,6,6,7,7,6,6,5,7,4,7,7,6,6,6,7,7,6,6,6,6,6,6,6,6,6,6,4,6,6,6,7,6,4,7,6,6,5,6,7,6,6,6,6,7,6,7,6,6,6,7,6,6,6,7,4,7,6,6,6,7,4,4,6,7,6,6,2,6,6,4,7,6,6,7,6,5,7,7,6,7,7,6,6,6,6,6,6,6,6,6,6,6,7,6,4,6,7,6,6,7,7,6,4,6,7,6,6,6,5,7,5,6,5,6,4,5,6,7,6,7,6,6,6,7,2,5,6,6,6,6,6,6,6,6,6,7,6,6,6,6,7,7,6,6,6,4,6,6,6,7,7,6,6,7,6,7,6,6,4,4,7,7,4,6,4,6,6,4,4,6,7,6,7,6,6,6,6,4,6,7,6,7,6,7,6,6,5,5,6,4,7,6,6,6,4,4,7,6,6,6,6,4,6,6,4,6,7,6,6,4,6,4,6,6,6,5,7,6,4,4,6,6,6,7,6,6,6,6,6,6,6,6,6,7,6,6,6,6,7,4,7,6,6,7,6,6,6,6,6,6,6,6,6,4,4,7,7,6,6,4,6,6,6,6,6,6,6,5,6,6,4,4,4,6,7,7,6,6,4,6,6,7,7,5,6,6,6,6,6,7,6,6,6,7,6,6,6,6,7,4,6,6,6,6,7,6,6,7,6,6,4,6,4,6,4,6,6,6,6,6,4,7,6,6,6,6,5,6,6,7,7,4,7,7,6,6,7,6,6,4,7,6,4,6,6,6,6,6,4,6,6,6,7,6,6,6,6,4,6,6,2,6,4,6,6,4,2,5,6,6,7,6,6,4,7,6,4,6,6,5,6,6,6,7,6,6,7,6,7,7,4,6,6,7,7,4,6,6,6,7,5,4,7,7,7,6,6,6,6,6,6,6,6,6,6,4,5,4,7,4,7,6,4,6,7,7,6,6,6,6,6,7,6,7,6,6,6,7,7,6,7,6,7,7,6,6,6,6,6,7,6,4,7,7,7,7,6,6,6,4,4,7]"
shape_f10efc87d92be08ef9bf,"[6,6,0,6,5,5,5,5,5,6,5,6,5,6,0,5,5,5,5,5,5,5,5,5,6,6,5,6,5,1,6,5,5,6,1,6,1,5,6,1,6,5,5,6,5,5,5,6,5,5,5,6,5,5,5,5,5,5,5,6,5,5,1,5,6,5,6,5,6,1,5,6,6,5,6,5,6,6,5,7,6,7,5,5,6,6,5,1,6,5,6,6,5,5,6,5,7,5,5,6,5,5,5,6,5,7,7,6,5,5,5,6,6,5,5,5,5,7,5,5,6,6,5,7,5,6,6,5,0,6,0,5,5,6,6,5,5,5,5,6,5,5,6,6,5,5,5,6,6,5,5,6,6,6,5,5,6,5,6,5,5,5,5,6,5,6,5,6,5,5,7,6,5,5,6,5,6,5,5,5,5,6,5,6,5,6,5,5,5,7,6,5,6,6,5,5,7,5,5,5,5,5,5,7,5,6,5,5,4,5,7,5,5,6,5,5,5,5,4,5,6,5,5,6,6,6,5,5,5,5,5,5,5,5,5,7,5,5,6,5,5,6,5,6,6,5,6,5,5,5,5,5,5,6,5,5,5,6,5,7,5,5,6,6,5,5,6,6,7,5,1,6,5,5,4,5,6,6,5,6,5,5,6,5,5,6,5,6,6,6,5,5,5,6,5,5,5,5,6,6,6,5,5,6,6,5,5,5,5,5,5,6,5,6,5,0,5,5,6,5,6,5,5,5,6,5,7,5,5,5,5,5,5,5,0,5,5,5,5,6,5,6,5,6,6,0,5,5,5,5,5,5,5,5,5,6,6,5,5,5,1,5,7,5,6,5,5,5,6,5,7,6,5,5,6,5,5,7,5,5,5,5,5,6,5,5,6,6,5,5,6,6,6,5,5,6,5,5,6,5,6,7,5,5,6,5,5,5,6,6,6,5,6,5,7,6,7,6,6,5,6,5,5,5,5,6,6,6,5,5,5,5,5,7,5,5,5,5,5,6,5,5,5,2,6,5,5,5,6,5,5,6,5,5,5,6,5,5,6,6,6,6,6,6,5,5,6,5,5,5,5,5,5,5,5,5,6,4,6,6,5,5,5,5,6,5,6,5,5,6,6,5,5,6,6,6,5,6,5,5,5,5,5,5,5,6,5,6,5,5,6,5,5,5,6,5,6,5,7,5,6,5,6,5,3,6,5,6,6,5,7,6,5,5,6,3,5,5,5,0,5,5,6,5,5,5,5,6,5,5,7,5,5,6,5,1,5,6,6,5,5,5,7,5,5,5,7,5,5,5,5,5,5,6,6,5,5,7,5,2,6,5,5,6,5,6,7,6,5,6,7,6,5,6,5,5,6,5,6,6,5,6,6,5,6,5,5,5,6,5,6,6,6,5,5,5,7,7,5,5,5,7,5,0,6,7,6,5,5,5,6,5,5,5,6,6,5,5,5,5,5,5,5,5,5,6,6,5,6,6,6,5,7,5,6,7,6,5,5,6,6,5,5,5,5,6,5,5,6,5,0,0,5,6,6,6,5,6,5,6,6,5,6,6,6,5,1,5,5,1,7,5,6,5,0,6,5,5,6,6,5,5,5,5,1,6,6,5,5,5,6,5,6,5,5,6,5,6,5,5,5,6,5,6,6,6,5,5,5,5,5,5,5,6,5,6,5,5,5,5,6,5,5,5,5,6,6,6,6,6,1,6,5,7,5,5,0,6,5,7,5,6,5,5,5,5,5,5,5,3,5,5,6,6,5,5,6,5,7,5,5,5,5,5,5,6,6,5,5,6,6,5,6,6,5,5,6,5,6,6,6,6,5,5,5,7,6,5,5,5,5,6,5,6,6,5,5,5,6,6,6,6,5,5,5,6,7,6,5,5,6,6,6,7,6,5,5,5,5,5,5,5,6,6,5,5,5,6,5,6,5,5,6,6,5,6,7,1,7,5,5,1,1,6,7,6,6,6,5,5,6,5,5,5,5,5,5,5,5,5,6,6,6,5,5,6,5,6,5,5,6,5,5,5,5,5,5,5,5,6,5,7,5,6,5,5,7,5,6,5,6,5,5,5,5,5,6,6,6,5,6,5,6,5,5,5,5,5,1,5,5,5,5,5,6,5,5,7,5,5,5,5,5,6,5,5,6,6,6,5,5,5,6,6,6,6,6,5,5,5,6,5,5,5,5,6,5,3,5,5,6,5,5,6,6,5,5,6,7,5,6,6,5,6,5,5,6,5,5,5,5,6,0,5,5,5,6,5,5,6,5,5,5,6,6,6,0,5,5,6,5,6,5,6,5,6,5,0,5,5,5,5,5,5]"
shape_27fa30d1b941edec76d7,"[5,6,5,5,5,5,6,6,5,2,5,6,5,6,3,6,5,6,6,5,6,5,6,5,5,4,6,6,5,6,6,4,5,6,4,6,6,6,3,4,6,5,5,5,6,6,6,2,5,5,6,4,6,3,6,5,6,4,3,6,6,5,3,6,3,6,5,6,6,4,6,5,7,5,5,3,6,6,5,5,3,3,5,5,3,6,6,5,6,6,6,5,5,5,4,4,5,5,2,3,6,6,7,6,6,7,7,7,5,6,5,2,6,6,4,3,5,6,5,6,5,4,6,6,3,6,5,6,5,6,6,6,5,6,6,7,6,3,5,6,5,2,6,6,7,7,5,4,5,6,3,6,6,5,6,4,5,6,5,6,5,2,2,5,6,6,6,5,6,6,4,5,6,5,7,6,6,5,6,4,3,5,3,3,6,4,4,6,5,5,2,6,6,6,5,6,6,6,6,6,4,4,6,6,5,5,6,5,7,5,5,3,6,5,5,6,5,7,6,3,4,6,6,5,6,7,6,5,5,5,3,5,4,6,5,7,3,7,3,6,6,7,4,6,5,6,3,6,6,5,5,6,7,6,6,6,6,4,5,6,6,5,5,6,6,6,3,3,6,6,6,3,4,6,4,6,5,6,6,6,6,3,5,3,5,6,5,6,4,5,6,3,6,3,6,5,6,6,6,6,3,6,6,2,6,6,5,6,3,4,6,5,5,6,6,6,3,3,5,6,6,6,6,6,6,7,6,6,6,5,3,5,5,5,6,7,5,4,6,2,5,6,6,5,5,6,6,3,6,5,7,7,6,5,7,6,6,6,6,6,6,6,3,4,2,6,6,5,2,6,5,4,6,6,6,4,6,6,6,5,6,4,6,6,5,5,6,5,5,3,6,7,3,6,6,5,7,6,6,5,7,6,6,6,5,5,6,5,6,5,2,6,4,7,4,3,5,4,5,4,6,5,6,5,4,4,6,5,4,5,5,5,4,5,6,6,6,3,6,6,7,6,7,7,6,5,2,6,7,6,5,6,3,5,5,4,5,6,5,6,6,7,6,4,7,6,6,6,3,4,5,5,6,6,5,6,5,6,6,6,6,4,5,6,6,4,3,6,6,6,4,6,5,6,6,6,5,6,6,6,4,4,5,5,5,5,5,7,4,5,5,6,5,5,6,4,6,5,5,3,6,5,6,3,6,3,6,3,6,3,6,4,6,5,6,5,6,6,4,4,3,6,4,4,5,6,6,6,4,6,6,6,3,4,6,3,6,6,6,6,6,6,6,5,5,5,4,5,6,4,5,5,4,5,6,4,4,4,6,4,5,6,4,6,3,5,2,4,6,4,7,6,6,5,5,6,3,6,6,6,4,5,5,6,5,5,5,4,4,5,6,7,6,6,5,6,6,6,6,5,5,6,6,4,6,5,5,6,5,3,6,6,5,5,4,5,2,6,7,6,4,6,6,7,4,6,5,3,6,6,6,6,6,6,5,6,5,6,4,7,6,5,6,6,5,4,5,5,4,5,6,5,7,4,3,2,4,5,3,3,5,4,3,4,6,6,6,5,3,6,6,6,4,6,5,5,6,6,6,6,6,6,6,4,5,6,2,4,6,5,6,5,5,6,5,6,5,3,6,5,5,6,4,4,6,2,6,5,6,6,6,5,5,5,5,6,6,4,5,5,6,6,5,5,6,5,6,4,5,6,5,5,5,6,6,4,6,5,2,6,4,5,4,4,5,5,6,6,6,7,5,4,6,5,7,5,5,4,4,6,7,3,4,6,5,6,5,5,3,4,6,6,5,6,6,5,6,5,5,3,4,6,6,6,3,7,6,6,6,6,5,7,6,5,6,6,6,6,4,6,5,6,5,4,4,3,3,4,7,5,3,6,6,6,4,6,6,6,6,3,6,6,5,6,5,4,5,5,4,5,6,6,5,5,5,3,3,5,3,5,6,5,4,5,5,3,6,5,6,5,6,5,6,6,4,5,6,7,4,3,5,4,5,6,4,6,6,6,6,3,6,6,5,3,5,6,6,3,3,5,5,6,6,4,5,4,6,4,4,6,5,5,6,6,3,6,6,6,5,5,5,5,6,6,4,6,4,5,5,5,6,3,5,5,7,6,3,4,3,5,6,4,4,5,4,6,6,3,5,6,3,2,6,5,6,4,4,6,6,6,6,6,6,3,6,3,6,6,5,6,6,4,5,3,3,6,7,5,3,6,5,4,6,6,6,5,5,6,6,6,6,6,6,6,3,5,6,3,5,5,6,6,6,5,6,7,4,5,4,6,6,7,6,5,6,5,6,4,2,6,6,2,5,6]"
shape_d25049b4bb8a50e310ab,"[6,4,4,4,4,4,4,4,4,4,4,6,4,4,4,4,4,4,6,4,4,4,4,4,4,6,6,4,4,4,5,4,6,4,4,4,4,4,4,4,4,5,4,4,4,4,4,5,4,4,5,6,4,4,4,4,4,4,4,4,6,5,4,4,5,4,4,5,4,4,7,4,5,4,7,5,6,4,5,4,4,4,4,4,4,6,4,4,4,6,4,5,4,4,4,4,4,5,4,4,4,4,5,4,4,5,4,4,4,4,4,6,4,5,4,4,4,5,6,6,4,4,4,5,4,5,4,4,7,4,4,4,4,4,4,5,4,6,4,4,4,4,4,5,5,5,4,4,4,4,4,4,5,5,4,4,5,4,4,4,4,4,4,5,4,4,4,4,6,4,4,4,4,5,4,4,5,4,4,4,4,4,4,4,6,5,4,4,4,5,4,6,4,4,4,4,4,4,6,4,4,4,4,4,4,5,5,4,4,4,4,7,7,4,4,4,4,5,6,4,4,4,4,4,6,5,4,4,4,4,4,5,4,6,4,4,4,4,4,4,4,4,6,4,4,5,4,4,4,4,4,4,5,4,4,4,4,4,5,4,4,4,4,5,5,4,4,4,4,4,4,4,4,5,6,5,4,4,5,4,4,4,4,4,6,5,4,4,4,4,4,6,4,5,4,4,4,4,4,5,4,4,4,4,4,6,4,4,4,4,4,4,4,4,4,4,4,5,5,4,6,4,4,5,4,4,7,4,4,4,4,4,4,5,4,4,4,5,4,4,4,4,5,4,4,4,4,4,4,4,5,4,4,4,4,5,5,4,6,5,4,6,4,4,4,4,5,4,4,4,5,4,4,5,4,4,6,4,5,5,4,4,6,4,4,5,4,4,4,4,4,4,4,4,4,5,4,4,4,4,6,4,4,5,4,4,5,4,4,4,6,4,4,6,4,4,6,4,4,4,4,4,4,4,4,6,4,4,4,4,4,4,5,4,4,4,4,6,6,4,4,4,4,4,4,4,5,5,5,4,4,4,4,4,6,4,4,4,4,4,4,4,4,4,4,4,4,6,4,4,4,4,4,4,4,5,5,5,5,4,4,6,4,4,4,4,4,4,4,4,5,7,4,4,4,6,4,4,4,4,6,4,6,4,4,4,4,4,4,4,5,4,5,4,4,4,5,4,5,6,4,4,4,4,4,4,4,4,4,5,4,6,6,4,4,5,6,4,4,4,7,5,4,4,4,4,6,4,4,4,4,4,5,4,4,4,4,4,4,4,4,5,5,4,4,5,4,4,4,4,5,4,4,4,4,4,4,4,4,4,4,4,4,4,4,4,4,4,4,5,4,4,4,7,6,4,4,4,6,6,4,4,4,4,4,4,4,5,5,4,6,4,4,4,4,4,5,7,4,6,4,4,4,4,4,6,4,4,4,5,4,4,4,5,4,4,4,4,5,4,4,4,4,4,4,6,4,4,5,4,4,4,5,5,4,5,4,4,4,5,4,4,6,4,5,4,4,5,4,5,4,4,4,4,4,4,4,6,4,4,5,4,4,6,4,4,4,4,4,4,4,4,4,4,4,4,5,4,4,5,4,4,4,4,4,4,4,5,4,5,4,6,6,4,5,4,4,4,5,5,5,4,4,4,4,4,5,4,4,4,4,4,4,4,5,4,4,4,5,4,5,4,6,4,4,4,4,4,4,4,4,5,6,4,6,6,5,4,5,5,4,4,5,5,4,4,4,4,4,4,5,5,4,7,4,5,4,4,5,6,4,6,4,4,4,4,4,6,4,4,4,5,5,5,4,4,5,4,4,6,4,4,6,5,4,4,4,5,4,6,4,4,4,4,4,4,5,4,4,4,4,4,5,4,4,5,5,5,4,4,4,5,4,4,6,4,5,4,4,4,6,4,5,4,4,4,5,6,4,5,5,4,4,6,4,4,4,5,4,4,4,5,4,4,4,4,4,4,4,4,4,6,5,4,4,4,4,6,4,4,4,4,4,4,4,4,4,6,4,5,6,6,4,4,4,4,4,4,4,4,4,4,4,4,5,6,4,4,4,4,4,4,5,4,4,5,4,5,4,5,5,4,7,4,4,4,5,4,4,4,4,4,4,4,4,4,4,6,4,5,4,4,4,4,6,4,4,4,6,6,4,4,7,4,5,4,4,4,4,4,4,6,4,4,5,4,5,5,4,4,4,6,5,4,4,4,4,4,4,4,5,5,4,4,4,4,4,5,4,4,5,6,4,4,4,4,4,5,6,5,5,4,4,4,4,4,6,5,4,4,5,4,4,4,5,4,4,4,4,4,6,4,4,4]"
shape_f546bb629e8697e07730,"[6,6,6,7,7,6,7,7,6,7,7,6,6,7,6,6,7,6,6,6,7,6,6,6,6,6,6,6,7,7,6,6,7,6,6,6,7,7,6,7,6,7,6,7,7,7,6,6,7,7,7,6,6,7,6,6,6,6,7,6,6,7,6,7,6,7,6,6,6,6,6,7,7,7,7,6,7,6,6,7,6,6,7,6,6,6,6,6,7,6,6,7,6,6,6,6,6,7,6,7,6,7,6,7,6,6,6,7,6,6,6,6,6,6,7,7,7,7,6,6,6,6,6,7,7,6,6,6,6,7,6,7,7,6,7,7,6,6,7,7,7,7,6,6,6,6,7,6,6,7,7,7,7,7,6,6,7,7,7,6,6,6,6,7,6,7,7,6,6,6,6,6,6,6,6,7,7,6,6,6,7,6,7,6,7,7,7,6,7,7,6,7,7,7,7,6,6,7,6,6,7,6,6,6,6,6,6,7,7,6,6,6,6,7,6,6,6,6,6,6,6,7,6,7,6,6,6,7,6,6,7,6,7,7,6,6,7,6,6,7,7,7,6,6,6,6,6,7,7,7,6,6,6,6,7,6,6,7,6,6,6,6,6,6,6,6,7,6,6,6,7,6,7,6,7,7,6,6,6,6,6,6,7,6,6,6,7,7,6,6,6,6,6,7,6,6,6,6,6,7,7,7,6,6,6,6,7,6,6,6,7,6,7,6,7,6,6,7,6,7,7,6,6,7,6,7,6,6,6,7,6,5,7,7,7,4,7,7,6,7,6,6,6,7,7,6,7,7,6,6,6,7,5,6,6,7,7,6,6,6,6,6,6,7,6,6,6,6,6,6,7,7,6,6,6,7,7,7,6,7,6,6,6,6,7,5,6,6,6,7,7,6,6,7,6,7,7,6,6,7,7,6,7,6,7,7,7,6,6,6,6,7,6,6,7,6,7,7,7,6,6,7,6,6,6,6,6,6,7,7,7,6,6,6,7,7,7,7,6,7,7,7,6,5,6,7,6,6,6,6,7,6,6,7,6,6,6,6,6,7,6,6,7,7,6,6,7,6,7,6,6,7,7,7,6,6,6,6,6,6,7,6,7,7,7,6,6,6,7,6,6,6,6,6,6,7,6,6,7,6,6,7,6,6,6,6,7,6,7,7,6,7,6,6,7,7,6,6,6,6,6,7,7,6,7,6,6,6,7,7,6,7,7,6,7,6,7,6,7,7,7,6,6,6,6,6,7,6,6,7,7,7,6,6,6,6,6,7,7,6,6,6,6,6,7,6,6,6,7,5,7,7,7,6,6,7,7,7,6,7,6,7,6,7,6,6,6,6,6,6,7,6,6,6,7,6,6,6,7,6,7,6,6,6,6,6,6,6,6,6,6,6,7,7,6,7,6,7,7,6,6,7,7,6,6,6,6,7,6,7,6,6,6,6,7,6,6,6,7,6,6,7,6,6,6,6,6,6,6,6,6,7,6,6,6,6,7,6,6,6,7,7,6,7,6,6,6,7,6,6,7,7,7,6,6,6,6,6,7,7,6,7,6,6,6,6,7,7,6,6,6,6,6,6,6,7,6,6,6,6,6,7,6,6,6,6,6,7,7,6,6,6,7,6,6,6,6,6,7,7,6,6,6,7,6,7,6,6,7,7,7,6,7,6,6,6,7,6,7,6,6,7,6,7,6,7,6,6,6,7,6,7,6,6,6,6,6,6,6,6,7,6,6,7,6,6,6,6,7,6,6,7,7,6,7,6,6,6,6,7,7,7,7,6,6,6,6,7,6,7,7,6,6,6,6,6,7,6,7,7,6,7,6,6,7,6,7,6,6,6,6,6,6,7,6,7,6,7,6,6,7,6,7,6,6,6,7,6,6,6,7,6,6,7,6,6,6,7,6,6,6,7,6,7,7,6,6,7,7,6,7,6,7,6,7,6,6,6,7,6,6,6,6,6,6,6,6,6,6,6,7,6,6,6,6,6,6,6,7,6,6,7,6,6,6,6,6,6,7,6,7,6,6,6,7,6,6,7,6,6,6,6,6,6,6,7,6,6,6,6,6,6,6,7,7,6,6,6,7,6,6,6,7,6,7,7,6,7,6,7,6,6,6,7,7,7,7,7,6,7,6,7,6,6,6,6,7,6,6,7,7,6,7,6,7,6,7,7,7,7,7,7,7,6,7,6,6,6,6,7,7,7,6,6,6,6,7,6,6,7,6,6,6,7,6,7,6,6,7,6,6,6,6,6,7,6,6,7,6,6,6,6,6,7,6,7,6,6,7,6,6,6,6,7,7,6,6,6,7,7,6,6,6,6]"
shape_57ea343da7a37815f874,"[7,6,5,6,6,6,7,7,6,7,7,6,6,6,6,7,6,7,6,6,6,7,7,6,7,6,7,6,7,6,6,6,6,7,7,7,6,6,7,6,7,6,6,7,6,7,6,7,7,4,6,4,6,7,7,7,6,6,6,7,7,6,7,6,7,6,6,6,6,7,6,6,6,6,6,6,6,6,6,7,6,6,4,6,7,6,7,6,6,5,6,6,6,7,6,6,6,7,6,7,6,6,6,6,7,6,6,7,6,6,7,6,6,6,4,6,5,5,6,7,7,7,7,7,7,6,7,6,6,6,6,6,6,7,7,6,7,6,4,6,7,7,6,6,6,7,7,7,6,6,6,6,7,6,7,7,6,6,6,6,6,6,6,6,7,6,6,6,6,7,7,6,6,7,7,6,6,7,6,7,6,6,7,6,6,7,6,6,7,7,7,7,7,7,7,7,6,6,7,6,6,6,7,6,6,7,6,6,6,6,7,6,5,6,6,7,6,6,7,6,6,6,7,7,6,6,6,6,7,7,7,6,7,6,6,7,7,7,6,7,7,6,7,5,5,6,7,6,7,7,6,6,6,6,6,6,7,6,6,7,7,7,6,6,6,7,6,6,7,7,6,6,7,7,7,6,6,0,7,6,7,6,6,6,7,7,6,6,7,7,6,6,7,6,6,6,6,6,6,6,7,6,7,7,7,6,7,7,7,7,6,6,6,5,7,6,6,6,6,6,6,7,6,7,6,7,6,6,5,6,6,7,6,7,6,7,6,7,7,6,6,6,6,6,6,7,6,6,6,6,7,6,6,6,6,6,6,7,5,7,6,7,6,6,6,6,6,6,6,6,7,6,6,6,6,6,7,7,6,6,7,6,7,7,7,7,6,7,7,6,6,6,6,6,7,6,7,7,6,6,5,4,7,6,6,6,7,6,6,6,6,6,7,6,6,7,6,6,6,6,6,6,6,6,5,6,7,6,6,6,6,7,6,7,6,6,6,6,7,7,6,7,6,6,6,6,6,6,7,6,6,6,6,7,7,6,6,6,7,6,6,7,6,7,6,6,6,6,7,7,6,6,7,6,6,6,6,7,6,6,7,6,6,7,6,7,5,7,6,7,6,6,6,6,7,6,7,6,4,6,7,6,6,7,7,6,6,6,7,7,6,7,7,7,6,6,6,7,7,6,6,6,7,6,6,7,7,7,7,7,7,7,6,6,6,6,6,7,7,6,6,6,6,6,7,7,6,7,6,7,6,6,7,6,6,6,6,7,7,6,6,7,6,7,7,6,7,7,6,7,6,7,6,6,7,7,7,6,6,6,6,6,6,6,6,6,6,7,6,7,5,6,7,7,6,7,6,6,7,7,6,6,6,6,6,7,4,7,7,6,6,5,7,7,6,6,7,6,6,6,6,6,6,6,6,6,6,6,6,5,6,6,7,7,6,6,5,6,6,6,6,6,7,6,6,6,6,7,7,6,6,6,6,6,6,6,6,6,7,6,6,6,6,7,6,7,6,7,6,6,6,6,7,7,6,7,7,6,7,6,6,7,6,7,7,6,7,7,6,6,6,6,6,7,7,6,6,6,7,6,6,6,6,7,6,6,7,6,6,7,7,7,6,6,7,7,7,6,6,7,6,6,7,7,6,7,6,6,6,7,6,6,7,6,6,6,7,6,7,6,5,6,7,7,6,7,7,7,6,6,6,7,7,6,7,6,6,6,5,7,6,6,7,7,6,7,6,6,6,7,6,6,6,6,6,6,7,7,6,7,6,6,6,6,6,7,6,6,7,6,6,6,7,6,6,6,7,7,6,7,6,6,6,7,6,6,6,4,6,7,7,5,7,6,6,6,7,6,7,6,7,7,6,6,6,7,6,6,6,6,6,6,7,7,6,7,7,6,7,6,7,7,6,7,7,6,6,7,7,6,6,6,6,6,6,6,6,7,5,4,7,7,6,7,7,7,6,6,5,6,6,7,6,7,6,6,7,6,5,7,6,6,7,6,7,6,6,7,6,6,7,7,6,6,6,6,7,6,6,6,6,6,7,6,6,6,7,6,6,6,7,6,6,7,6,7,6,7,6,7,6,7,6,6,7,6,6,6,6,6,7,6,7,7,7,6,7,6,7,7,6,6,6,7,7,7,6,6,6,7,7,6,6,6,6,7,7,5,7,6,6,7,6,6,6,6,7,6,6,7,7,6,7,6,6,6,7,7,6,6,6,6,6,6,7,7,7,6,6,7,5,6,7,6,6,7,6,6,6,6,6,6,6,6,6,6,6,7,6,6,7,6,6,7,7,6,7,6,6,7,7,7,7,6]"
shape_57643c913fc86a7f81d0,"[3,5,5,7,5,5,5,6,5,4,6,4,4,5,6,3,3,4,4,4,6,4,7,7,6,7,3,4,3,7,4,4,4,5,3,5,6,4,4,4,4,6,3,6,5,4,3,6,4,4,5,7,4,7,5,4,6,3,6,3,5,4,4,5,6,6,6,5,5,4,5,5,5,5,5,6,6,4,3,7,3,7,4,4,5,6,7,5,6,5,6,3,3,3,4,5,5,4,4,4,5,3,5,5,7,4,4,4,5,4,6,4,5,5,6,7,6,5,4,4,5,3,6,4,3,5,6,6,3,4,4,5,4,4,4,6,7,3,6,7,5,5,7,6,3,7,4,7,4,6,4,6,6,5,4,7,4,5,4,4,6,5,5,7,4,4,6,6,6,5,3,3,4,7,4,5,4,5,5,6,5,7,3,4,7,4,7,7,5,5,5,4,4,7,4,4,6,3,5,4,6,6,7,4,6,6,7,3,5,5,4,6,4,4,6,3,5,6,5,6,6,3,3,5,4,4,6,3,7,7,3,3,4,6,5,4,4,5,5,5,5,5,5,3,3,6,5,4,4,5,3,6,4,5,5,6,6,4,4,4,3,4,7,3,4,5,4,4,3,5,4,4,4,3,6,5,5,4,7,7,6,7,5,4,4,5,7,4,5,3,4,6,3,4,5,7,7,7,3,5,4,4,7,7,6,4,5,7,5,4,3,6,6,7,5,5,4,5,6,3,6,5,5,5,3,7,6,6,3,7,5,7,4,4,5,6,7,4,7,4,6,7,6,4,4,3,6,4,7,6,7,3,4,5,5,5,6,3,6,5,5,4,7,5,6,6,4,4,4,7,3,4,4,5,3,4,5,4,6,5,5,6,4,4,4,7,5,3,5,5,6,5,7,7,4,3,7,4,4,6,5,6,4,5,7,6,4,4,5,4,7,7,7,4,6,5,6,3,7,4,5,5,7,3,6,4,3,6,4,6,4,4,3,7,5,4,4,4,4,7,5,4,7,4,6,5,3,4,5,4,6,4,5,7,7,5,7,6,4,4,5,7,5,3,3,4,7,4,7,7,5,6,4,3,3,4,3,6,7,4,4,4,5,4,6,4,6,7,6,5,6,3,5,5,4,6,5,6,3,6,4,7,4,3,6,6,3,6,5,3,5,5,4,3,4,6,6,6,5,5,5,6,4,4,7,7,4,7,3,5,5,4,5,4,3,5,5,7,3,3,6,6,7,7,6,6,5,5,5,4,5,6,5,3,7,4,7,5,5,6,4,3,7,4,7,5,6,4,3,7,7,7,6,4,6,6,5,7,4,4,7,6,5,4,4,3,4,6,5,5,6,5,7,5,3,6,4,3,4,7,5,4,4,4,5,4,6,4,6,6,6,4,4,6,3,5,3,5,4,5,6,4,7,6,6,6,4,7,5,4,4,5,6,3,7,6,4,5,4,6,6,6,4,4,4,5,5,4,3,5,5,4,7,3,7,4,4,5,5,6,4,5,5,5,4,3,6,6,7,6,5,7,4,6,5,7,4,4,6,7,5,5,6,4,7,7,4,6,5,4,4,4,7,4,4,3,5,4,3,3,6,6,4,6,6,5,6,7,4,3,4,5,4,4,4,6,5,4,7,4,4,5,4,3,4,6,5,4,5,4,6,4,7,4,6,6,4,4,5,6,4,5,4,7,4,4,4,4,3,3,3,5,4,3,3,4,3,4,6,6,4,3,4,6,4,4,6,3,7,4,6,3,4,4,5,5,4,6,3,5,4,4,7,5,4,5,5,5,6,5,5,6,7,7,4,5,4,4,4,7,3,3,5,4,4,4,4,3,7,7,3,7,5,7,4,4,4,4,4,4,4,6,6,3,7,4,5,7,6,4,5,3,4,6,5,6,5,6,6,4,5,4,4,6,4,5,4,6,4,4,5,6,5,6,7,5,5,6,4,5,7,7,5,5,6,4,3,7,4,6,4,3,5,7,7,5,5,6,5,5,4,5,7,4,5,6,3,7,3,3,6,4,7,5,7,6,4,4,6,6,5,4,5,4,4,4,6,6,4,6,6,6,3,7,6,5,5,4,4,4,5,6,5,5,5,4,6,7,5,7,3,6,7,4,3,5,5,4,3,6,3,7,4,5,5,3,4,6,4,6,7,4,6,4,5,5,7,5,4,5,6,6,6,4,3,7,3,4,4,5,3,4,6,6,5,5,4,6,7,4,7,5,4,4,7,3,5,4,4,6,4,4,7,5,7,4,6,5,4,4,4,7,6,4,6,7,4,7,6,4,3,3,6,4,4,6,5,5,3,3,6,7,6,6]"
shape_afeb89edf89adfaeb950,"[6,6,6,6,6,6,6,6,6,6,7,6,7,6,6,6,6,6,6,7,6,6,6,6,6,6,6,6,7,6,6,6,6,6,6,6,6,7,6,6,6,6,6,6,6,6,6,6,6,6,6,6,6,6,6,7,7,7,6,7,6,7,6,6,6,6,6,7,7,7,6,6,6,6,6,6,6,6,6,6,6,6,6,6,6,6,6,6,6,6,7,7,6,6,6,6,7,6,6,6,6,6,6,6,6,6,6,6,6,6,6,6,7,7,6,6,6,6,6,6,6,6,6,6,7,6,7,7,7,7,7,6,6,7,6,6,7,6,6,6,6,6,6,7,6,7,6,6,6,7,6,6,7,6,6,6,6,6,7,6,6,6,6,7,6,6,7,6,6,6,6,6,6,6,6,6,6,6,6,6,7,6,6,6,6,6,6,6,6,6,6,7,6,6,7,7,6,6,6,6,6,7,6,6,6,6,6,6,6,6,6,7,6,6,6,7,6,7,7,6,6,6,6,7,6,7,6,7,7,6,7,6,6,6,6,6,6,6,7,6,6,6,6,6,6,6,7,6,6,6,6,6,6,7,7,6,6,6,6,6,6,6,6,6,6,7,7,7,6,6,6,6,6,6,6,6,6,6,6,6,6,7,6,6,6,7,6,6,6,6,6,6,6,6,6,6,6,6,6,6,7,6,6,7,6,6,6,6,6,7,7,6,6,6,6,6,6,7,7,7,6,7,6,7,6,6,6,6,6,6,7,6,7,6,6,6,6,6,7,6,6,6,6,7,7,6,7,6,6,6,6,6,7,6,6,6,6,7,7,6,7,7,6,6,6,6,6,6,6,6,7,6,6,7,6,7,6,7,6,7,6,6,7,6,6,6,6,6,6,7,6,7,6,6,7,7,7,6,6,6,6,6,6,6,6,6,6,6,7,7,6,6,7,6,7,6,6,6,6,6,6,6,7,6,6,6,6,6,6,6,6,6,7,6,6,6,6,6,6,6,6,6,7,6,6,7,6,6,7,6,6,6,6,7,6,7,7,7,6,6,6,6,7,6,6,6,6,6,6,6,6,7,6,6,6,6,6,7,6,7,6,7,6,7,6,6,6,6,6,6,6,7,6,6,6,6,7,6,6,6,6,6,6,6,6,6,7,6,6,6,6,6,6,6,7,6,7,6,6,6,6,6,7,6,7,6,6,7,6,7,7,7,7,6,7,6,6,7,6,6,6,7,6,6,6,6,6,7,6,6,7,6,7,6,6,6,7,6,6,7,6,7,6,6,6,6,6,6,6,6,6,7,6,7,6,6,6,6,6,7,6,6,7,6,7,6,6,6,6,6,6,7,6,7,6,7,6,6,6,6,6,6,7,6,6,7,6,6,6,6,6,6,6,7,6,6,7,6,6,6,6,6,6,7,6,7,7,6,6,6,6,6,6,6,6,7,6,6,6,6,7,7,6,6,6,6,6,6,6,6,6,6,6,6,6,6,6,6,6,6,6,6,6,6,6,6,6,6,7,6,6,6,6,6,6,7,6,6,6,6,6,6,7,7,7,7,7,6,6,6,7,6,6,6,7,6,6,6,7,7,6,6,6,6,6,6,6,6,6,6,6,6,6,6,6,6,6,6,7,7,6,6,6,6,7,6,6,6,6,6,6,6,6,6,7,7,6,7,6,7,6,6,6,6,7,6,6,6,6,6,6,6,6,6,6,6,6,6,6,7,6,6,6,6,6,6,7,6,6,7,6,6,7,7,6,6,6,6,6,7,6,7,6,6,6,6,6,7,6,6,6,6,6,6,6,6,6,6,6,7,6,6,6,6,6,7,7,6,7,6,6,6,6,6,6,6,6,6,6,6,6,7,6,6,6,6,6,7,6,6,6,7,6,6,6,6,7,6,6,6,6,6,6,6,6,6,6,7,6,7,6,6,6,6,6,7,6,6,6,6,6,6,6,6,6,6,7,6,6,6,6,6,6,6,6,6,6,6,6,6,6,7,6,7,6,6,6,6,7,6,6,6,6,6,6,6,6,6,6,6,6,6,6,6,6,7,6,6,6,6,6,6,6,6,6,6,6,7,7,6,6,6,6,6,6,6,6,6,6,6,6,6,7,6,6,6,7,6,6,6,6,6,6,6,7,6,6,6,6,6,6,6,7,6,6,7,6,7,6,7,6,6,6,6,7,7,6,7,6,6,6,7,6,6,6,6,6,6,7,7,6,6,6,6,7,6,6,6,7,6,6,6,6,6,7,6,6,6,7,6,6,6,6,6,7,6,6,6,6,6,6,6,6,6,6,6,7,6,7,6,7,6,6,7]"
shape_f46da45095ed1c327ab7,"[5,5,5,5,5,5,4,5,5,6,4,6,5,6,5,5,5,6,6,5,4,5,6,5,5,5,5,6,5,6,6,5,6,4,5,5,5,4,4,5,5,5,4,5,6,5,4,5,4,6,5,5,4,5,4,5,5,4,5,5,5,6,5,5,6,5,6,5,4,5,4,5,5,4,4,5,5,5,5,5,4,6,5,4,4,6,5,6,5,5,5,5,5,5,5,5,4,5,5,5,5,6,5,5,4,5,5,5,5,6,5,6,4,5,6,4,5,4,5,4,4,5,4,6,5,6,5,5,5,5,5,5,4,4,6,5,5,5,5,5,5,6,6,5,5,5,5,5,5,6,5,5,5,6,5,5,5,4,5,6,4,5,5,5,4,5,5,5,5,5,5,5,4,5,4,4,5,6,6,5,5,6,5,4,4,5,5,5,5,4,6,6,5,4,5,5,4,5,4,5,5,4,5,5,6,5,6,5,5,4,5,5,4,5,4,4,5,5,6,5,4,6,6,4,5,5,6,5,5,4,6,6,5,4,5,5,5,5,4,5,5,4,4,7,6,5,4,5,5,5,5,5,4,5,6,6,6,5,5,6,5,6,5,5,5,5,5,6,5,5,4,5,5,5,5,5,5,5,6,5,5,6,5,6,5,6,6,5,5,5,5,4,5,5,6,5,4,5,5,5,6,5,5,6,6,5,6,5,5,5,7,4,6,4,5,6,5,4,6,5,5,6,4,5,6,5,5,5,5,5,4,5,5,5,5,5,5,4,5,5,5,5,5,4,5,5,4,4,5,5,5,4,5,5,5,5,6,4,4,5,7,6,5,5,5,5,6,4,4,5,6,6,5,5,5,5,4,5,7,5,5,5,5,5,5,5,5,5,5,5,6,6,4,5,5,5,5,5,5,6,5,5,5,5,5,5,5,5,5,5,6,5,6,6,5,4,5,5,6,5,5,5,6,4,5,6,5,5,5,4,4,5,4,5,5,5,4,5,4,5,5,6,6,5,5,4,5,5,5,5,6,5,5,5,5,4,5,5,5,5,4,6,5,6,4,5,5,5,5,4,5,4,5,5,5,6,5,6,5,4,5,6,6,5,5,5,5,5,5,5,5,6,4,6,6,5,5,5,4,4,5,5,5,5,5,6,4,5,5,5,6,6,6,5,5,5,5,6,4,5,5,5,6,6,5,5,4,5,5,5,5,4,5,5,5,5,5,6,4,7,5,4,5,6,4,6,5,6,5,6,4,5,5,5,5,5,5,5,4,5,5,5,5,5,6,5,5,4,5,4,5,4,5,5,6,5,6,5,5,5,4,5,4,6,6,5,4,5,5,6,5,4,6,5,4,6,4,5,5,5,6,5,4,5,5,5,5,5,6,5,5,5,4,4,6,4,5,5,5,5,5,5,4,5,4,6,5,5,5,5,4,5,5,5,6,5,5,4,5,5,6,5,5,5,4,4,5,5,5,4,4,6,5,5,4,4,6,5,5,4,4,6,5,5,4,5,5,5,5,4,4,5,4,5,5,5,4,5,4,5,5,4,6,5,5,5,5,5,5,5,4,5,5,5,5,5,5,5,5,5,6,5,5,4,5,6,4,5,5,5,5,5,4,5,4,6,6,4,5,4,5,5,5,5,5,5,5,5,4,5,6,6,4,5,5,5,5,5,5,5,5,4,5,5,6,6,5,6,5,5,5,5,5,6,5,5,5,5,5,5,5,6,5,5,5,5,5,5,5,5,5,5,5,5,5,4,6,5,6,5,4,5,4,5,5,6,4,4,5,4,5,6,6,5,4,5,5,4,5,5,6,5,4,5,6,5,5,4,5,5,5,5,4,5,7,5,5,6,4,5,5,4,5,5,5,5,5,4,5,5,6,4,5,5,6,4,6,5,5,5,4,4,6,5,5,4,5,5,5,6,4,5,6,5,6,4,6,5,5,5,6,6,4,5,4,6,4,5,5,5,6,4,5,5,4,5,5,6,6,5,4,5,5,5,5,5,4,4,4,6,5,6,6,6,5,5,5,5,5,5,6,5,5,5,4,5,5,5,5,4,5,5,5,5,6,5,5,6,6,5,5,5,4,4,4,5,6,5,6,5,5,5,5,6,6,6,5,5,5,5,6,4,5,4,6,4,5,4,5,5,5,4,6,4,4,5,6,4,5,5,5,4,4,4,4,6,7,4,4,5,6,6,5,4,5,5,4,7,6,5,4,6,5,5,5,4,5,5,5,4,5,5,6,6,5,5,6,4,5,6,6,5,5,5,6,6,5,6,6,6,4,4,6,6,5,4,5,6,4,5,6,5,6,5]"
shape_ef94bab05d4148c8e135,"[7,6,6,6,6,6,6,6,6,6,7,6,6,6,6,6,7,6,6,6,6,7,6,6,7,6,7,6,6,6,7,6,6,7,7,6,7,6,6,6,7,6,6,6,7,6,6,7,6,6,6,6,6,6,6,6,6,6,6,6,7,6,6,6,6,6,7,6,6,6,7,6,7,7,7,6,7,6,6,6,7,6,7,6,6,6,6,6,6,6,6,6,6,6,6,6,6,6,6,6,6,6,7,6,6,6,6,6,7,7,7,6,6,6,6,6,6,6,6,6,6,6,7,6,7,6,7,6,6,6,7,7,7,6,6,6,6,7,6,6,6,6,6,6,6,6,6,6,6,7,6,7,6,6,6,6,6,7,7,7,6,6,6,7,6,6,6,6,7,6,7,7,7,6,6,6,6,6,6,6,6,7,6,7,7,6,6,6,6,6,6,6,6,6,6,7,7,6,6,7,6,6,6,7,6,6,6,6,6,7,7,6,6,6,6,6,7,6,6,7,6,6,6,6,6,7,7,6,6,6,6,7,6,6,7,6,6,6,6,7,7,6,6,6,6,7,7,6,7,6,7,6,6,7,7,7,6,6,6,6,7,7,6,6,6,6,6,7,7,6,7,7,6,6,6,6,6,6,6,7,6,6,7,6,6,6,6,6,6,6,6,6,6,6,6,6,6,6,6,6,6,6,6,6,6,6,6,6,6,6,6,6,6,6,6,6,7,6,6,7,6,6,7,6,6,6,6,6,6,6,7,6,6,6,6,6,6,6,6,7,6,6,6,7,6,6,7,6,6,6,6,6,6,6,6,6,6,6,6,6,6,7,6,6,6,6,6,7,6,6,6,6,6,6,6,6,6,6,6,6,7,6,6,6,6,6,6,6,7,6,6,6,6,7,6,6,6,6,6,7,6,7,6,6,6,7,6,6,6,6,6,6,6,6,6,6,6,7,6,6,6,6,6,6,6,7,6,7,6,6,6,6,7,6,6,7,6,6,6,7,6,7,6,6,6,6,6,6,6,6,6,6,6,6,6,6,6,6,6,6,6,6,6,6,6,6,6,6,6,6,6,6,6,7,6,6,6,6,6,6,7,6,6,6,6,6,6,7,6,6,7,6,6,6,7,6,6,6,7,6,6,6,6,7,7,6,7,6,6,6,6,7,6,6,6,6,6,6,6,6,6,6,7,7,6,7,7,6,6,6,6,6,6,6,6,6,6,6,6,6,6,6,6,6,6,6,6,6,6,6,6,6,6,7,6,7,6,7,7,7,6,6,6,6,6,6,6,7,7,7,6,6,6,6,6,7,6,6,7,6,6,6,6,6,6,6,6,6,6,6,6,7,6,6,6,6,6,6,7,6,6,6,6,6,6,7,6,6,6,6,6,7,6,6,6,6,7,6,6,6,6,6,6,7,6,7,7,6,7,6,6,6,6,6,7,6,6,7,7,6,6,6,7,6,6,6,6,7,7,6,7,7,6,6,6,6,6,6,6,7,6,6,6,6,6,6,6,6,6,7,6,6,6,6,6,6,6,7,6,6,6,6,6,6,7,6,6,6,6,6,6,6,6,7,6,6,7,6,7,6,6,6,6,7,7,7,6,6,7,6,6,7,7,6,6,6,6,6,6,6,6,6,6,6,6,6,7,6,6,6,7,6,7,6,6,6,6,6,6,6,7,7,6,6,6,6,6,7,6,6,6,6,7,6,7,6,7,6,7,7,7,7,6,6,7,7,6,6,6,6,6,7,7,7,6,7,6,6,6,6,7,7,7,7,6,6,6,6,6,6,6,6,6,7,6,6,6,6,6,7,6,6,6,6,7,6,6,6,6,6,7,6,6,6,6,6,6,7,6,7,6,6,6,6,6,7,6,6,7,6,6,6,6,7,7,6,6,6,6,7,6,6,6,7,7,6,6,6,6,6,6,6,6,6,6,7,6,6,6,7,7,6,6,6,6,6,6,6,6,6,7,6,6,7,6,6,6,6,6,6,6,6,7,6,6,6,6,6,6,6,7,7,6,6,7,6,7,7,6,6,7,6,7,6,6,7,6,6,7,6,6,6,6,6,6,6,6,6,6,6,7,6,6,6,6,7,6,6,6,6,6,6,6,6,7,6,6,6,6,6,6,6,7,6,6,6,6,6,7,6,6,6,6,6,6,6,6,6,6,6,7,7,6,7,7,7,7,6,6,6,6,6,6,6,6,6,6,6,7,6,6,6,7,6,6,6,7,6,6,6,7,6,7,7,7,6,6,6,6,6,7,6,6,6,6,6,6,6,6,7,6,6,6,7,6,7,6,6,6,6,6,6,6,6]"
shape_29e2de96b501fcfecc88,"[7,6,6,6,6,6,6,6,7,6,6,6,7,7,7,6,6,7,6,6,6,6,6,7,6,6,6,6,6,6,6,6,6,6,6,6,6,7,6,7,6,7,6,6,6,6,7,6,6,7,6,6,6,6,6,6,7,6,7,6,6,6,6,6,6,6,7,6,6,6,6,6,7,7,6,6,7,6,6,6,6,6,6,6,6,6,7,6,6,6,6,7,6,6,6,6,6,7,6,6,6,6,7,7,6,6,6,6,6,6,6,6,6,7,6,7,6,6,6,6,6,6,6,6,6,6,6,6,6,6,7,6,6,6,6,6,6,6,6,6,6,6,6,6,6,6,6,6,6,7,6,7,6,6,6,6,7,6,7,6,6,6,6,6,6,6,6,6,6,6,6,6,6,6,6,6,7,6,6,7,7,6,6,6,6,6,6,6,6,6,6,7,6,6,6,7,6,6,7,7,7,6,6,6,6,6,6,7,6,6,7,6,6,7,7,6,7,6,6,6,6,7,6,6,6,6,6,7,6,6,6,6,6,7,6,6,6,6,6,6,6,6,6,6,6,7,6,6,6,6,6,6,6,6,7,7,7,6,6,6,6,6,7,6,6,6,6,6,7,6,6,7,7,6,7,6,6,7,6,6,7,6,7,6,6,6,6,6,6,6,6,6,6,6,6,6,6,6,6,6,6,6,6,6,6,7,6,7,6,6,6,6,6,6,6,6,6,6,6,6,6,6,6,6,6,6,6,7,6,6,6,6,7,6,6,7,6,6,6,6,7,6,6,6,6,7,6,6,6,6,7,6,6,7,6,6,6,6,7,6,7,6,7,6,6,7,6,6,6,6,7,6,6,6,6,6,6,6,6,6,6,6,7,6,6,6,6,6,7,7,7,7,7,6,6,6,7,6,6,6,6,6,6,6,6,6,6,6,7,6,6,6,6,6,7,6,6,6,6,6,6,6,6,6,6,6,6,6,6,6,7,6,6,6,6,6,6,6,6,6,6,7,6,6,6,6,6,7,7,7,6,7,6,6,6,6,7,6,6,6,6,6,6,6,6,6,6,6,6,6,7,6,6,6,6,6,6,6,6,6,6,6,6,6,6,6,6,7,6,6,7,6,7,6,7,6,6,6,6,6,6,7,6,6,6,6,6,7,7,6,7,7,6,6,6,6,6,6,7,6,7,6,6,6,6,6,6,6,6,6,6,7,6,6,6,6,6,6,6,7,6,6,6,6,7,6,6,6,6,7,6,6,7,6,6,6,7,6,7,6,6,7,7,6,6,6,6,6,7,6,6,6,6,6,6,6,6,6,6,6,6,6,6,7,6,6,6,6,6,7,7,6,6,6,6,7,6,6,6,6,6,6,7,6,6,6,6,7,6,6,6,6,6,7,6,6,6,6,6,6,6,7,6,6,6,7,7,7,6,6,7,7,6,7,6,6,6,6,6,6,6,6,6,6,6,6,6,6,6,6,6,6,6,7,6,6,6,6,6,6,6,6,6,6,6,6,6,6,6,7,7,6,6,6,6,6,6,6,6,7,6,6,6,6,6,6,6,6,6,7,6,6,6,7,6,6,6,6,6,7,6,7,7,6,6,6,6,7,6,7,6,6,6,6,6,6,6,6,6,6,6,6,7,7,6,6,6,6,7,7,6,6,7,6,6,6,6,6,7,7,7,7,7,6,7,7,6,6,6,7,6,6,6,6,6,6,6,7,6,6,7,6,6,6,6,6,6,6,6,6,6,6,7,6,6,6,6,6,6,7,6,6,6,6,6,7,6,6,7,7,6,6,6,7,6,6,7,6,6,6,6,6,6,7,6,6,6,6,6,6,6,6,6,6,6,6,6,6,6,6,7,6,6,7,7,7,7,6,6,6,6,6,6,6,7,6,6,6,6,7,7,6,6,7,6,6,6,6,6,6,6,6,6,6,6,7,6,6,6,6,6,7,6,7,6,6,6,6,7,6,6,6,7,7,7,6,6,6,6,6,7,6,7,7,6,6,6,7,6,7,7,6,6,6,6,6,6,6,6,6,6,6,6,7,6,7,6,6,6,6,6,6,6,6,6,7,6,6,6,6,6,6,7,6,7,7,6,6,6,6,6,6,6,7,7,6,6,6,6,6,6,6,6,6,6,6,6,7,7,6,6,6,6,6,6,6,6,6,6,7,6,6,7,6,7,6,6,6,6,7,7,6,6,6,6,6,6,6,6,6,6,6,6,6,7,6,6,6,6,6,6,7,6,6,6,7,6,7,7,6,6,6,6,6,6,6,6,6,6,6,7,6,6,7,6,6,7,6,6,6,7,6,6,6]"
shape_04eaee06ae53db0b73b0,"[7,5,3,5,5,5,5,7,5,5,3,5,5,5,3,3,4,6,5,3,0,5,3,2,0,5,3,5,5,5,5,5,3,5,5,3,6,5,3,5,3,5,5,5,0,0,3,3,5,3,5,5,5,5,5,5,0,5,5,5,5,5,5,0,5,5,5,3,3,5,5,3,5,5,3,7,5,5,3,5,7,5,5,5,3,0,5,3,5,5,5,7,5,5,5,3,5,5,3,3,5,5,5,6,5,5,3,5,5,5,3,3,3,3,0,5,5,5,3,5,6,3,5,5,5,3,5,0,3,3,3,0,5,5,3,5,5,5,5,5,5,3,5,5,5,3,5,5,5,5,5,5,5,3,5,3,3,7,7,5,2,3,0,3,5,3,3,5,5,5,5,5,3,4,5,3,2,3,5,5,3,5,5,5,5,3,3,3,3,5,5,5,5,5,5,3,5,5,0,5,5,3,5,7,5,5,5,5,5,5,7,3,5,6,5,5,5,5,5,3,5,5,5,3,3,3,5,5,5,0,5,0,5,5,5,5,5,5,5,3,5,3,5,5,5,5,3,3,3,3,3,3,0,5,0,6,5,5,3,0,5,5,0,3,5,5,5,5,5,5,3,3,3,5,5,5,3,5,3,5,5,3,5,5,0,5,5,5,3,5,3,5,3,0,5,5,3,5,5,3,0,5,5,3,3,5,3,5,5,5,3,5,3,3,5,5,5,3,3,5,5,5,5,5,5,3,5,3,5,3,5,5,5,3,5,3,5,3,5,5,5,5,5,5,5,5,6,6,5,5,5,5,3,5,5,6,5,0,0,5,5,5,3,3,3,6,5,5,3,3,5,5,5,5,3,3,0,5,5,0,5,3,3,5,3,3,5,5,2,5,5,5,5,3,3,3,3,5,0,0,3,2,5,5,3,5,5,7,5,3,5,3,0,5,3,2,5,5,0,5,2,5,0,5,5,3,5,5,5,5,7,2,3,5,3,7,3,5,5,5,3,6,0,5,5,5,5,5,3,5,5,5,7,3,5,5,5,5,5,5,5,3,5,5,5,3,5,5,0,3,0,5,5,5,5,3,5,5,3,5,3,3,3,5,5,3,5,5,3,0,3,5,5,5,3,5,5,5,3,5,5,3,5,5,3,5,3,5,3,5,5,5,5,5,5,3,3,5,0,3,3,3,5,3,5,3,3,5,3,5,5,0,5,5,5,5,5,5,5,5,5,0,5,5,5,3,5,5,5,6,3,5,0,5,5,0,5,5,0,3,3,3,5,5,5,0,5,3,5,3,3,5,2,7,0,5,3,0,5,0,5,7,5,5,3,5,3,5,5,5,5,5,3,5,5,5,2,5,6,5,3,5,5,3,5,3,5,3,3,5,5,6,5,7,5,3,5,3,5,6,4,3,5,3,5,5,5,5,5,0,2,5,5,5,5,5,5,5,3,5,5,5,5,5,5,5,5,3,5,5,5,5,5,3,5,5,3,5,5,5,3,5,3,3,3,5,5,3,7,5,5,3,3,3,5,5,7,3,5,3,3,5,0,7,5,5,5,3,5,7,5,5,5,5,5,5,0,5,5,5,3,5,5,5,5,3,5,5,5,5,5,5,5,5,5,5,5,3,2,3,7,5,5,3,4,3,3,3,5,3,3,3,5,3,3,5,5,5,3,3,5,3,2,5,5,5,5,3,5,5,5,3,0,5,5,5,7,5,5,7,3,3,5,4,5,5,5,3,5,5,5,3,3,0,3,3,7,5,5,5,3,3,0,5,5,5,3,0,3,3,5,5,5,5,7,5,5,5,5,3,3,3,5,5,3,5,5,5,0,3,0,3,6,5,0,0,5,3,3,5,5,5,5,0,0,5,3,3,6,3,0,3,5,3,3,5,3,3,5,5,5,5,5,3,0,0,3,0,5,5,5,3,3,5,3,5,5,0,0,3,3,3,5,3,5,3,4,5,3,5,3,5,5,5,5,5,2,3,7,7,5,5,3,3,3,0,5,5,5,2,5,5,5,7,5,5,3,3,7,1,5,5,5,3,3,7,3,5,5,3,0,6,5,5,5,5,3,5,0,5,5,3,5,5,5,5,5,5,3,5,3,3,7,5,3,3,2,5,5,3,3,5,3,5,5,5,5,5,3,5,5,5,6,3,0,5,5,5,5,7,7,5,5,5,5,0,5,5,5,5,5,0,5,5,3,3,5,5,5,5,5,3,5,5,0,5,3,5,5,5,5,3,3,5,3,7,3,3,3,5,3,0,3,5,3,5,5,3,0,3,3,5,3,5,5,5,3,3,5,5,6,5,5,5]"
shape_860a608c237ff1fb725c,"[0,5,4,4,0,4,4,4,0,4,4,4,5,0,4,0,6,0,5,5,4,0,0,0,4,4,4,4,4,5,4,0,0,4,4,4,4,0,4,0,4,4,4,0,5,4,5,5,4,0,0,4,4,4,4,0,0,4,5,4,0,4,0,4,4,6,4,4,4,4,4,5,4,0,0,0,4,4,4,0,4,4,0,4,4,5,4,4,4,4,5,5,4,4,4,6,4,5,4,0,6,5,5,0,0,4,0,5,0,5,4,4,0,4,6,5,4,5,5,4,0,0,0,0,4,5,0,6,4,4,4,4,6,0,5,4,4,4,4,0,4,0,0,4,0,0,4,4,4,0,4,0,4,4,4,4,0,4,4,4,4,4,5,6,4,5,5,4,5,4,5,0,4,0,4,4,4,4,4,0,4,5,5,4,0,0,5,4,4,0,7,4,4,4,5,5,4,4,4,5,0,4,5,5,0,5,6,4,7,5,4,4,0,4,0,4,4,4,0,4,6,6,4,6,5,0,6,4,0,4,4,0,5,4,4,4,4,4,4,0,4,4,4,4,5,4,4,4,0,0,4,5,4,4,4,4,4,5,4,4,4,4,4,4,4,4,4,0,4,4,5,4,0,0,4,4,4,0,0,4,4,4,4,4,4,4,4,4,4,4,0,4,4,4,4,4,4,0,4,0,0,4,4,4,0,4,4,0,4,0,4,4,4,0,5,0,0,0,0,5,4,0,4,4,4,5,4,5,4,4,0,4,0,4,5,5,0,4,4,0,4,4,4,5,0,4,4,5,4,4,5,0,0,0,4,0,0,5,4,4,4,4,4,5,4,0,0,0,4,0,4,4,5,4,4,4,4,4,0,4,0,0,4,0,0,4,4,4,4,4,0,4,5,4,0,4,5,0,4,4,0,6,0,5,5,0,5,4,0,4,4,4,4,4,4,0,4,5,4,5,0,4,5,4,0,5,4,4,4,4,5,0,4,0,0,4,5,4,4,4,0,5,5,4,4,4,4,0,4,0,4,5,4,0,0,4,4,5,4,4,0,5,4,4,4,5,0,0,4,4,4,5,4,4,0,5,5,4,4,5,4,5,4,5,4,5,4,0,4,4,0,4,5,0,4,0,0,4,4,5,0,4,5,4,4,4,0,0,0,4,4,5,4,4,0,6,4,5,4,4,4,0,4,4,0,5,0,0,6,0,0,4,4,4,4,4,0,5,4,0,4,4,4,4,6,5,0,4,4,4,4,4,5,5,5,4,0,5,4,4,4,4,0,5,0,4,0,4,4,4,4,0,0,6,0,4,4,5,4,4,4,5,4,4,4,0,0,0,5,4,4,5,5,4,4,4,0,0,0,4,4,5,0,0,4,6,4,0,0,4,0,4,4,0,0,4,4,5,4,0,0,0,0,4,0,4,4,4,4,0,4,0,4,4,5,4,0,5,0,4,4,4,0,5,5,4,4,0,0,4,0,0,4,0,4,4,4,0,5,4,4,0,4,4,4,0,4,4,0,4,5,4,4,0,5,5,4,4,4,4,5,0,4,4,4,4,4,4,4,5,5,4,4,4,4,0,4,4,4,4,0,4,4,0,6,5,4,0,6,4,4,4,0,4,0,4,4,0,6,0,5,0,5,0,6,4,4,5,4,5,6,5,0,0,0,0,4,0,5,0,4,0,0,4,0,4,4,5,0,4,4,4,5,0,0,5,0,4,0,4,4,4,4,4,6,0,4,5,0,4,0,5,4,4,5,5,4,0,4,0,4,0,4,4,4,4,5,6,5,0,0,4,4,4,4,4,4,4,6,4,0,5,4,0,4,4,5,4,0,4,0,4,5,0,5,5,4,0,0,0,0,5,4,4,0,5,4,4,0,0,5,4,0,0,4,0,0,4,4,4,5,5,5,4,0,4,0,0,4,4,4,4,4,5,4,4,5,0,4,4,5,5,0,4,4,6,4,5,4,5,4,4,4,4,4,4,4,5,0,5,4,4,4,4,4,4,5,4,4,6,4,7,0,4,5,5,4,4,4,4,4,5,4,0,5,4,5,0,6,6,4,0,4,0,0,0,5,0,4,0,7,4,0,4,4,0,4,4,4,4,4,4,4,4,0,0,4,4,4,4,4,4,0,5,4,4,5,4,5,4,0,4,4,4,4,0,0,0,0,0,4,5,4,4,4,4,4,0,5,4,0,0,4,0,0,4,4,5,4,4,5,0,0,4,4,4,5,4,4,4,6,4,0,4,0,5,0,4,4,4,0,4,0,5,4,0,4,4,4,4,0,4,4,0,5,0,0,0,5,4,4,4,7,4]"
shape_6d3ee829807c45c0f394,"[6,4,5,5,7,5,4,5,6,4,5,6,5,5,5,5,6,5,6,5,4,6,4,5,5,5,4,6,4,5,5,6,5,5,5,6,4,5,4,5,6,4,5,6,5,4,5,5,5,5,5,5,5,5,4,6,5,6,6,4,5,5,5,5,6,4,4,4,6,6,5,5,5,6,5,4,5,6,4,5,5,4,5,4,4,6,5,6,4,6,4,6,2,5,4,6,6,5,5,5,5,5,6,5,5,6,4,5,5,4,5,6,4,5,6,5,5,5,5,6,4,4,5,6,4,5,5,2,7,5,5,6,5,4,4,4,5,4,6,2,6,5,5,4,5,6,4,4,6,6,6,4,5,5,5,4,6,5,4,4,5,4,6,5,6,6,5,6,4,5,5,4,4,6,5,6,6,5,5,4,6,6,5,4,5,4,5,4,6,6,4,6,5,6,6,6,4,6,4,7,4,4,5,5,5,5,5,5,6,4,5,6,4,5,2,5,4,6,4,5,5,5,5,4,5,5,2,6,2,6,4,4,5,5,5,6,5,4,6,4,5,6,5,5,5,4,5,6,4,6,4,5,6,5,6,5,5,6,5,2,6,5,5,5,6,6,4,5,2,5,5,5,5,5,5,5,5,4,5,4,4,6,6,5,6,5,6,6,5,5,5,5,5,5,6,6,4,5,4,5,5,4,6,3,5,2,5,6,5,5,5,5,6,5,6,4,5,5,5,5,6,6,4,5,6,4,4,5,6,4,5,5,6,5,2,4,5,5,4,5,4,4,3,2,4,3,6,4,4,6,4,6,5,6,5,5,5,4,6,4,4,6,6,5,5,3,6,5,6,5,5,6,5,5,6,5,5,4,5,5,5,5,4,5,4,4,2,5,6,5,5,6,6,4,6,5,5,4,5,6,6,5,5,5,5,4,4,6,4,6,6,6,5,6,6,5,6,6,6,6,5,4,4,4,6,4,6,6,7,6,6,4,4,4,5,5,4,6,4,6,4,4,5,4,4,4,5,5,4,5,6,5,5,5,5,4,5,4,6,6,4,6,5,6,4,4,6,5,5,6,4,4,4,6,6,4,5,7,5,4,4,6,4,5,4,4,2,6,5,6,4,5,5,5,6,5,5,6,5,6,5,6,6,5,5,7,6,4,5,5,5,4,5,4,6,5,6,5,5,4,4,4,5,4,5,6,4,6,5,4,4,6,5,4,5,5,6,6,5,6,5,6,5,5,5,4,4,5,2,4,5,5,5,6,6,6,4,6,5,5,5,2,6,5,6,5,6,5,6,4,4,5,7,7,6,4,5,5,5,5,5,5,2,4,6,5,5,5,4,5,5,5,5,5,5,5,5,5,4,4,4,6,5,4,4,4,6,4,6,6,4,4,6,5,4,6,5,5,4,5,5,5,5,5,5,5,4,6,4,6,5,4,5,4,5,6,2,2,5,5,4,5,4,6,6,6,6,6,5,5,5,2,6,5,5,4,5,5,5,5,4,5,5,4,5,5,4,4,5,5,2,6,5,4,6,6,5,6,6,5,4,5,4,4,4,5,5,4,5,6,5,4,5,4,4,5,4,4,6,5,6,5,5,6,5,5,5,6,5,5,6,4,4,4,5,4,6,4,4,5,6,5,6,5,5,5,4,5,4,6,2,5,5,6,5,5,5,4,6,5,6,5,5,5,5,4,5,5,4,5,4,5,6,6,5,6,4,6,6,6,6,5,6,6,4,5,6,4,6,6,5,5,6,4,5,4,6,5,5,6,4,4,4,5,5,6,5,5,5,2,5,5,6,6,4,5,5,4,4,4,4,6,5,2,5,5,6,4,5,5,4,4,5,5,4,5,5,4,5,4,6,5,4,6,5,4,5,5,5,5,6,4,4,6,5,4,4,6,5,4,4,6,6,4,4,4,4,6,4,6,5,2,4,5,4,6,7,4,6,6,4,5,5,4,6,6,5,5,5,5,5,5,5,5,6,6,4,5,4,5,4,5,4,4,6,4,5,4,5,5,5,2,4,6,4,5,4,5,5,5,5,4,4,2,4,4,4,6,5,5,5,6,6,4,5,6,5,4,5,5,6,4,4,5,2,5,5,5,4,5,5,6,4,4,7,5,5,5,6,5,4,6,4,4,6,5,4,5,4,6,5,5,6,6,4,6,5,4,7,4,5,4,5,4,6,5,6,6,6,4,5,5,5,4,5,4,4,6,5,4,5,6,4,5,4,4,6,4,5,4,6,5,5,7,5,4,6,4,5,4,4,6,4,4,4,5,6,6,5,6,4,4,4,5,6,6,5,4,5,5,6,2,5,5]"
shape_17471f9e16c0532948bc,"[7,5,7,7,5,5,4,4,7,7,4,7,4,0,5,7,7,5,0,7,7,6,5,4,0,6,4,4,4,7,4,5,7,4,7,5,3,5,4,7,7,0,4,7,5,5,7,4,4,6,7,4,5,4,4,5,7,5,7,7,3,7,4,7,5,5,7,4,4,4,7,7,5,4,3,3,4,7,5,6,7,5,5,0,7,5,3,4,6,3,4,7,0,7,7,4,7,5,4,5,7,7,4,7,7,4,7,6,5,4,5,6,7,7,6,7,4,5,5,5,7,6,0,4,5,7,5,4,7,3,4,4,3,3,7,6,4,5,7,5,7,6,3,4,4,6,7,0,7,4,7,7,5,3,5,5,7,5,3,4,3,4,4,5,3,7,3,5,4,4,5,4,6,3,4,4,7,7,4,4,4,6,5,4,7,7,3,4,5,7,7,6,5,7,7,7,5,5,5,4,5,6,7,4,7,3,3,3,3,4,3,5,4,7,5,5,5,4,4,4,5,4,5,5,6,4,0,3,4,6,7,5,4,4,7,0,4,6,7,5,7,6,4,4,4,4,7,5,7,3,3,0,7,5,7,5,5,3,3,7,4,4,7,7,5,4,7,4,5,7,4,5,4,3,7,5,3,5,7,4,5,5,5,5,3,5,4,4,7,3,5,4,7,6,4,4,7,5,7,5,0,6,4,6,4,5,4,5,6,7,5,4,7,4,5,4,6,4,4,6,3,6,3,4,5,4,5,3,5,3,4,4,7,4,6,7,7,5,5,5,4,5,4,3,5,4,5,5,7,3,5,7,0,5,3,5,5,4,4,5,6,7,7,5,5,7,5,5,4,5,5,6,5,4,5,4,5,3,3,5,5,4,0,4,7,4,7,4,4,3,7,3,6,4,5,7,4,7,6,4,3,5,4,4,4,7,3,7,0,4,7,7,5,0,4,4,4,7,7,7,4,4,7,7,4,3,7,3,4,3,7,4,4,5,7,4,5,5,0,5,7,4,4,4,7,7,5,7,5,4,4,5,4,3,5,5,4,7,6,4,7,5,7,0,4,4,4,4,4,4,4,5,7,6,4,7,7,3,7,5,5,4,5,4,5,5,5,3,5,5,4,7,4,7,7,7,7,7,7,4,7,6,5,4,5,5,6,4,5,4,4,5,7,5,7,4,3,4,7,6,6,3,5,5,6,5,7,4,7,5,5,7,6,7,3,0,5,3,4,4,3,0,7,4,4,6,7,5,5,0,0,5,3,7,4,4,7,4,4,5,7,7,7,4,5,5,7,7,5,6,7,3,4,4,5,4,5,5,7,4,7,4,4,7,5,7,5,3,6,4,7,3,4,5,6,7,6,5,7,5,5,7,4,5,4,3,4,4,5,7,7,4,3,7,7,0,5,3,3,4,5,5,4,4,4,7,5,7,3,5,3,5,3,4,3,7,3,5,4,7,5,4,5,4,4,5,6,7,5,7,5,7,5,6,4,4,7,4,5,3,4,5,3,5,5,5,6,7,7,5,4,6,3,7,7,7,3,4,4,4,5,3,7,5,7,6,7,5,7,3,5,4,4,0,6,3,7,5,7,5,3,5,7,5,4,4,5,7,7,6,5,7,5,3,6,5,5,4,0,4,4,0,7,7,5,4,5,3,4,4,4,7,4,7,5,3,5,3,6,7,6,4,4,3,7,7,7,3,5,7,5,5,5,0,3,3,7,6,7,7,0,7,4,7,4,7,5,7,5,4,5,4,4,7,5,5,6,3,4,5,7,7,3,4,5,5,4,7,6,6,3,3,7,4,7,5,4,5,5,4,6,5,4,4,4,4,7,4,4,3,4,4,5,4,6,5,5,7,5,4,7,7,6,7,3,3,5,6,7,7,3,5,4,5,0,4,6,4,4,4,7,6,5,5,4,7,5,4,5,7,4,4,5,3,6,5,4,5,5,3,5,5,5,5,5,7,5,7,7,7,6,5,5,0,6,4,6,4,5,0,5,4,4,4,3,4,6,6,4,4,7,7,3,6,5,6,6,0,4,4,7,3,4,4,7,3,6,7,5,3,7,5,3,4,3,3,3,7,5,6,3,5,5,3,5,5,4,7,4,7,7,5,6,4,7,4,0,6,5,5,6,7,5,5,0,3,6,5,4,5,5,5,5,6,4,4,4,5,7,4,6,5,4,5,6,5,4,7,4,7,7,0,5,4,5,7,4,7,3,7,3,5,5,0,4,5,4,5,3,3,5,4,4,7,4,7,7,3,3,6,7,5,7,5,4,5,4,5,7,3,4,5,7,5,7,6,3,4,0,4,7,4,7,5]"
shape_d62598323ed86d4fea31,"[0,4,5,0,5,4,5,5,3,5,0,4,0,0,0,5,1,5,5,0,5,0,7,5,5,4,5,0,0,5,0,4,0,5,3,5,7,5,5,5,0,4,0,0,5,5,5,5,5,4,4,4,0,5,5,5,7,0,7,0,0,5,7,4,3,0,5,0,0,5,0,5,6,0,0,5,5,5,0,0,5,1,0,0,1,3,6,0,0,0,5,5,0,3,0,4,0,4,4,3,5,5,4,4,5,0,5,5,4,5,0,5,5,5,5,5,4,4,0,7,2,5,4,5,0,4,5,1,0,5,0,0,5,0,0,5,0,6,0,4,1,4,5,4,4,1,1,0,4,4,5,4,5,0,4,0,6,4,5,5,0,4,0,1,0,5,0,5,4,5,1,0,0,0,5,5,0,0,5,5,0,0,0,4,0,5,4,4,0,5,5,0,5,5,6,5,7,4,5,1,7,5,5,0,7,0,0,4,0,4,0,5,5,5,0,0,6,6,5,5,0,5,0,5,4,5,0,7,5,5,7,4,5,0,1,4,4,0,5,1,0,0,7,0,5,0,1,0,0,4,4,0,5,4,7,0,5,3,6,4,6,5,5,0,5,4,5,7,0,0,6,1,5,5,0,5,5,5,4,0,5,5,7,5,4,0,0,0,0,0,0,0,0,5,4,4,5,0,6,0,7,1,0,4,5,5,5,3,0,0,0,0,1,4,4,7,0,0,0,0,0,0,1,4,5,0,3,0,0,7,0,5,5,7,0,5,0,0,0,5,5,0,4,0,0,0,0,5,5,0,5,0,0,1,4,3,0,4,0,0,0,6,4,0,0,4,4,0,4,4,7,0,5,6,7,0,5,5,5,4,5,0,4,5,0,0,5,6,7,3,0,5,5,5,7,5,5,5,0,0,0,4,0,0,4,0,5,5,0,5,4,4,4,3,5,5,5,0,5,0,3,0,6,0,5,4,0,5,0,4,5,0,4,4,0,0,5,0,0,7,0,5,5,5,5,0,5,6,4,4,0,0,5,4,0,7,3,5,5,4,5,5,5,0,5,1,0,5,4,4,5,0,0,5,0,5,0,0,7,0,0,5,0,5,0,2,5,5,0,4,5,5,7,5,0,4,0,4,4,4,4,5,0,1,4,0,4,4,3,0,0,5,0,0,0,0,5,7,5,5,0,5,4,0,0,5,4,4,0,0,7,0,4,5,0,4,4,7,6,4,5,0,0,5,0,0,0,5,7,0,1,0,0,0,4,5,0,0,3,5,5,5,4,0,4,0,0,4,4,0,0,0,5,7,0,7,0,0,5,5,1,5,0,5,5,0,0,3,5,7,4,3,0,0,0,0,5,6,6,0,7,0,4,4,4,0,1,5,7,0,5,0,4,1,0,5,4,5,4,4,4,5,0,0,5,5,5,5,5,1,0,5,4,0,0,4,0,5,4,0,0,5,4,6,0,0,3,0,0,4,0,0,0,0,0,0,5,3,3,0,1,5,0,5,7,4,5,4,1,5,0,5,3,0,4,5,4,0,4,4,0,0,3,4,0,0,5,3,4,5,5,5,5,4,5,0,0,4,0,0,4,0,1,4,4,5,5,4,0,0,0,0,5,4,0,5,4,5,0,5,0,3,4,4,1,5,0,5,0,1,5,0,4,5,7,4,5,5,5,3,4,0,5,5,6,5,0,4,0,0,5,1,4,0,5,7,0,4,3,5,0,5,5,4,0,0,0,4,4,3,5,4,5,6,0,0,4,5,4,5,0,5,0,4,4,4,0,5,5,0,5,4,1,5,0,7,4,4,6,0,0,0,4,4,5,5,0,4,0,0,0,5,5,0,0,5,4,0,0,4,0,0,6,5,5,4,0,5,0,5,0,5,4,1,7,4,0,4,5,0,0,6,0,0,0,4,0,0,2,5,5,0,1,3,5,0,5,0,0,5,0,7,7,4,0,5,4,6,4,5,4,0,5,1,0,5,4,0,5,0,5,5,5,7,6,5,4,4,4,7,0,4,4,7,4,1,5,5,0,5,0,5,1,5,5,4,3,5,0,0,5,0,0,5,4,0,0,5,0,0,1,0,0,5,0,0,0,0,4,1,7,5,5,3,5,4,0,3,0,4,0,0,0,4,4,0,5,5,4,0,0,4,5,5,5,7,7,5,4,5,0,5,4,0,7,0,4,5,4,0,7,7,5,5,5,4,5,4,5,5,4,4,5,4,7,0,0,0,0,0,0,0,6,7,0,1,5,0,5,5,4,6,0,7,0,5,7,0,4,4,4,0,5,4,5,5,5,0,5,5,4,1,4,4]"
shape_0c75a8035d01edc1cccf,"[6,6,6,7,6,6,7,6,7,6,6,6,6,7,6,6,6,6,6,6,6,7,7,7,7,6,6,6,7,7,6,6,6,6,7,6,6,6,7,6,6,7,7,6,6,7,6,6,6,6,6,6,6,7,6,7,6,6,6,7,7,5,7,6,6,7,7,6,7,7,6,7,6,7,6,6,6,6,6,6,6,6,6,7,6,6,6,6,6,6,6,6,6,7,6,6,7,6,6,6,6,6,6,7,6,7,6,6,7,6,6,6,6,6,6,6,7,6,7,6,6,6,6,7,6,7,6,6,6,7,6,6,6,7,7,6,6,6,6,6,6,7,7,6,6,6,6,6,6,6,7,7,6,6,6,7,7,6,7,6,7,6,6,6,6,6,7,6,7,6,6,6,6,7,6,6,6,7,6,6,7,7,7,6,6,6,6,6,7,6,6,6,7,6,6,6,7,7,7,6,6,7,6,6,6,6,6,6,6,7,7,7,6,6,7,6,6,5,6,6,5,6,6,6,6,6,7,6,6,6,6,6,7,6,6,6,7,6,6,7,5,6,6,6,6,6,6,6,7,6,6,7,6,6,6,6,6,7,6,6,6,7,7,6,6,7,6,6,6,6,6,6,6,6,6,6,6,6,6,6,6,7,6,6,7,6,6,7,6,6,7,6,6,7,6,6,6,6,6,6,6,6,7,6,7,7,6,6,6,6,6,6,6,7,7,6,7,7,6,7,7,7,7,7,7,7,6,6,7,6,6,7,6,6,6,6,6,7,7,6,6,7,7,6,6,6,6,7,6,6,6,7,6,7,6,6,6,6,7,7,6,6,6,6,7,7,7,6,7,6,6,6,7,6,6,6,7,7,6,6,6,6,6,7,6,7,7,7,7,6,6,7,6,6,6,7,6,6,7,6,6,6,6,7,6,6,7,6,6,6,7,6,6,6,6,6,6,6,6,6,7,7,6,6,6,6,6,7,7,6,6,6,7,7,6,7,6,6,6,6,6,7,6,6,6,6,7,6,7,6,7,6,6,6,6,6,6,6,6,7,7,6,6,6,7,6,6,6,6,6,6,5,6,7,7,6,6,6,6,7,7,6,6,6,6,6,6,7,6,6,6,6,6,7,6,7,6,7,6,7,6,7,6,6,7,6,6,6,6,6,6,6,6,6,7,6,6,7,6,6,6,6,6,6,7,6,6,6,6,6,6,6,6,6,6,7,6,7,6,6,6,6,6,6,6,6,6,6,6,6,6,7,6,7,6,6,7,7,6,7,6,7,6,7,7,6,6,7,7,7,6,6,6,6,6,6,6,6,6,7,6,6,6,6,6,6,5,6,7,7,7,6,6,7,7,7,6,6,6,6,5,7,6,7,6,7,6,6,6,6,6,6,7,6,6,6,6,6,7,6,7,6,7,7,7,6,6,6,6,6,6,7,7,7,7,6,6,7,7,6,7,7,6,6,6,6,7,6,6,6,6,6,7,6,6,6,6,6,6,7,6,6,7,6,6,6,6,6,6,7,7,6,6,7,6,6,6,6,6,6,6,7,6,6,6,6,6,7,6,7,6,6,6,6,6,6,7,6,6,6,6,7,6,6,6,6,6,6,7,6,7,6,7,6,6,7,6,7,7,6,6,6,6,7,7,6,7,7,7,7,6,7,6,6,7,7,6,6,6,7,7,7,6,6,6,6,6,7,7,6,6,7,6,6,7,6,6,7,7,7,7,6,6,4,7,6,6,6,6,6,6,6,6,7,7,6,7,6,6,7,7,6,6,6,6,7,6,6,6,6,6,6,6,6,7,6,6,7,6,6,6,7,6,7,6,6,6,7,6,7,6,6,6,7,6,6,7,6,6,6,6,7,6,6,7,7,6,6,5,6,7,6,7,7,7,6,6,7,6,6,7,7,6,6,6,6,6,7,7,7,7,7,6,5,6,6,6,6,6,7,6,7,7,6,6,6,7,7,6,6,6,7,6,6,6,7,6,6,7,7,7,7,6,7,6,7,7,6,7,6,7,6,6,7,6,6,6,6,6,6,7,6,6,6,6,6,6,6,6,7,6,6,6,6,6,7,6,7,6,6,7,6,6,6,6,6,6,6,6,6,7,6,7,6,6,6,7,7,5,7,6,6,6,6,7,6,6,6,7,7,6,7,6,6,6,6,6,6,6,6,6,6,4,7,7,6,6,6,7,6,6,7,6,7,6,5,6,7,6,6,6,7,6,6,7,6,4,6,7,6,7,6,7,7,6,6,6,6,7,7,6,7,7,6,6,7,7,6,7,6,7,6,7,6,6,6,6,6,6,6,6,6,7,6]"
shape_7b13924f8f51468ab718,"[6,6,5,6,6,5,6,7,5,5,7,5,7,5,5,5,6,7,6,5,6,5,5,5,5,7,2,6,5,6,5,5,6,6,5,5,5,6,5,6,5,5,6,5,6,6,5,6,6,5,7,6,5,6,6,7,6,5,5,7,7,6,5,6,5,5,5,5,6,5,6,5,5,5,6,7,6,7,4,6,6,6,6,6,5,6,6,6,6,6,7,6,6,6,5,5,6,5,6,5,6,5,7,5,5,6,5,5,6,6,6,5,6,7,6,6,5,5,5,5,6,5,5,5,6,6,7,5,5,5,5,7,5,6,5,5,6,5,5,5,6,7,6,5,5,5,5,5,5,5,5,5,6,6,5,5,5,5,6,5,5,6,5,6,7,6,5,5,5,5,5,6,6,5,5,6,5,6,5,5,6,5,6,5,6,6,5,5,6,5,7,5,5,5,5,5,7,5,6,6,7,2,7,5,7,5,6,5,4,5,5,5,5,7,6,7,5,6,5,5,6,5,7,6,5,5,5,5,6,6,5,5,5,5,7,5,5,5,5,7,7,5,6,5,5,7,7,5,5,6,5,5,6,5,5,5,5,6,5,5,6,6,6,5,5,5,5,7,7,5,7,5,6,5,6,5,5,6,6,7,5,6,6,5,6,2,5,5,6,7,6,5,6,6,6,6,6,5,6,5,6,6,5,6,6,6,5,5,5,5,7,7,5,5,5,6,5,5,5,5,5,5,5,5,6,5,5,5,7,5,5,4,6,7,5,5,6,5,6,5,6,6,6,5,6,6,5,6,6,5,5,5,6,7,5,6,6,5,7,6,5,5,6,6,5,6,6,6,7,5,6,6,5,6,5,5,5,7,6,5,5,5,5,5,5,5,6,6,5,6,2,5,6,5,6,5,2,5,6,5,5,6,7,5,6,5,6,7,6,6,6,6,6,5,6,5,7,7,5,7,6,6,6,5,6,6,5,6,6,6,7,5,6,2,5,2,5,6,5,6,6,6,5,5,5,6,6,6,5,4,5,5,5,5,5,5,5,5,5,5,6,7,5,6,5,6,5,6,7,7,6,6,6,5,6,6,5,6,5,7,6,5,5,5,5,5,6,5,6,6,5,5,5,6,6,5,5,5,6,5,6,5,5,6,6,6,5,6,5,7,6,5,5,5,6,5,5,4,5,7,6,5,5,6,5,7,5,5,5,7,5,5,5,5,7,5,5,6,6,5,7,6,5,5,6,6,5,7,5,5,5,5,7,7,6,5,5,5,5,4,6,5,6,6,5,5,6,5,6,5,5,7,6,5,5,7,5,7,5,5,6,6,5,6,6,5,6,6,6,5,6,5,7,5,6,6,6,5,5,5,5,5,6,7,5,7,7,6,5,5,6,7,7,5,5,5,5,5,5,7,5,5,6,5,5,7,5,6,5,7,5,5,6,6,5,5,6,5,6,5,5,6,6,6,6,6,6,5,6,5,7,5,6,5,6,5,7,5,7,5,7,5,7,5,5,5,5,5,6,6,5,2,5,7,5,5,6,6,6,6,5,5,7,5,5,7,7,5,5,5,5,5,5,5,5,5,6,5,5,6,6,5,5,6,5,5,6,6,6,5,6,6,7,5,5,5,5,5,6,6,5,5,6,6,6,5,5,6,6,6,5,5,5,5,6,5,6,5,5,6,5,6,7,5,6,5,6,6,7,5,5,6,5,5,6,5,5,6,6,5,6,6,6,6,6,5,7,6,5,6,6,6,5,5,5,5,6,6,7,7,6,5,6,2,6,5,5,6,7,5,5,5,6,5,5,5,6,6,5,6,5,5,7,5,5,5,7,6,6,7,6,6,5,6,5,5,6,7,6,6,6,6,5,6,5,6,5,5,5,7,5,5,5,6,6,5,6,6,6,6,6,5,5,7,6,6,5,7,6,6,5,5,5,7,6,6,6,6,7,6,5,5,5,5,5,5,6,6,5,7,5,5,5,5,5,7,6,5,5,6,5,6,6,6,5,7,7,5,5,7,5,6,5,6,5,2,5,6,7,5,6,5,5,6,6,5,5,6,6,6,6,5,5,6,5,6,6,6,6,5,6,5,5,6,5,7,6,7,5,5,6,7,5,5,5,6,6,5,5,7,7,5,6,6,7,6,5,5,5,7,5,7,5,6,6,6,6,6,5,5,5,6,5,7,5,5,6,7,5,5,4,5,5,5,7,5,5,6,5,5,6,5,6,5,7,5,6,7,5,5,7,5,7,5,6,5,7,5,5,5,5,4,5,7,5,5,6,6,5,6,6,5,7,5,6,5,7,6,6,6,5,5,5,5]"
shape_d72ea7d24dfb37229d9d,"[4,4,5,4,5,5,4,5,5,4,4,5,5,4,5,4,4,5,4,5,4,4,4,5,5,4,4,4,5,4,5,4,5,4,5,5,4,5,4,4,5,4,4,3,4,5,5,4,5,3,5,5,5,4,5,5,5,5,3,5,4,5,4,3,3,4,5,5,5,5,4,4,4,7,5,3,5,5,4,3,4,5,5,5,5,5,4,5,4,5,4,3,4,5,4,5,5,4,5,5,4,4,5,5,6,5,3,5,4,4,5,5,5,4,5,5,3,4,5,5,5,5,4,5,4,4,5,5,5,4,4,4,4,5,5,5,4,5,4,6,4,5,4,5,5,4,3,4,5,5,5,4,5,5,5,5,5,4,4,5,4,5,5,4,6,5,3,5,5,4,4,5,4,4,5,6,5,5,5,5,5,5,4,4,5,5,3,4,4,4,5,4,5,4,4,3,4,5,5,5,5,5,4,4,5,5,5,4,5,5,4,5,4,4,3,4,4,5,4,4,5,4,5,4,5,5,4,4,7,5,5,4,4,5,4,4,5,5,4,3,5,3,4,5,5,4,4,5,5,5,5,4,4,5,5,3,4,4,5,5,4,4,5,5,5,4,3,5,5,4,5,4,5,5,5,5,5,5,6,5,4,4,5,5,4,5,5,5,1,5,4,5,5,5,5,5,5,5,3,4,5,5,5,4,3,5,5,5,5,6,4,4,4,4,5,5,4,4,5,4,5,4,5,4,5,4,4,3,7,5,4,3,4,5,5,6,5,5,4,3,5,5,5,5,4,5,5,3,4,3,5,5,4,5,5,3,4,4,5,4,4,4,5,5,5,4,3,5,3,5,5,5,5,7,4,5,3,5,5,4,5,3,5,5,4,5,4,5,3,5,5,4,5,5,5,5,4,4,4,4,4,5,5,5,4,4,4,5,5,3,5,5,5,5,5,7,4,4,4,5,5,4,3,5,5,5,4,5,4,4,5,5,5,5,4,5,4,4,4,5,5,3,4,5,5,4,4,3,4,3,5,4,4,5,4,5,5,4,5,6,5,4,4,5,5,5,3,4,5,4,4,4,5,4,5,5,4,3,5,4,5,5,5,4,4,5,4,5,4,4,4,5,5,5,5,5,5,4,5,5,5,4,4,5,5,5,5,3,5,3,4,4,5,5,4,4,4,4,5,3,4,5,4,5,5,4,5,5,5,5,5,1,4,5,5,5,4,5,5,4,4,4,5,5,4,5,5,5,4,5,5,5,5,4,3,5,3,4,4,4,5,4,5,4,5,3,5,5,5,5,3,5,4,6,5,5,5,5,5,4,5,4,5,4,4,5,5,4,4,5,5,4,4,5,5,5,4,5,5,5,6,5,4,5,4,4,5,3,4,5,4,5,5,5,4,4,4,4,4,5,5,4,5,4,4,5,5,4,5,5,4,5,3,5,5,5,4,5,5,4,5,4,5,4,6,5,5,4,5,4,5,6,0,4,5,5,4,4,6,5,5,5,5,5,4,3,5,5,3,5,3,5,5,4,5,5,5,5,5,3,4,4,4,3,3,5,3,4,5,4,5,5,5,5,4,5,4,5,4,4,3,3,4,5,5,5,5,3,5,5,4,5,5,5,5,3,5,5,5,5,5,4,4,5,4,5,5,3,5,3,4,5,4,5,5,4,5,5,4,5,5,5,5,5,3,5,5,4,5,4,4,4,4,4,5,5,4,5,3,4,5,5,4,4,6,5,6,5,5,4,5,5,3,5,5,5,5,5,5,4,3,5,3,3,5,5,5,3,7,3,5,4,3,4,5,5,5,5,4,4,5,5,5,3,5,4,5,5,4,4,5,5,3,5,5,5,5,5,4,5,5,5,4,4,3,4,5,4,5,5,5,5,4,5,4,4,5,4,5,4,5,3,3,5,5,5,5,5,4,6,5,4,5,4,4,5,4,5,5,5,5,4,4,5,5,4,5,4,4,4,3,5,5,5,5,4,3,5,4,4,4,4,5,5,5,5,4,5,5,5,4,4,4,5,4,4,3,4,5,4,5,5,4,4,5,5,4,5,4,6,4,5,5,5,5,5,5,4,5,4,5,5,7,5,5,5,4,3,4,3,5,5,5,4,4,4,4,4,5,3,4,4,4,5,4,5,3,4,4,5,5,5,5,5,4,5,5,5,5,5,5,4,4,4,5,5,5,5,5,5,5,5,5,5,5,5,5,5,5,4,4,5,5,4,4,5,5,5,5,5,5,5,3,3,4,5,4,4,5,4,4,4,3,5,4,5,4,5,4,5,4,5,5,5,3,4,5,5,5,3,3,3,5,5]"
shape_70e6ad0126f5b8cf40c2,"[5,5,7,6,4,5,7,3,3,5,3,6,3,6,5,3,6,5,5,5,5,4,6,6,5,6,7,3,7,3,7,7,3,5,6,7,5,5,7,5,6,5,5,6,5,6,7,6,7,5,5,7,6,5,6,5,5,7,5,3,5,5,5,4,7,3,6,6,5,6,3,6,6,4,7,7,7,6,7,6,5,3,5,5,6,3,5,3,7,3,3,3,5,6,5,7,3,7,3,5,6,6,7,3,3,6,7,7,5,3,6,7,5,7,6,6,5,6,3,5,7,5,6,5,7,6,3,4,3,5,6,4,6,5,7,7,5,7,6,4,6,6,6,0,5,3,5,3,3,3,5,7,3,4,5,6,5,5,6,3,7,5,5,6,7,6,3,7,6,7,5,3,5,4,5,5,5,6,5,3,5,6,4,7,7,7,5,6,5,3,7,3,5,3,3,3,7,4,3,7,5,3,7,5,3,5,3,7,6,5,7,5,7,7,3,6,4,5,4,4,6,3,7,7,4,7,6,4,6,6,3,5,6,5,3,6,5,3,5,5,6,7,5,6,5,6,5,7,4,7,5,5,7,3,4,3,5,7,3,4,3,7,5,6,5,7,6,5,3,3,3,6,5,6,3,3,6,6,5,6,3,7,6,5,3,5,5,5,3,5,7,7,3,5,7,7,3,5,5,3,3,6,3,6,3,7,3,5,6,4,5,5,5,5,5,4,3,5,5,2,5,5,4,5,7,7,5,7,7,3,3,6,6,7,5,7,5,7,5,3,3,3,3,6,7,5,7,7,5,7,6,5,7,5,7,5,6,4,6,6,6,5,5,6,5,7,7,3,6,7,6,6,3,7,7,5,5,3,6,5,7,7,5,4,7,5,5,5,7,7,3,5,5,3,5,6,6,5,7,6,5,6,5,7,7,5,6,6,5,7,3,6,3,7,3,6,6,5,7,6,3,7,5,3,6,5,7,3,6,6,6,3,5,5,6,6,3,3,6,5,3,5,7,4,2,6,3,3,3,3,5,6,6,5,6,3,5,5,7,5,5,7,3,6,7,3,7,4,3,7,3,5,3,6,3,3,7,5,7,3,3,6,7,2,5,3,4,5,6,5,7,6,6,6,7,3,5,7,3,3,5,5,3,3,3,5,3,6,5,5,6,3,3,7,6,3,6,6,6,5,3,0,6,5,5,6,6,7,7,5,4,6,6,3,5,5,6,3,3,7,6,5,3,7,5,6,5,5,6,7,4,3,6,7,5,5,3,5,6,4,6,6,3,6,5,5,7,5,6,5,6,5,6,5,6,3,7,3,5,6,5,6,3,5,4,3,6,5,6,4,5,5,6,3,5,5,3,7,5,7,3,3,5,3,4,6,6,3,6,5,7,5,3,5,3,5,5,3,5,3,5,6,5,6,3,5,3,7,6,6,6,5,7,6,6,5,6,6,3,3,6,4,5,7,3,3,3,5,6,7,6,5,6,6,5,3,7,6,5,3,6,3,6,5,4,7,5,3,3,7,3,4,5,5,6,3,5,3,6,6,7,5,5,7,3,6,6,7,5,4,6,6,3,5,6,3,4,6,5,6,3,3,6,3,6,6,3,3,6,5,6,7,6,5,5,3,5,5,6,6,7,7,3,5,3,3,3,3,6,5,7,7,5,5,3,5,6,5,5,6,5,3,6,5,3,6,6,5,3,5,5,4,6,7,7,5,5,5,5,5,6,5,5,5,5,3,6,3,6,6,5,5,7,7,3,6,4,7,6,7,5,3,3,5,6,5,5,5,5,3,5,5,6,7,3,4,6,6,5,5,6,6,3,3,6,3,7,7,5,3,3,7,5,3,5,3,6,7,3,6,6,7,3,5,6,6,6,7,3,6,7,3,3,3,6,3,3,5,6,5,7,5,3,6,6,6,5,3,5,7,3,7,3,3,3,6,5,3,5,7,3,3,3,6,3,5,5,5,5,6,6,6,6,5,5,5,6,5,7,6,5,5,6,5,5,5,3,3,3,7,3,5,7,6,5,7,4,5,5,6,4,6,5,3,7,5,3,5,5,3,6,7,7,3,3,5,5,4,3,3,7,7,5,7,3,3,5,6,3,4,5,7,6,5,3,5,3,3,5,4,7,6,5,3,3,3,6,7,5,5,6,5,3,7,4,7,7,3,7,5,6,3,7,3,5,6,3,7,7,3,5,5,5,7,5,7,5,3,6,7,5,3,7,3,3,5,6,7,5,7,6,3,7,7,7,6,7,6,6,6,3,5,5,6,5,6,6,5,7,6,7,3,7,6,7,4,7,6,6,4,7,6,3,5]"
shape_f501e8bee02ae8d2cdf0,"[5,5,5,5,5,5,5,6,1,5,1,1,6,0,5,1,7,1,5,4,5,6,1,7,6,5,7,5,7,5,5,6,5,5,5,5,1,5,5,6,5,1,6,5,6,7,5,7,5,5,5,5,1,5,6,5,5,7,6,5,5,5,5,5,7,5,0,5,7,5,5,6,7,7,5,5,5,6,5,5,5,5,5,5,5,5,5,5,1,1,6,6,7,6,6,5,7,5,5,5,6,6,5,5,5,7,5,6,5,7,5,7,5,1,6,5,7,7,5,5,1,5,5,4,5,5,7,5,0,5,0,5,5,0,5,5,0,5,5,5,7,0,5,4,7,1,5,7,7,5,5,7,7,1,5,5,5,7,7,0,5,5,7,5,5,1,5,5,5,5,5,0,7,1,6,5,7,1,5,0,1,6,5,7,6,5,5,0,5,0,7,5,5,6,5,5,5,5,5,1,5,6,5,5,6,5,5,5,4,7,5,6,5,5,5,1,6,5,7,5,5,5,7,7,5,5,5,7,5,5,1,4,5,5,5,7,5,6,7,6,1,6,6,6,5,1,5,6,7,5,5,5,5,1,5,5,1,7,1,6,5,0,5,7,7,7,5,5,5,5,5,7,5,5,1,5,7,5,5,7,5,5,5,5,7,5,5,7,5,1,1,5,5,7,5,7,6,5,6,5,5,1,1,5,5,5,6,5,6,5,6,5,1,5,5,0,0,5,5,5,7,7,0,6,6,5,5,5,5,5,7,5,6,5,5,0,0,5,7,6,5,7,7,7,5,1,7,1,5,7,6,5,7,6,0,1,0,5,7,6,1,5,5,7,5,5,5,5,5,6,0,6,6,5,0,0,0,1,1,5,5,5,5,7,5,5,5,5,5,5,5,6,1,5,7,7,5,5,5,5,5,5,0,6,5,6,5,5,5,0,5,1,1,6,7,5,6,5,7,5,5,0,5,6,5,0,5,5,5,5,5,7,6,5,5,5,1,7,6,7,5,6,5,1,5,5,5,5,5,5,5,5,1,5,0,5,5,5,1,6,6,7,7,0,6,6,7,6,6,6,1,5,6,5,5,5,5,6,6,7,7,7,5,5,5,7,5,5,7,5,6,5,5,6,5,5,5,0,5,5,0,5,5,5,7,5,5,5,6,0,7,7,6,5,5,7,1,0,1,5,6,5,1,6,0,5,0,0,0,0,5,6,7,7,5,5,5,1,0,0,5,6,5,5,7,7,6,7,7,7,1,7,0,5,7,7,5,7,0,6,5,5,5,7,6,5,5,5,5,5,1,5,7,5,5,6,5,5,1,1,5,0,5,5,6,5,0,5,5,5,7,6,5,5,0,7,5,7,0,7,1,7,0,5,7,4,7,7,6,5,5,6,6,7,5,5,5,5,5,7,1,5,5,0,5,5,5,5,1,5,1,5,5,7,5,6,1,5,5,5,5,5,7,5,5,5,0,5,0,0,7,5,1,5,6,5,5,1,0,5,5,5,7,5,5,5,5,7,5,5,5,1,7,6,5,5,5,5,0,1,7,0,5,5,5,7,5,1,1,5,5,5,5,5,6,5,1,5,6,7,5,5,0,0,0,5,5,0,5,5,5,5,5,7,1,5,7,5,5,5,6,7,5,5,5,6,5,5,7,7,6,7,1,5,1,0,5,5,6,6,6,5,5,7,5,7,1,5,6,5,7,1,6,5,5,7,5,0,0,5,6,5,5,1,6,0,7,5,5,5,0,5,7,5,5,5,1,5,5,5,1,7,5,7,1,5,5,5,6,4,5,5,5,5,5,5,5,5,6,5,1,6,5,6,0,1,5,7,7,7,7,5,7,1,5,7,5,5,1,7,5,5,7,5,5,5,0,7,0,5,0,5,6,5,5,5,7,7,5,0,5,5,7,0,1,0,0,5,5,1,6,5,1,5,5,7,1,7,1,7,1,7,5,7,6,4,1,5,5,0,5,6,5,7,1,5,6,5,5,5,1,5,5,5,6,1,7,7,7,7,7,7,7,5,1,5,1,6,7,7,6,6,5,7,5,6,5,1,6,7,5,5,0,1,4,7,7,5,0,1,1,7,5,0,6,0,5,7,5,1,7,5,7,5,6,7,5,0,5,7,4,5,5,5,7,5,5,6,5,1,7,5,5,5,6,5,5,0,7,0,5,5,5,6,1,5,5,6,7,5,6,5,6,5,6,5,6,6,5,5,6,5,5,5,7,5,5,5,1,1,5,5,7,5,5,0,5,7,6,5,7,5,6,4,5,0,5,5,6,6,5,7,7,5,5,7,7,6,1,5,5,7,6,0]"
shape_ce279342f4e532e2ba68,"[6,1,6,6,0,6,7,1,0,6,6,6,6,6,1,6,6,7,6,0,6,6,6,6,6,5,6,7,0,6,0,6,6,0,6,5,1,6,7,6,1,6,7,1,6,0,6,6,1,6,7,6,1,6,6,7,7,6,1,6,6,6,6,6,6,6,6,1,6,0,1,7,6,6,6,7,6,6,6,7,7,6,6,0,6,7,1,7,1,6,6,6,1,1,7,6,1,6,6,6,6,6,1,6,6,6,1,6,0,6,7,7,6,1,6,6,6,6,6,1,6,1,6,0,6,6,7,6,7,1,5,7,1,7,0,6,6,1,6,6,1,6,7,1,6,6,6,6,6,7,6,6,0,6,6,6,6,6,6,0,7,7,6,6,7,1,6,6,7,6,0,1,6,6,6,6,7,6,6,6,6,6,7,6,6,6,0,6,6,6,6,6,6,6,6,6,6,1,6,6,6,1,6,6,6,6,6,6,6,6,0,6,6,7,7,7,6,0,6,0,6,6,6,0,6,1,6,6,6,6,6,6,0,6,6,6,6,7,6,6,6,0,6,6,0,6,6,6,6,6,6,0,1,6,6,6,6,6,7,6,0,1,6,6,6,6,7,7,0,6,6,6,6,7,6,6,6,6,6,1,6,6,0,6,0,6,6,6,6,6,6,6,6,6,6,6,6,6,0,6,6,6,6,6,7,7,6,6,7,6,6,0,6,6,6,6,6,6,6,6,6,6,6,6,6,1,6,6,6,1,1,6,6,6,6,6,6,6,6,6,6,1,6,7,6,0,6,0,6,6,6,0,1,6,6,6,1,7,7,7,7,7,6,6,6,6,6,7,6,6,6,7,7,6,7,6,6,6,6,7,6,6,0,0,0,1,6,6,0,6,0,0,6,6,6,6,6,6,6,6,6,6,6,6,6,6,6,6,6,6,6,6,6,1,6,0,7,6,6,7,6,6,1,7,6,1,6,1,6,0,0,1,6,1,7,0,0,6,6,6,1,1,7,6,7,6,6,6,6,7,1,6,7,6,6,6,6,6,6,6,6,6,6,6,1,0,6,6,6,7,6,6,6,6,7,7,6,6,6,6,1,6,6,6,0,6,0,6,6,6,6,1,6,6,6,0,7,6,6,6,6,1,0,6,7,6,0,7,6,6,6,1,1,6,6,5,6,6,6,6,6,6,6,6,7,6,6,7,6,0,7,6,6,0,6,7,1,0,5,1,6,7,6,6,6,6,6,6,6,6,6,6,6,1,6,6,0,6,6,6,7,7,6,0,7,6,6,6,7,6,7,6,6,6,7,6,6,6,7,6,6,6,6,1,7,6,6,6,1,0,0,6,6,6,6,1,6,6,0,1,6,6,6,6,6,7,6,6,0,6,6,7,6,7,6,6,6,6,6,6,6,6,7,6,1,6,6,7,1,6,6,1,6,6,6,6,0,6,1,6,6,6,6,6,5,6,6,6,6,6,7,6,6,6,6,6,6,1,7,0,6,6,6,7,6,6,1,6,0,1,6,6,6,6,6,1,7,6,6,6,0,7,6,7,0,6,1,6,1,7,6,6,6,6,1,1,6,7,6,0,6,6,6,6,6,6,6,6,6,7,6,7,1,7,6,6,7,6,6,7,6,6,1,0,7,6,6,6,6,7,6,1,0,6,7,6,0,6,7,6,0,6,6,6,6,6,6,6,6,6,6,6,0,6,6,6,6,0,7,6,6,7,6,6,6,6,7,6,6,6,6,0,7,6,1,6,6,6,1,6,6,6,0,6,6,1,6,6,6,6,0,1,1,1,7,6,6,6,0,6,6,6,6,1,6,7,1,7,6,6,6,0,6,1,6,7,6,1,6,6,6,6,6,6,6,6,6,6,7,6,1,7,0,6,6,6,6,6,1,6,6,6,7,6,1,6,6,0,6,6,6,1,1,6,1,7,7,6,0,6,6,6,7,6,6,7,6,0,6,6,6,6,6,6,6,1,6,6,6,6,6,0,6,6,6,6,6,7,6,6,6,6,6,0,6,6,7,6,6,6,6,6,1,6,6,6,6,6,6,6,6,6,6,0,6,6,6,7,0,0,6,7,6,0,7,6,7,6,6,6,6,7,6,6,1,6,6,6,6,6,6,6,6,0,7,6,0,0,1,7,6,6,7,6,6,6,6,7,6,6,7,6,6,6,6,6,1,7,6,0,7,6,7,6,6,7,1,6,0,6,6,6,6,6,5,1,6,6,6,6,6,6,6,6,1,1,6,1,6,0,1,0,6,6,6,6,0,7,7,6,1,6,6,6,6,0,6,7,6,6,0,6,0,7]"
shape_e9ef4a4fda1dcee05e9f,"[4,6,4,6,4,6,7,6,6,7,6,4,7,4,4,6,4,7,6,6,6,7,7,4,6,6,6,6,6,6,7,6,4,6,6,4,6,7,7,4,6,6,7,4,4,4,5,6,6,7,6,7,6,7,4,7,6,4,7,6,7,6,6,4,7,4,6,7,6,7,4,6,5,6,7,4,6,6,6,6,4,6,7,4,6,4,6,7,7,6,6,5,7,4,7,6,7,6,6,7,7,5,6,6,6,6,6,6,4,6,7,6,4,6,6,6,4,6,4,4,7,7,4,4,6,6,6,6,7,7,7,7,6,7,6,7,4,6,4,6,5,6,6,6,6,6,7,6,6,5,5,5,5,6,4,6,4,6,6,6,6,6,6,6,6,6,6,6,7,6,6,6,7,4,7,5,6,4,4,7,4,4,4,7,6,6,7,7,6,4,6,7,4,7,4,4,7,6,6,7,7,7,6,7,4,5,4,6,4,6,7,7,7,6,7,6,5,6,4,4,6,6,4,6,4,6,7,6,7,6,7,6,6,6,7,7,7,5,6,7,6,4,6,4,4,5,7,4,4,7,6,4,6,6,4,7,7,7,6,6,6,7,7,6,4,6,4,6,6,7,6,6,7,6,6,5,6,4,4,4,6,4,6,7,6,7,4,6,4,6,6,6,6,6,7,6,4,6,7,6,7,6,5,7,6,5,7,6,4,6,5,6,7,7,6,4,7,6,4,5,7,6,6,7,4,3,6,7,4,4,4,5,7,5,6,6,4,4,7,6,6,7,4,6,6,6,6,6,6,7,6,6,6,4,6,7,7,7,6,6,7,6,6,6,7,6,4,5,6,6,4,6,6,6,7,6,4,7,4,6,6,6,6,6,4,6,6,6,5,4,6,7,6,4,6,6,4,6,7,7,6,5,6,4,7,5,6,6,6,6,7,6,6,7,7,6,4,6,6,7,4,7,6,6,4,7,5,4,6,4,6,4,5,5,4,6,4,4,4,7,6,5,6,6,4,7,6,4,7,7,4,7,6,6,7,7,4,6,6,5,7,7,7,6,6,6,6,6,6,4,6,6,4,4,5,7,7,7,7,5,6,6,6,6,7,6,6,4,4,4,6,4,6,5,4,7,6,6,7,6,5,5,6,7,4,7,5,7,6,6,6,6,5,4,4,6,4,7,7,4,4,6,5,4,6,6,4,4,7,5,7,6,6,4,6,5,7,7,6,6,6,6,7,7,6,6,6,6,6,6,5,6,6,4,4,4,4,6,4,4,4,6,6,6,6,7,4,7,4,7,6,4,7,6,6,4,7,6,4,6,4,7,6,5,6,6,7,5,4,6,6,7,7,7,7,7,4,6,7,7,4,4,6,7,7,6,6,6,4,6,4,4,4,6,7,6,6,4,7,4,6,6,6,6,6,6,7,6,4,6,6,5,6,4,7,6,5,6,6,6,7,4,4,6,6,6,4,6,6,6,6,4,6,6,6,7,7,5,6,4,6,6,5,7,6,4,4,6,6,6,7,6,6,4,4,6,6,6,6,6,6,7,4,6,6,6,4,7,6,4,6,4,6,6,7,7,6,7,4,4,7,6,7,5,4,6,7,4,6,6,7,6,6,7,6,5,6,4,6,4,6,6,7,7,7,7,6,5,4,7,7,6,7,6,6,4,6,7,4,6,6,6,6,6,4,6,7,7,7,7,6,7,7,4,6,7,6,4,6,6,4,4,7,4,4,7,7,4,7,6,7,4,6,6,6,4,6,7,6,7,4,6,6,7,5,6,6,6,6,5,5,5,7,4,4,5,6,7,6,6,4,7,6,7,6,5,7,6,6,6,6,7,7,4,7,6,4,4,6,6,4,6,7,6,6,4,6,5,7,4,4,6,5,4,4,7,7,4,7,6,6,6,6,6,5,6,7,6,7,6,7,7,6,7,6,7,6,6,6,6,6,4,6,6,4,3,7,6,6,7,7,6,6,6,6,6,7,6,4,6,6,6,6,6,7,7,5,6,4,4,6,7,4,6,4,7,6,4,7,4,6,6,4,6,6,7,7,4,6,6,6,5,7,6,6,6,6,4,6,7,7,5,6,7,6,6,5,6,6,4,6,6,7,7,6,7,4,6,5,6,6,7,7,6,6,7,6,4,4,6,7,6,6,6,6,6,6,4,6,6,4,6,4,7,4,4,5,7,6,4,6,6,4,6,4,6,5,4,4,6,4,6,4,6,4,6,6,6,6,5,5,4,4,6,5,6,6,6,4,7,6,6,6,6,6,4,6,6,7,4,6,6,4,6,6,6,4,4,6,7,6,7,7,4]"
shape_bc275c22f09d38f7008b,"[7,7,6,6,6,6,6,6,7,7,7,6,6,7,6,7,7,7,6,7,7,6,6,6,6,6,6,6,7,6,6,7,7,6,7,7,7,7,7,6,7,6,7,6,6,6,6,6,7,6,7,6,7,6,6,6,7,6,7,7,6,6,7,6,7,6,6,7,6,6,7,6,6,6,7,7,6,6,7,7,7,7,7,6,6,7,7,7,6,6,6,6,7,6,7,6,6,7,7,7,6,6,6,6,7,6,7,7,6,6,6,7,6,7,7,7,6,6,6,7,6,7,6,7,6,6,7,6,6,7,7,7,6,6,7,6,6,7,6,6,6,6,7,7,7,7,6,7,7,6,7,7,6,7,6,6,6,6,6,7,6,7,7,7,6,6,6,6,6,6,6,6,7,6,6,6,6,7,6,6,6,7,7,7,7,6,7,6,6,6,6,6,6,6,6,6,6,6,6,6,6,6,7,6,6,7,6,7,6,7,7,6,6,6,6,7,6,6,6,6,7,6,7,7,6,6,6,6,6,5,6,6,6,6,6,7,7,6,6,6,6,7,6,6,6,6,6,6,7,6,6,6,6,7,6,7,6,6,6,7,6,7,7,6,7,6,6,6,7,7,7,6,6,7,6,6,6,6,6,6,7,5,7,7,6,6,7,6,7,6,7,6,6,7,6,6,7,6,7,6,7,6,6,7,7,7,6,7,6,6,6,6,7,7,6,7,6,7,6,6,6,6,6,7,6,6,7,7,6,6,6,6,6,6,6,6,6,7,6,6,7,7,7,6,7,6,7,6,7,7,7,6,7,6,6,7,6,7,6,7,7,6,7,7,7,6,6,6,7,6,7,6,7,6,6,6,6,6,7,6,6,6,6,6,6,7,6,6,6,6,7,7,7,6,7,6,6,6,6,6,6,7,6,6,7,6,6,6,6,7,6,6,6,6,6,7,6,7,6,6,7,6,7,7,6,6,6,6,7,6,7,6,6,6,6,7,7,7,6,6,7,7,6,6,6,7,6,6,7,6,6,6,6,7,6,6,7,6,6,6,6,7,6,6,7,6,7,7,6,6,7,7,6,6,7,6,6,6,7,7,6,7,7,6,6,6,6,7,6,6,6,6,7,6,6,7,6,6,6,7,6,6,7,6,6,6,7,7,7,6,6,6,7,6,7,6,6,6,6,6,7,6,6,7,6,7,6,6,7,7,6,6,6,7,7,7,6,6,6,7,6,6,7,6,7,7,6,6,6,7,7,6,6,7,7,7,6,7,6,6,7,6,6,6,6,6,6,6,6,6,7,6,7,6,7,6,7,7,7,6,6,6,6,7,6,6,7,7,6,7,6,6,6,6,6,7,6,6,7,6,7,7,7,7,6,7,6,6,6,6,6,6,6,6,6,6,7,7,6,6,7,6,6,6,7,6,6,6,7,6,6,6,7,6,6,6,6,6,6,6,6,6,6,7,6,6,7,6,7,7,6,6,6,6,6,6,6,7,6,6,6,7,6,6,6,7,6,6,6,6,7,6,7,7,6,6,6,6,6,6,6,7,6,6,6,6,6,7,7,6,7,6,7,6,6,6,7,6,6,6,7,7,6,6,6,6,7,6,6,6,7,6,7,7,7,7,6,7,6,7,6,7,6,7,6,6,7,7,6,7,7,7,7,6,7,6,6,6,6,6,7,6,7,6,7,6,6,6,6,6,6,6,6,7,6,7,7,6,6,6,6,7,7,6,7,6,7,6,6,7,6,7,6,6,6,6,6,6,6,7,7,7,7,7,6,7,7,6,7,7,7,7,7,7,6,7,7,7,7,6,6,6,7,7,6,7,7,7,6,7,7,6,6,7,6,6,6,6,6,7,6,7,6,6,6,6,6,6,6,6,6,7,7,6,7,6,7,6,7,6,6,6,6,6,7,6,7,7,6,7,7,6,6,6,7,6,7,7,7,6,7,6,6,6,7,7,6,7,7,7,6,6,7,6,6,6,7,7,7,7,7,7,7,6,6,6,6,6,6,7,6,6,7,6,7,6,6,6,7,6,6,6,6,7,6,7,7,6,7,6,7,6,6,6,7,7,7,6,7,6,6,6,7,6,6,7,6,7,6,6,6,7,7,6,6,7,7,6,6,6,6,6,7,6,6,6,6,6,6,7,7,6,6,6,6,7,6,6,6,7,6,6,6,6,7,7,6,6,6,7,7,6,7,6,6,7,7,6,6,7,6,6,7,7,7,6,6,7,7,6,7,6,6,6,7,7,7,6,6,7,6,6,6,6,6,7,7,7,6,6,7,7,6,6,6,6,6,6,6,6,7,7,7,6]"
shape_c588c9fe1855607eb91f,"[4,6,7,7,6,6,6,6,6,7,6,6,6,6,6,5,7,6,7,6,6,7,6,7,6,6,6,7,6,6,6,6,6,6,6,7,7,6,6,6,6,7,7,6,6,6,6,6,7,6,7,7,6,7,6,6,6,7,6,6,6,6,4,7,7,7,6,6,7,7,7,7,6,6,6,6,6,7,7,6,7,6,6,6,6,7,6,6,6,6,7,6,6,6,6,6,7,7,6,6,6,6,7,6,7,7,6,6,6,5,6,6,6,6,6,6,6,6,6,5,7,6,6,6,6,6,6,7,6,6,7,6,6,6,6,6,6,7,6,6,6,6,7,6,6,6,7,6,6,7,6,4,6,6,6,6,6,6,6,6,7,7,7,6,6,6,6,6,7,6,6,6,6,6,7,6,7,6,7,6,7,6,6,6,6,6,6,6,4,6,6,6,6,6,7,6,6,6,6,6,6,6,6,7,6,6,6,6,6,6,5,6,6,6,6,7,6,6,4,5,6,7,6,6,6,7,6,6,6,6,6,7,7,6,6,6,6,7,7,6,6,6,6,6,6,6,7,6,7,6,7,6,6,7,6,7,6,6,6,6,6,7,6,7,7,6,6,6,6,7,6,7,6,6,7,7,6,6,7,7,6,6,6,6,5,6,6,6,6,7,6,7,7,6,6,6,6,6,6,6,6,7,4,6,6,6,6,6,6,7,7,7,7,6,6,6,7,7,6,7,6,6,7,6,6,6,7,6,7,7,6,7,7,6,6,6,6,6,6,6,6,6,7,6,6,6,6,7,6,6,6,7,6,6,7,7,7,6,6,6,7,7,6,6,6,7,6,6,6,6,6,4,6,6,7,6,6,6,6,6,6,6,6,6,6,6,6,7,6,6,6,6,7,6,6,6,6,6,7,7,7,6,7,7,7,6,6,6,6,6,6,6,7,7,6,6,6,7,6,7,7,7,6,7,6,6,6,6,6,6,7,7,6,7,6,6,7,6,7,6,4,6,6,6,6,6,7,6,7,6,6,6,6,6,7,7,6,6,6,6,7,6,6,6,7,7,6,7,6,6,6,7,6,6,7,6,6,6,6,7,7,7,6,6,6,6,7,6,7,6,6,6,6,7,6,6,6,6,6,6,6,6,6,6,6,6,6,6,6,7,7,6,7,7,6,6,6,6,7,6,6,6,6,6,6,6,6,6,7,6,7,6,6,6,6,7,6,6,7,6,5,7,6,6,6,6,6,6,6,6,5,6,7,7,6,5,5,6,6,6,4,7,7,6,6,6,6,6,6,6,6,6,6,6,6,6,6,7,7,7,6,6,6,6,7,6,6,6,6,7,7,7,7,7,6,6,6,6,7,6,5,7,6,6,6,5,7,6,6,7,6,6,6,7,7,6,5,7,6,6,7,6,7,6,7,6,6,6,6,6,6,6,6,7,6,6,6,6,6,6,6,6,5,6,7,6,6,7,6,6,6,7,6,7,7,7,6,7,6,6,6,6,6,6,6,6,7,6,6,7,6,7,6,6,6,6,7,6,6,6,4,6,6,6,6,6,6,6,6,6,6,6,7,6,7,7,7,6,6,6,7,6,6,6,6,6,6,6,6,6,7,7,6,6,6,6,7,6,6,7,6,6,6,6,6,6,7,6,6,6,6,6,6,6,6,6,6,6,6,7,7,6,6,6,6,6,6,6,7,7,6,6,7,6,6,4,6,6,6,7,6,6,6,6,6,6,6,6,4,6,6,7,6,6,6,7,7,6,6,6,6,6,6,7,6,6,6,6,7,6,6,6,6,6,6,6,7,6,6,6,7,6,7,6,6,6,5,7,6,7,6,6,6,6,6,6,6,6,6,6,7,4,6,7,7,7,6,6,7,6,6,6,6,6,7,6,6,6,7,6,7,6,6,7,6,6,7,6,6,6,6,6,6,5,6,7,7,6,6,6,6,6,6,7,7,7,6,6,7,6,6,6,6,5,6,6,6,6,6,7,7,6,6,7,5,7,6,6,6,6,7,6,6,7,7,7,7,7,6,6,7,6,7,6,6,7,6,7,6,6,6,6,6,6,6,7,6,7,6,7,6,7,6,6,6,6,6,6,6,7,7,7,6,6,6,6,6,6,6,6,7,7,6,6,6,6,7,7,6,6,6,6,7,6,6,6,6,6,7,7,4,6,7,6,7,6,6,7,6,6,6,6,7,7,4,7,5,6,6,6,6,6,6,6,6,4,6,7,6,6,6,6,7,6,6,6,6,5,6,6,6,6,6,7,7,6,7,6,6,6,6,6,7,7,6,7,7,6,7,7,6,6,6,6]"
shape_1a49c95b23164ed0cd00,"[7,6,6,6,7,6,6,6,7,6,6,6,7,6,7,6,6,7,6,6,7,6,6,6,6,7,6,6,6,6,6,7,7,7,6,6,6,6,7,6,7,6,6,7,6,6,7,6,7,7,6,6,7,6,7,6,6,6,6,6,7,7,6,6,6,6,6,6,6,7,6,6,7,6,7,7,6,6,6,6,6,7,6,6,6,6,7,6,7,6,6,6,7,6,7,6,6,7,7,7,7,6,7,7,6,7,6,7,6,6,7,6,6,6,7,7,6,7,6,6,6,6,7,6,6,6,7,6,6,6,6,6,6,6,6,7,6,6,6,7,6,7,7,7,6,6,6,6,6,6,7,7,7,6,6,7,7,6,6,6,6,6,6,6,7,6,6,6,7,6,7,6,6,7,6,6,6,6,7,6,6,7,6,7,6,6,6,7,7,7,6,6,6,6,6,6,7,6,6,6,6,6,7,7,7,6,7,6,6,7,6,6,6,7,6,7,7,7,6,6,6,6,7,6,6,7,6,6,7,7,6,6,6,6,6,6,6,7,6,7,6,6,6,7,6,7,6,6,6,6,6,6,6,7,6,6,7,7,6,6,6,6,7,6,6,6,6,6,6,7,7,6,7,6,6,7,7,7,7,7,6,6,7,7,6,6,6,6,7,6,6,7,6,6,6,7,7,6,6,6,7,6,7,7,6,7,7,7,6,6,7,7,6,6,7,7,7,7,7,6,6,7,7,6,6,6,6,6,7,7,6,6,7,7,7,7,6,6,6,6,6,6,6,6,6,6,6,7,6,7,6,6,6,6,7,6,6,7,7,6,6,7,6,7,6,7,6,7,6,6,6,6,6,6,7,6,6,7,6,7,7,6,6,6,7,6,7,6,7,7,6,6,6,6,6,7,6,6,6,6,6,6,6,6,6,6,6,6,6,6,6,7,6,7,6,6,6,7,6,6,6,7,6,7,6,6,7,6,6,6,7,7,7,6,6,6,6,6,7,7,6,6,6,6,7,6,7,7,7,6,7,6,6,7,6,6,7,6,7,6,7,6,6,7,7,7,7,6,6,6,7,6,7,6,6,7,7,6,6,7,6,7,7,6,7,6,7,7,7,6,7,6,7,7,6,6,6,6,6,6,6,6,6,6,7,7,6,6,7,6,7,7,6,6,6,7,6,6,6,7,6,6,6,6,6,6,6,7,7,6,7,6,6,6,7,6,6,6,7,6,6,6,6,7,6,6,6,6,7,6,6,6,7,7,6,7,6,6,6,7,6,6,7,6,6,6,6,7,6,6,6,7,6,6,7,6,7,6,6,7,6,6,6,7,6,6,6,6,6,6,7,7,6,6,6,6,7,7,6,7,6,6,6,6,7,6,6,7,6,6,6,7,6,6,6,6,7,6,7,7,6,7,6,6,6,6,6,7,6,7,7,7,6,6,6,6,6,6,6,6,6,6,6,6,6,6,7,6,7,7,7,6,6,7,6,7,6,6,6,6,7,7,7,6,6,6,6,7,6,7,6,7,7,6,6,6,6,7,6,7,6,6,7,7,6,7,6,6,7,7,6,7,6,6,6,6,6,6,6,6,6,6,6,7,6,6,6,6,7,6,6,6,6,7,7,6,7,6,7,7,6,6,6,6,6,7,7,7,7,7,6,6,7,6,6,6,7,6,7,6,6,7,7,6,6,7,7,6,6,6,6,6,6,6,7,6,7,6,6,6,6,6,6,7,7,6,6,6,6,6,7,7,6,6,7,6,6,6,6,7,6,7,6,6,7,6,6,7,6,6,6,7,7,6,6,7,6,6,6,6,6,6,7,6,6,6,6,6,6,7,6,7,7,7,7,6,7,6,6,6,7,6,6,6,6,6,6,7,6,6,7,6,6,7,6,6,7,6,6,7,6,6,6,6,6,6,7,7,6,6,6,7,6,7,7,7,7,6,6,6,6,6,6,6,7,6,6,6,6,6,6,6,6,6,7,6,6,6,6,7,7,6,6,6,7,6,6,6,6,6,7,7,7,6,7,6,7,7,6,6,6,6,7,7,6,7,6,6,6,6,6,7,7,6,6,6,7,6,6,6,6,6,7,6,7,6,7,7,6,6,6,6,7,6,7,6,6,7,6,7,6,7,7,7,6,7,6,6,6,7,6,6,6,7,6,7,7,7,6,6,6,6,6,6,6,6,7,6,6,6,6,6,6,6,7,6,6,7,7,6,7,7,7,6,6,6,6,6,6,7,6,6,6,6,7,6,7,6,6,6,7,6,6,6,7,6,7,7,7,6,7,6,7,6,6,6,6,7,6,6,7,6,6,6]"
shape_8a0f3a70c7a635f1a55f,"[6,6,6,6,6,7,6,6,7,6,5,5,4,6,6,6,7,6,5,6,6,6,6,4,7,7,6,6,6,4,6,7,6,4,7,6,7,7,6,6,6,7,6,6,6,7,6,4,7,6,4,7,7,6,6,7,6,6,4,6,6,6,6,6,6,6,7,6,6,6,6,6,6,6,6,6,5,6,7,4,4,6,6,6,6,7,4,7,7,6,5,4,6,6,6,6,6,6,5,6,7,6,6,5,6,6,4,6,6,7,4,6,7,7,6,6,7,5,6,6,4,5,6,7,7,6,7,6,6,6,6,6,4,6,6,5,7,6,5,4,6,7,6,6,7,6,6,6,4,5,6,6,6,4,6,5,5,6,6,6,5,4,7,4,4,6,6,7,7,7,7,7,6,5,6,7,7,7,6,6,6,4,6,6,6,5,6,6,5,6,6,6,6,6,5,6,6,6,6,6,7,4,4,6,7,7,7,4,5,5,4,5,6,6,6,4,6,7,5,6,6,6,6,6,6,7,6,5,7,7,6,7,6,7,7,4,6,7,7,6,6,6,6,6,5,6,7,6,7,6,6,6,6,6,6,6,7,6,7,6,6,6,6,7,7,7,6,6,6,6,6,6,6,6,6,6,6,4,6,4,6,4,7,7,5,6,7,7,7,4,4,6,6,7,5,6,6,4,6,6,6,6,7,6,6,6,6,6,6,6,7,7,6,5,5,6,6,6,6,5,6,7,7,6,7,6,7,6,6,7,7,5,6,7,6,6,6,7,6,6,6,6,7,6,6,6,6,6,6,6,7,6,5,6,6,6,6,4,6,6,6,5,5,6,6,7,6,6,4,7,6,7,6,5,6,6,6,7,7,6,7,7,6,6,7,4,6,6,7,6,5,6,7,5,7,4,7,6,7,6,6,7,6,7,6,7,7,6,6,7,7,7,6,7,6,6,6,6,4,7,6,4,7,6,6,6,6,7,4,6,6,4,6,6,6,6,6,4,5,6,6,7,6,7,6,6,7,6,4,5,7,6,5,6,6,7,5,6,7,6,6,7,6,7,7,7,6,4,7,7,6,5,5,4,6,6,5,6,6,7,6,4,6,6,6,4,6,6,6,6,6,7,6,7,6,6,7,6,6,5,7,6,6,7,6,7,6,7,6,7,4,6,6,5,7,5,6,6,6,6,6,7,7,6,7,4,6,7,7,6,7,5,6,6,7,5,6,6,7,6,6,7,5,7,7,6,6,6,4,6,6,6,7,4,7,6,7,7,7,6,6,6,6,7,6,4,7,7,5,7,7,5,7,6,6,7,6,7,6,7,4,7,6,6,7,6,6,6,7,6,7,6,6,5,7,6,4,4,7,6,6,7,6,4,6,5,6,7,6,6,5,6,5,6,4,5,6,5,6,4,6,6,6,4,7,6,7,4,6,6,6,6,6,4,4,6,4,4,5,4,6,7,7,5,7,5,6,6,6,6,6,7,6,5,5,7,6,7,6,7,7,6,7,7,4,7,6,7,4,7,6,5,6,5,7,7,6,7,7,6,4,6,6,6,6,7,4,6,7,6,6,7,6,6,6,5,4,6,6,6,7,6,4,6,5,6,4,6,6,7,5,6,6,4,6,6,6,6,6,5,6,4,6,5,6,6,6,6,6,6,6,7,6,7,6,7,5,6,6,7,7,7,6,6,4,6,6,7,6,6,7,6,7,6,6,7,6,6,6,6,5,6,6,6,6,6,5,7,7,5,7,7,6,6,7,6,7,6,6,6,6,7,5,7,5,6,6,6,6,6,4,5,7,6,6,7,7,6,6,4,7,7,7,7,6,6,4,4,6,7,6,7,7,6,6,6,5,4,6,4,7,4,5,6,6,7,6,4,6,7,6,7,6,6,7,7,6,4,7,4,6,6,6,6,6,6,6,5,6,5,6,7,6,6,6,5,5,6,6,6,6,6,6,6,7,7,7,6,6,6,6,6,7,6,6,6,7,7,4,6,6,6,6,4,6,6,6,6,7,6,6,6,4,7,7,6,7,6,6,6,7,7,7,5,6,4,6,4,5,6,6,7,6,5,5,7,7,4,4,6,6,6,7,7,7,6,4,7,6,7,6,4,6,7,7,7,6,4,7,5,5,6,6,7,6,7,6,6,5,7,6,5,6,4,6,6,6,6,6,5,4,6,6,6,7,5,4,5,6,6,6,6,4,6,6,6,6,4,6,6,6,4,5,6,5,4,6,5,6,7,7,6,4,4,6,5,6,6,6,6,6,4,6,6,7,6,5,4,6,6,6,6,7,6,6,6,7,7,6,6,6,7,6,6]"
shape_68f52ed7636429a1bc9f,"[4,5,5,5,6,5,6,5,5,5,5,4,5,4,4,4,6,5,4,4,6,6,6,4,4,5,5,6,5,5,5,5,6,7,5,5,5,5,6,4,4,4,6,6,4,5,5,2,5,5,5,4,6,5,5,4,4,5,7,4,6,5,5,5,4,4,5,6,4,5,4,4,6,5,5,4,4,4,4,4,4,4,6,5,4,5,4,6,6,6,5,4,4,6,4,5,4,5,4,5,6,5,6,6,6,6,6,4,6,5,6,5,6,6,6,6,6,6,4,5,5,5,6,4,6,6,6,6,5,5,5,5,6,6,5,6,6,5,6,5,7,5,4,4,6,5,4,4,6,6,5,6,4,5,6,5,5,4,6,6,4,4,5,5,4,5,6,4,4,6,6,4,5,5,4,5,4,5,4,5,6,6,4,5,5,6,2,5,4,4,4,2,5,5,4,5,5,5,5,5,5,4,6,6,6,6,4,6,5,5,2,5,6,4,6,4,4,4,5,4,5,6,5,6,2,5,5,5,6,5,6,5,4,5,6,4,5,5,4,4,4,4,5,4,5,6,5,6,5,5,4,5,4,5,5,6,5,6,6,6,5,6,5,4,4,6,4,6,6,5,5,5,5,6,5,4,4,5,5,6,5,4,5,5,4,5,6,7,6,6,4,4,5,6,5,4,5,6,6,6,5,5,5,4,4,4,5,5,5,5,5,6,6,6,6,6,4,6,4,5,5,5,5,5,7,5,6,5,6,6,6,4,5,5,6,4,4,5,5,6,6,7,5,2,5,4,6,6,5,5,6,5,4,5,6,5,4,6,4,4,6,5,4,5,6,4,5,5,4,2,2,4,4,6,5,5,4,5,6,4,5,2,4,4,4,4,5,5,6,5,5,6,5,5,5,5,5,4,7,2,4,4,5,4,5,6,5,6,4,6,6,5,7,4,6,5,6,4,5,6,2,6,6,6,4,6,6,4,4,4,6,4,5,4,4,5,5,5,4,5,6,4,6,5,6,6,5,6,4,4,4,6,4,5,5,5,4,5,5,4,4,6,4,4,6,6,5,4,4,6,5,4,4,4,4,5,4,5,5,7,6,6,4,4,7,6,4,6,4,6,4,5,5,6,6,5,6,5,5,5,5,6,5,4,5,5,4,6,5,4,6,6,6,5,5,4,4,5,5,5,5,4,6,5,5,4,5,4,6,4,6,4,6,5,4,4,5,5,5,5,5,6,6,5,6,4,5,5,6,5,4,6,5,5,6,4,2,6,5,5,4,6,6,6,4,4,6,4,4,5,6,5,5,4,4,5,6,4,5,6,5,6,7,4,5,6,6,4,5,5,7,5,5,5,4,5,4,6,4,5,6,5,5,4,5,5,5,7,4,4,4,4,6,7,4,4,5,6,5,5,4,6,6,4,4,5,6,5,6,5,4,6,6,4,5,5,6,6,4,5,5,4,4,4,4,5,4,4,5,5,4,6,7,5,5,6,4,4,6,5,4,7,5,4,5,6,4,6,4,5,5,5,6,6,5,6,5,5,4,4,5,7,5,5,5,5,4,6,4,4,6,4,5,6,4,5,6,5,5,5,4,5,5,6,5,6,4,6,6,6,6,6,6,6,6,6,5,5,4,6,4,7,4,5,5,4,6,5,5,6,2,4,4,4,4,5,6,5,5,7,4,7,6,4,5,5,5,4,5,4,4,5,5,5,4,5,5,6,4,5,6,6,5,4,6,4,6,6,4,5,4,6,7,4,6,4,5,5,4,4,4,4,6,7,2,4,6,5,5,5,5,5,5,6,5,6,5,4,6,6,5,6,5,6,4,5,5,6,6,4,4,5,5,5,4,4,4,5,6,4,5,6,6,4,5,5,4,4,5,4,4,5,6,6,4,5,6,7,6,6,5,6,5,4,6,4,6,6,6,4,4,5,7,4,4,6,6,6,5,6,2,4,6,4,5,6,5,5,6,4,4,5,5,5,5,5,5,6,4,5,5,4,4,4,5,4,5,4,4,2,7,4,4,6,6,5,5,4,5,6,5,5,6,6,4,5,5,6,5,5,4,4,6,6,5,5,5,4,6,6,4,6,4,5,4,5,5,6,6,6,4,4,5,4,4,5,5,6,5,7,5,5,5,6,5,6,5,4,5,4,5,5,6,5,5,2,4,5,6,5,5,5,4,5,5,5,4,6,4,5,5,5,4,6,7,5,5,5,4,5,5,4,4,5,4,4,6,5,5,5,5,6,6,5,4,4,6,7,7,5,5,5,5,4,4,5,6,4,4,5,4,4,4,5,5,4,5,4,6,5,5,6,7,7]"
shape_00fe661f9a113570e7f2,"[6,6,6,6,6,7,6,6,7,7,6,7,7,6,6,6,7,7,6,7,6,6,6,7,6,6,6,6,6,6,6,7,7,6,7,7,7,7,6,7,6,6,7,6,7,6,6,6,7,6,6,6,6,7,6,6,6,6,6,6,6,6,7,7,6,7,7,6,7,7,7,7,6,7,6,6,7,6,7,6,6,6,7,6,6,7,6,6,6,6,6,6,6,6,6,6,6,6,6,6,6,6,6,6,6,6,6,7,7,6,6,7,6,6,6,7,6,6,7,7,6,7,6,6,6,6,7,6,6,6,6,6,7,6,6,7,7,6,7,7,7,6,7,6,6,7,6,7,7,7,6,7,7,7,6,7,6,7,6,6,6,6,7,6,7,6,7,6,6,7,6,6,7,6,6,6,7,7,6,7,7,7,7,7,6,6,7,7,7,6,6,6,6,6,6,7,7,7,6,7,7,6,7,7,7,6,6,6,6,6,6,7,6,6,6,6,7,7,6,7,6,7,7,6,6,6,6,7,6,6,6,7,6,6,6,7,7,6,6,6,6,6,6,6,7,6,6,6,6,6,6,6,6,7,6,6,6,6,6,6,7,7,7,7,6,7,7,7,7,6,7,7,7,6,6,6,6,6,6,6,7,7,6,6,7,6,6,6,6,6,7,6,6,6,6,6,6,6,7,7,6,6,6,6,6,7,6,6,6,6,7,6,7,6,6,7,7,6,6,7,6,6,6,7,6,6,6,6,7,6,6,7,6,6,7,7,6,7,7,6,6,6,7,7,7,7,6,6,6,7,6,6,7,6,6,7,6,7,7,7,6,7,7,7,6,7,7,7,6,6,6,6,6,6,6,7,6,6,6,6,6,6,6,6,6,6,6,7,6,7,7,6,6,7,7,6,6,6,6,6,6,6,7,6,7,6,6,6,6,7,6,6,6,6,7,7,6,6,6,7,6,6,6,6,7,6,7,6,7,7,7,6,7,6,6,6,6,6,7,6,7,6,6,6,6,6,6,7,6,6,6,6,6,7,7,7,6,6,6,6,7,7,7,6,6,6,6,6,6,6,6,6,6,6,6,7,6,6,6,6,6,7,6,6,6,7,6,7,6,6,6,6,6,6,7,6,6,6,7,7,7,6,6,6,7,6,7,6,6,6,6,6,6,6,6,7,6,7,7,6,7,6,6,7,7,6,6,6,6,7,7,6,6,6,7,6,7,6,6,7,6,7,6,6,6,6,6,7,6,6,6,6,6,6,6,6,7,7,7,7,7,7,6,7,7,6,7,6,6,7,6,6,6,6,6,6,6,6,6,7,7,6,6,6,7,7,6,7,6,7,6,7,6,7,6,6,6,7,7,7,6,6,6,6,6,7,6,6,6,7,6,7,6,6,6,6,7,7,7,6,6,6,6,7,6,6,7,6,6,6,6,7,6,6,6,6,7,6,6,6,6,6,7,7,6,6,7,6,6,6,6,7,6,6,6,7,6,6,6,7,6,6,6,6,7,6,6,7,7,7,6,6,6,7,6,6,7,6,6,6,6,7,6,6,7,6,6,7,6,7,6,6,6,7,7,6,6,6,6,6,6,6,6,6,6,7,7,6,7,7,7,7,6,7,6,6,7,6,7,6,7,7,6,6,6,6,7,6,7,6,7,6,7,6,6,6,6,6,7,7,6,6,6,7,6,7,6,6,6,6,6,7,6,6,6,6,6,6,7,6,6,6,6,7,7,6,7,6,6,6,7,7,6,7,6,7,7,6,7,7,6,6,6,6,6,6,6,6,6,6,6,6,6,6,6,7,6,7,6,6,7,6,6,7,6,6,7,6,6,6,6,6,7,7,7,7,7,6,6,6,7,6,7,6,6,6,7,7,7,7,7,7,6,6,7,7,7,7,7,6,6,6,6,6,6,7,7,7,7,6,6,6,6,6,7,6,6,6,6,7,6,6,6,6,6,6,6,6,7,7,6,6,6,7,7,6,7,6,6,6,7,7,7,6,7,7,7,7,6,7,6,6,6,6,6,6,7,7,6,6,6,7,7,6,6,6,6,7,6,6,6,6,6,6,6,6,6,6,7,6,6,7,6,6,6,6,6,6,6,7,6,7,6,7,6,6,6,7,6,7,7,6,7,6,6,7,7,6,6,6,7,6,6,6,7,6,6,7,6,6,7,7,7,7,7,7,6,6,7,7,7,6,6,6,6,7,7,6,6,7,7,7,7,7,6,6,7,6,6,6,6,7,7,6,6,6,7,6,6,6,7,6,6,6,7,6,6,7,7,6,6,6,7,6,7,7,6,6,6,7,6,6,7,6]"
shape_614a211599cc041b654c,"[6,6,6,4,6,4,6,6,7,7,6,6,6,6,6,6,7,7,5,7,6,6,6,6,6,4,6,6,7,7,6,7,6,7,6,6,6,6,7,7,7,6,6,6,6,6,6,6,7,6,4,6,7,6,4,6,7,6,7,7,6,6,7,7,6,6,4,6,7,4,4,6,7,7,7,6,6,6,4,4,6,6,6,7,6,6,6,7,6,7,4,7,7,7,6,6,7,7,7,7,4,7,4,6,6,6,6,6,6,6,6,7,6,6,6,4,6,6,6,6,6,6,7,7,7,6,6,6,6,4,6,4,7,6,6,6,7,6,7,6,6,6,4,7,7,6,6,6,7,6,6,6,6,4,4,6,6,4,6,6,7,6,4,7,6,7,6,7,7,6,6,6,6,4,6,6,6,7,6,6,6,6,6,7,7,7,6,6,6,7,6,7,6,7,6,7,7,4,7,6,4,6,7,6,6,6,7,6,6,6,7,6,6,7,6,6,6,6,6,6,6,6,6,6,4,4,6,6,4,7,6,6,6,6,6,6,6,6,6,7,6,6,6,7,7,6,6,7,6,7,4,7,7,6,4,6,7,6,6,4,6,6,7,7,4,6,7,7,7,6,6,6,4,6,6,4,6,6,7,6,7,6,6,7,6,6,6,6,6,6,6,6,7,6,7,7,4,6,7,6,4,6,7,4,7,7,6,6,6,6,6,6,6,6,7,7,6,6,7,7,7,5,6,7,6,6,6,6,6,7,6,6,6,6,6,7,7,7,6,6,4,6,7,6,7,6,6,4,6,7,6,6,4,6,4,7,6,6,6,6,6,7,6,7,4,6,7,7,6,7,6,7,7,7,4,7,6,7,6,7,7,6,6,6,5,6,6,6,4,6,7,6,6,7,6,7,7,7,6,4,6,6,6,4,6,6,6,4,6,7,6,7,6,7,6,6,7,7,6,6,6,4,6,7,4,6,6,6,4,7,4,4,7,7,6,6,7,7,6,6,6,7,6,6,6,6,6,6,6,7,6,4,4,6,6,6,7,6,6,6,6,7,6,6,6,4,6,7,7,6,6,6,6,6,7,7,7,6,6,7,6,6,7,7,6,6,4,6,6,7,6,6,6,7,6,7,6,6,6,6,6,6,7,6,6,6,6,4,7,7,6,7,6,6,6,4,7,6,6,7,6,6,6,6,6,7,6,6,6,6,7,6,6,6,6,6,4,6,6,6,6,4,6,7,6,6,5,6,6,6,7,6,6,6,7,6,7,6,7,7,6,6,4,7,7,6,7,4,6,6,7,6,6,6,6,7,6,6,6,6,7,7,6,6,6,7,6,7,7,6,6,7,7,4,7,7,7,6,4,6,6,4,7,6,6,6,6,7,6,6,6,6,6,6,4,4,6,7,7,6,7,7,6,7,7,6,7,6,6,7,7,6,6,7,6,4,6,6,6,6,6,6,6,5,7,6,6,6,6,6,6,6,6,6,7,4,7,6,7,7,6,6,7,6,6,7,7,7,4,6,6,6,7,4,4,4,5,6,7,6,6,7,6,6,7,5,7,6,6,7,6,6,7,7,7,6,6,7,6,6,6,6,7,6,7,6,7,6,7,7,7,6,6,6,7,7,6,6,6,5,6,5,4,7,6,6,6,6,6,6,6,6,6,7,7,6,7,7,7,6,7,7,7,7,6,6,7,7,4,6,6,4,7,6,7,7,6,7,6,7,7,7,7,6,7,6,6,6,6,5,6,7,6,6,6,7,4,6,7,6,5,7,7,7,4,4,6,6,6,7,6,6,6,6,7,7,6,6,6,5,7,6,6,4,6,7,6,6,6,6,6,7,7,6,6,6,6,6,6,6,7,7,6,6,7,4,7,6,7,6,6,6,6,7,7,6,5,7,7,7,6,6,6,6,7,5,7,7,7,6,6,6,7,7,4,6,6,6,6,6,6,6,6,6,6,7,6,6,6,6,7,6,4,4,6,7,7,6,7,7,6,6,6,6,7,6,7,6,6,7,6,6,5,6,6,6,5,4,6,6,6,7,6,6,4,7,6,6,6,6,6,6,7,7,7,7,6,6,7,6,6,6,4,7,6,4,6,6,6,4,6,6,7,7,4,6,6,7,7,7,6,7,6,6,6,6,7,6,7,6,6,7,7,6,6,6,4,7,6,6,6,6,6,6,7,7,6,6,6,6,6,7,6,7,6,6,4,6,4,7,6,6,7,6,6,6,6,6,7,6,6,4,7,6,7,6,7,6,6,6,6,6,6,7,6,6,7,4,6,6,6,6,6,6,4,6,7,4,6,7,6,6,6,6]"
shape_0ce1cc83fb7826f0a1b0,"[5,6,5,4,5,4,6,4,0,5,6,6,4,5,4,4,4,6,4,4,4,5,4,4,4,4,4,5,4,4,6,4,4,5,5,6,5,5,6,4,6,4,0,4,6,5,4,0,4,4,6,6,6,6,6,5,7,4,6,4,6,4,4,4,4,5,5,4,6,4,4,4,6,4,6,4,4,6,5,4,4,4,6,6,6,4,5,4,5,5,5,4,4,4,5,4,4,6,4,4,4,4,5,0,0,4,4,5,5,5,4,4,4,6,4,4,0,4,4,4,4,4,5,0,5,6,4,4,4,5,6,4,4,0,4,5,0,5,1,0,5,6,6,6,5,5,4,4,6,6,4,5,6,4,5,4,4,6,4,6,6,0,4,6,4,6,6,5,4,7,4,4,4,5,4,6,4,4,5,4,4,6,6,4,5,5,4,6,5,0,6,4,6,4,5,4,4,4,4,4,4,4,4,5,6,7,5,6,0,4,6,4,4,6,4,6,5,4,4,0,4,6,6,6,5,4,4,6,6,6,6,6,5,0,4,6,5,4,4,4,0,6,0,6,4,5,4,6,4,4,4,5,7,5,4,4,4,4,4,6,5,0,0,6,4,5,4,4,0,4,4,4,6,4,4,4,4,4,4,5,4,0,4,5,4,4,4,6,5,6,6,4,4,4,5,4,5,5,5,6,5,5,6,4,6,6,4,4,6,4,6,4,4,4,6,4,6,4,4,7,4,6,6,6,4,4,6,4,6,4,5,7,4,5,4,4,4,4,4,6,6,4,5,5,0,0,4,4,6,6,4,0,6,4,4,6,4,6,6,6,4,4,6,7,6,6,6,5,0,4,0,4,4,5,4,6,4,6,6,5,6,4,6,6,4,6,5,4,4,5,6,6,4,4,0,6,5,5,4,5,4,6,4,5,4,5,4,4,6,4,4,4,5,4,5,5,5,4,4,4,4,4,0,6,5,4,4,5,6,4,4,4,4,6,4,5,6,4,5,4,4,6,4,5,4,6,4,4,6,6,4,6,4,4,4,4,6,4,5,6,6,5,5,4,4,5,0,4,6,0,5,4,5,5,5,5,4,5,5,0,4,4,4,4,6,6,4,4,4,5,4,4,4,4,5,7,4,4,0,4,4,2,5,4,5,4,0,4,6,4,6,6,6,5,4,5,4,4,6,4,4,0,5,4,6,5,4,4,0,4,5,6,4,4,7,4,4,6,4,4,5,6,4,4,4,4,5,5,4,6,6,4,4,5,5,4,4,0,6,4,6,6,5,6,5,5,6,6,4,5,6,4,4,6,5,6,6,5,6,6,0,4,6,4,6,6,5,4,5,4,4,4,4,0,4,4,0,5,4,4,4,6,4,6,6,4,5,4,6,6,4,4,5,5,4,6,5,4,6,4,5,4,6,5,4,5,5,6,4,4,6,6,4,4,4,4,4,4,4,4,4,4,4,0,4,6,5,4,4,4,4,6,6,4,0,4,4,6,6,0,5,4,0,5,5,4,4,5,6,6,6,2,4,0,6,4,5,6,6,4,4,5,6,4,0,0,5,4,0,4,4,6,4,5,4,4,5,6,4,4,4,6,5,1,4,6,4,4,6,4,6,4,4,4,4,7,4,6,6,4,5,4,4,5,6,4,5,6,4,4,4,4,5,5,0,5,4,4,4,5,4,0,4,5,4,4,4,0,6,6,0,5,6,6,5,0,4,4,5,0,0,4,5,4,5,4,0,4,4,5,6,4,5,4,4,4,6,5,4,6,5,6,5,4,5,6,4,4,5,6,0,4,6,6,4,5,6,0,6,4,4,5,4,0,6,6,5,5,4,4,4,5,4,5,4,5,4,4,6,4,4,6,4,4,5,6,4,4,4,6,4,6,5,5,4,4,4,5,0,4,6,4,4,4,4,4,4,5,4,5,6,6,4,6,4,6,4,4,4,4,4,4,4,0,5,4,4,6,6,4,5,4,5,4,5,5,4,4,5,6,4,6,4,4,6,4,4,5,4,4,7,4,4,6,5,6,4,5,4,5,4,0,6,4,4,4,6,0,5,5,4,6,4,6,4,6,5,6,6,5,5,4,4,4,5,6,6,6,5,6,4,6,5,6,4,4,5,6,4,4,6,6,6,5,4,4,4,6,0,4,5,0,4,2,5,4,6,5,5,4,4,4,1,4,4,4,0,6,4,6,6,4,6,4,0,5,4,5,5,4,5,4,6,6,5,4,4,4,7,4,5,0,4,6,4,6,4,5,6,4,6,5,4,4,4,5,5,5,4,4,4,5,5,4,4,4,5,4,7,4,5,4,5,5]"
shape_05f39adb9ce5364fc500,"[6,6,6,6,6,7,6,6,6,6,6,6,6,7,6,7,6,6,6,6,6,6,6,6,6,7,6,7,6,6,6,6,7,7,6,6,6,6,7,6,6,6,6,6,7,6,6,7,7,6,6,6,6,7,6,6,6,6,6,7,7,6,6,6,6,6,6,6,6,6,6,7,7,6,6,6,6,7,7,7,6,6,6,6,7,6,6,6,6,6,6,6,6,6,6,6,6,6,6,6,7,6,6,6,7,6,6,6,7,6,6,6,6,6,6,6,6,6,6,6,6,7,6,6,6,6,6,6,6,6,6,6,6,6,6,7,7,6,6,6,6,6,6,7,7,6,7,6,6,6,6,6,6,6,6,7,6,7,6,7,6,6,7,7,7,6,7,7,6,6,6,6,6,6,7,7,6,6,6,6,6,6,6,7,7,7,6,6,6,7,6,6,6,6,6,6,6,6,6,6,6,6,6,6,6,7,7,6,6,7,6,7,6,6,6,6,7,6,7,6,6,6,6,6,6,6,6,7,6,6,6,6,6,6,6,7,7,6,6,6,7,7,6,6,7,7,7,6,6,7,6,7,6,6,6,6,6,6,6,6,6,6,6,6,6,6,7,7,6,6,6,6,6,6,6,6,7,6,6,7,6,6,6,7,6,6,6,6,6,7,6,6,6,6,6,6,7,7,6,7,6,6,6,6,6,6,6,7,6,6,6,6,6,6,6,6,6,6,7,6,7,6,6,6,6,7,6,6,6,7,6,6,7,6,6,6,6,6,6,6,6,6,7,6,6,7,6,6,6,7,6,6,6,6,6,6,6,6,6,6,6,6,6,6,6,7,6,7,6,6,6,6,6,7,6,7,6,6,6,7,6,6,6,6,6,6,6,7,6,6,7,7,6,6,7,6,6,6,6,7,6,6,6,7,6,6,7,6,6,7,6,7,6,6,6,7,6,7,6,6,6,6,6,7,6,6,6,6,6,7,6,6,7,7,6,6,6,7,7,7,7,7,6,6,6,6,6,6,6,6,6,7,6,6,6,7,6,6,7,6,6,7,6,6,6,6,6,6,6,6,6,6,6,6,6,6,7,7,6,6,7,6,6,7,7,7,6,7,6,6,7,6,7,6,6,6,7,7,6,7,7,6,6,6,7,6,7,6,7,7,6,6,6,6,6,7,6,6,6,7,7,6,6,6,6,6,6,6,6,6,6,6,6,6,7,6,7,7,7,6,6,6,6,6,6,6,6,6,7,6,6,6,7,6,6,6,6,6,6,7,6,6,6,7,6,6,6,6,6,6,6,6,7,6,7,6,6,7,7,6,6,7,6,7,6,6,7,7,7,7,7,7,6,6,6,6,6,7,6,6,6,6,6,6,6,6,6,6,6,7,7,7,6,6,6,6,6,7,6,7,6,6,7,6,6,6,6,6,6,7,6,6,6,6,6,7,7,6,6,6,6,6,6,6,6,7,6,6,6,6,7,6,6,6,6,6,6,7,6,6,7,6,6,7,6,6,6,6,7,6,6,6,6,6,6,6,6,6,6,6,6,7,6,6,6,6,6,6,6,7,6,6,6,6,6,7,6,6,7,6,6,6,6,6,7,6,6,6,7,6,6,6,6,6,6,6,7,6,7,6,6,6,7,6,6,7,6,7,6,6,6,7,6,6,7,6,6,6,6,7,6,6,6,6,7,6,7,6,7,6,6,6,6,6,7,6,6,6,6,6,6,6,6,7,6,7,7,6,6,7,6,6,6,6,6,7,6,6,6,6,7,6,6,6,6,6,7,6,6,6,6,6,6,6,7,7,7,6,6,6,6,6,6,6,6,6,6,6,6,6,6,6,6,6,6,6,6,7,6,6,7,7,6,6,6,6,7,6,6,7,7,6,7,6,7,6,6,6,7,6,6,6,6,6,7,6,6,6,6,6,6,6,6,6,6,6,6,6,6,6,7,6,6,6,6,0,6,6,6,6,6,6,6,7,6,6,6,6,6,7,6,7,6,6,7,6,6,7,6,7,6,7,6,6,6,6,6,7,6,6,6,7,6,6,6,6,6,7,6,6,6,6,6,6,6,6,6,7,6,7,6,7,6,7,6,6,6,6,6,6,6,6,7,6,6,7,6,6,6,6,6,6,6,6,7,6,6,6,7,7,7,6,7,6,6,6,6,6,7,6,6,7,6,6,7,7,6,6,7,6,6,6,6,7,6,6,6,7,7,7,6,6,6,6,6,7,6,7,7,6,6,6,6,6,6,6,6,6,6,6,6,6,6,6,6,6,6,6,6,7,7,6,7,6,6,6,7,6,6,6,6,6,6,6]"
shape_a6eae9b08e84c05c54bf,"[6,6,6,6,6,6,6,7,6,6,6,6,6,6,6,6,6,6,6,7,6,6,6,7,6,6,6,6,6,7,6,6,7,6,6,6,6,6,6,6,6,6,6,7,6,6,6,6,6,6,6,6,7,6,7,7,6,7,6,6,6,6,6,6,7,6,6,6,7,6,6,6,7,6,6,6,6,6,6,6,6,6,7,6,6,6,6,6,6,7,6,6,7,6,6,6,7,6,7,6,6,6,6,6,6,6,7,6,6,7,6,6,6,6,6,6,6,6,6,6,6,6,7,7,6,6,6,6,7,6,6,6,6,7,7,7,6,6,6,7,7,6,7,6,6,6,6,6,6,6,6,6,6,6,6,6,7,6,6,6,6,6,6,6,7,7,6,6,7,6,7,6,7,6,6,6,6,6,6,6,6,6,7,6,7,6,6,6,6,6,6,6,6,6,6,7,6,7,6,6,6,6,6,6,6,6,6,6,6,6,6,6,6,6,6,6,7,6,6,6,6,6,6,6,6,6,6,7,6,6,6,6,7,6,6,7,7,6,6,6,6,7,6,6,6,6,6,7,6,6,6,6,6,6,6,6,7,7,6,6,6,6,6,7,6,7,6,6,6,6,7,6,6,7,6,7,6,6,7,6,6,6,6,6,6,6,6,6,7,6,7,6,6,6,6,7,6,6,6,6,7,6,6,6,6,6,6,6,6,7,6,6,7,7,6,6,6,6,6,7,6,6,6,6,7,7,6,6,7,6,6,6,6,6,6,7,6,6,6,6,6,6,6,6,6,7,6,6,6,6,6,7,7,6,6,6,6,7,6,6,6,7,7,6,6,6,6,6,6,7,6,7,6,7,7,6,6,6,7,6,6,6,7,6,6,6,6,6,6,7,7,6,6,7,7,6,6,6,6,7,7,6,6,6,6,6,6,6,6,7,6,6,6,7,7,7,6,6,6,6,6,6,6,6,6,6,6,7,6,6,6,6,7,6,6,6,7,6,6,6,7,6,7,6,7,6,7,6,7,6,6,6,7,7,6,6,6,6,6,6,6,7,6,6,6,7,6,7,6,6,7,6,6,6,6,6,7,6,6,6,6,6,7,7,7,6,6,6,6,6,7,7,6,7,6,6,6,6,6,6,6,6,6,6,6,6,6,6,6,6,6,7,6,7,6,7,7,7,6,6,6,7,6,6,6,6,7,6,6,6,6,6,6,6,6,7,6,6,6,6,7,6,7,6,7,6,6,7,7,6,6,6,6,6,6,6,6,6,6,6,6,7,6,6,6,6,7,6,6,6,6,6,7,7,7,6,6,6,6,7,6,7,7,7,6,6,7,6,6,6,6,6,6,6,6,6,7,6,6,7,6,7,6,6,6,6,6,6,6,6,6,6,6,6,7,6,6,6,6,7,6,6,6,6,6,7,7,6,7,7,6,6,7,6,6,7,7,6,6,6,6,6,6,6,7,7,6,6,7,6,6,7,6,6,7,6,6,6,6,6,6,6,6,7,6,6,6,6,6,6,6,6,6,6,6,7,6,6,6,6,7,7,6,6,6,6,6,6,7,7,6,7,6,6,6,6,6,6,6,6,6,7,6,6,6,6,7,6,6,6,6,7,6,6,6,6,6,7,6,6,6,6,6,6,7,7,6,6,7,6,6,7,7,6,6,7,6,7,6,6,6,6,7,7,7,6,6,6,6,6,6,7,6,6,7,6,6,6,7,6,7,6,7,7,6,7,6,6,6,7,6,6,6,6,6,6,6,6,7,6,6,6,6,6,6,7,6,7,6,6,6,6,6,6,6,7,6,6,6,6,6,7,6,7,6,6,6,6,6,6,6,6,6,6,6,7,6,6,6,6,6,6,6,6,7,6,6,6,6,6,6,6,7,6,7,6,6,6,6,6,6,6,6,6,6,6,6,7,6,7,6,6,6,6,6,6,7,6,6,7,7,6,6,7,7,7,6,6,6,6,6,6,6,6,6,6,6,7,6,6,6,6,6,6,6,6,6,6,6,7,6,6,6,6,6,6,6,6,7,6,6,6,6,6,7,6,6,6,6,7,6,6,6,6,6,7,6,6,6,6,6,7,7,6,7,6,7,6,6,6,7,6,6,6,6,6,6,6,7,7,6,6,6,6,7,6,6,6,6,6,7,6,6,6,6,7,6,6,6,6,7,7,6,6,6,7,6,7,6,7,6,6,7,7,6,6,6,6,6,6,6,6,7,6,6,6,6,6,6,6,6,7,7,6,7,7,6,7,6,6,6,6,6,6,6,6,7,6,6,7,6,6,6,6,6,6,7,6,6,7,7,6,6,6]"
shape_2004cbda17106bb5a105,"[3,3,0,5,0,0,0,0,4,0,4,4,4,0,0,3,4,0,0,4,0,3,0,0,0,3,0,4,4,5,0,0,0,3,0,4,3,4,0,0,4,0,0,0,0,3,3,0,0,0,0,3,4,3,3,3,0,0,0,5,0,0,5,3,4,3,0,0,0,0,3,4,0,0,0,0,0,0,0,3,5,0,0,0,3,0,0,4,3,3,3,4,0,0,0,0,0,4,0,0,0,1,0,5,0,4,4,0,0,0,0,4,5,0,0,0,0,0,0,0,4,0,0,0,1,0,3,0,3,3,0,4,4,0,0,0,4,0,0,0,0,0,3,0,0,0,0,0,0,5,3,3,0,3,0,0,3,0,4,0,5,0,0,4,0,0,0,0,0,4,0,1,0,0,3,0,4,3,0,0,0,0,4,1,0,0,3,0,4,0,1,0,3,0,5,0,0,4,0,0,0,3,3,3,0,0,3,4,0,5,4,5,0,4,0,0,0,3,0,0,4,0,0,0,4,0,3,0,3,0,0,0,3,0,1,0,3,0,3,3,5,3,3,0,0,4,0,3,1,0,0,3,4,0,5,3,4,0,0,0,3,0,0,0,0,0,0,0,0,4,0,0,3,3,0,0,3,5,0,0,3,0,0,1,3,4,4,1,4,0,0,4,0,1,0,0,3,0,1,0,0,0,3,4,4,4,5,5,0,3,0,0,3,0,4,1,7,3,3,3,0,3,0,3,3,0,0,4,0,0,0,0,3,0,4,3,0,3,0,3,3,4,0,0,0,0,0,0,4,0,0,3,0,4,0,3,0,7,0,0,0,3,0,0,4,5,0,0,4,4,0,0,3,0,0,0,3,0,0,0,0,4,0,0,0,0,0,4,0,0,0,0,0,0,4,4,0,0,0,0,0,4,0,5,3,0,0,0,5,3,0,4,3,4,3,4,0,5,3,3,0,0,3,0,3,0,0,0,3,4,3,0,4,4,0,4,0,0,3,0,0,0,0,0,0,3,3,4,3,0,3,5,0,0,3,1,0,0,0,0,3,0,0,5,3,0,0,0,3,0,4,3,0,4,0,0,0,4,0,3,0,7,4,0,3,0,0,0,0,4,0,3,3,0,0,4,3,3,0,0,0,0,3,5,5,5,4,0,0,0,4,7,4,3,0,0,0,0,0,0,3,0,4,3,3,0,4,4,3,5,0,0,3,0,1,0,0,0,3,4,4,0,0,0,3,0,4,3,0,3,3,0,0,3,0,4,0,3,0,7,0,5,4,5,4,1,0,4,5,0,4,4,3,0,3,3,3,3,4,0,5,3,0,4,0,0,1,3,3,0,0,4,4,0,3,3,0,0,5,0,0,0,3,1,0,1,3,0,3,0,0,4,5,3,0,0,4,3,4,0,4,5,0,0,7,0,5,0,0,0,4,0,0,4,4,3,0,0,3,0,0,0,0,3,1,1,0,0,0,4,3,0,0,0,0,4,1,0,3,0,5,0,3,3,4,0,0,0,3,3,0,3,0,0,0,3,0,0,0,4,5,4,4,3,3,3,4,0,1,4,3,4,4,0,3,4,4,5,4,0,0,0,3,0,0,4,0,0,4,4,0,0,0,1,3,0,0,4,4,0,3,0,0,4,0,0,0,7,0,0,0,0,0,0,3,0,0,0,0,0,4,0,0,4,0,4,0,3,0,0,0,1,0,0,3,0,0,0,4,4,3,3,0,0,7,0,0,0,4,0,4,3,4,0,4,4,0,0,3,3,0,5,0,4,4,0,0,4,3,4,5,0,0,0,0,4,4,1,3,0,1,3,3,4,4,0,0,0,4,0,4,0,4,5,4,0,0,4,3,4,5,0,4,0,4,0,1,7,0,0,3,0,4,0,0,0,1,3,0,4,3,7,0,3,4,4,5,0,0,4,3,0,0,0,0,0,3,0,0,0,3,0,0,3,0,0,0,3,0,3,7,0,0,3,4,4,1,5,4,4,4,3,4,4,0,0,3,0,0,3,3,0,4,0,0,5,3,7,4,0,0,0,0,0,0,4,4,4,4,4,4,0,4,0,0,0,0,0,0,4,0,4,4,0,3,4,4,4,0,0,0,3,0,0,0,7,3,0,4,0,0,3,0,0,0,0,0,0,0,0,4,0,4,0,1,3,5,0,0,0,0,0,0,3,0,5,0,5,0,0,0,4,0,0,0,4,0,0,0,0,0,0,0,0,4,1,0,0,0,1,0,4,0,5,0,4,0,3,0,5,0,0,5,0,0,3,0,0,3,0,4,4,0,0,3,0,0,5,0,0,0,0,3,0]"
shape_d5cb5004aba3e25b8ea7,"[6,6,6,6,6,6,6,6,6,6,6,6,6,6,6,7,6,6,6,6,6,7,7,6,5,6,6,6,6,6,4,7,7,6,7,6,6,5,7,6,6,6,6,6,7,6,4,6,6,5,7,7,6,6,6,6,6,7,7,7,7,6,6,6,6,5,6,6,6,6,6,7,6,6,6,7,6,4,6,6,6,6,6,6,6,6,7,7,4,6,7,7,7,6,7,6,7,4,7,7,5,6,6,6,6,6,5,6,7,6,7,7,6,6,7,7,6,6,6,7,7,6,6,7,6,5,4,6,6,7,6,6,6,7,6,7,6,6,7,7,7,6,6,6,6,6,6,6,6,6,7,7,7,6,7,6,6,7,6,4,7,6,6,7,7,6,7,6,6,5,4,6,6,6,6,7,6,6,7,6,5,6,6,6,6,6,7,6,6,7,6,6,6,6,6,6,7,6,6,4,7,6,6,6,4,6,6,6,6,6,7,7,6,6,6,6,6,7,6,6,6,6,7,6,7,6,7,7,6,6,6,6,6,7,6,7,4,6,7,6,6,6,6,7,4,6,6,6,6,6,6,6,5,6,7,6,6,7,7,6,6,6,6,7,7,6,7,6,6,7,7,6,6,6,6,6,6,7,7,6,6,6,6,6,6,6,6,6,6,6,6,6,6,7,6,4,6,7,6,6,6,6,6,6,6,6,6,6,6,6,6,6,6,6,4,7,7,6,4,6,6,6,6,6,6,6,5,7,6,6,6,6,6,7,6,4,6,6,6,6,7,6,7,6,6,6,6,6,6,7,4,7,6,6,7,6,6,7,7,6,6,6,6,7,7,6,7,6,6,6,6,7,6,7,6,6,7,6,6,6,6,6,7,7,6,6,6,6,6,7,6,6,6,7,7,7,6,6,6,6,6,6,6,6,6,6,7,6,6,6,7,6,5,6,6,6,6,6,6,7,6,6,6,7,6,6,7,6,6,6,6,6,7,6,7,6,6,6,6,6,6,6,6,7,6,7,7,6,7,6,7,6,6,6,6,7,7,6,6,6,6,6,6,7,6,6,6,7,6,6,6,7,4,6,6,6,4,7,7,6,6,6,6,6,6,6,6,6,7,6,5,6,7,6,6,7,7,7,6,6,6,6,7,6,7,6,6,7,7,6,7,6,6,6,4,6,6,6,6,6,6,6,6,7,6,6,6,7,6,7,6,6,6,6,7,6,6,7,6,6,4,6,6,6,6,6,4,6,6,6,7,6,6,6,4,6,6,6,6,7,6,6,6,6,7,6,6,7,7,7,6,6,6,7,6,6,6,6,6,4,6,6,6,6,6,6,6,6,6,6,6,6,7,6,6,5,6,4,7,6,6,6,6,4,6,6,7,7,6,6,6,6,7,6,6,6,6,7,6,6,6,6,6,6,6,6,6,6,6,6,6,6,6,6,7,6,6,4,6,6,6,6,6,5,6,6,7,6,6,6,6,4,6,6,6,6,7,6,6,6,4,6,4,6,4,7,6,6,7,6,6,7,7,6,6,6,6,6,6,6,6,6,7,6,6,6,6,7,6,6,6,6,6,6,7,7,6,6,7,6,6,6,6,6,6,7,6,7,6,6,6,6,6,6,6,6,6,6,6,6,7,6,6,6,7,6,6,6,6,6,5,6,7,6,6,7,7,6,6,6,6,7,6,6,4,6,6,6,7,6,6,6,7,6,6,6,4,6,7,6,7,6,6,6,6,6,5,6,6,6,6,7,7,7,6,6,6,7,6,7,6,6,6,6,7,6,7,6,7,6,6,6,6,6,7,7,7,4,6,6,6,7,6,6,7,6,6,6,6,7,7,7,6,7,7,7,6,4,6,6,6,7,6,6,7,6,6,6,6,7,4,7,6,6,6,6,6,7,6,7,6,6,4,7,7,6,6,6,6,6,6,6,6,4,7,4,6,6,6,6,6,6,6,6,6,6,7,6,6,6,6,7,6,7,6,6,6,6,7,6,6,6,6,6,6,6,7,7,6,6,5,6,6,7,7,4,7,6,6,6,6,6,6,7,7,6,6,7,6,4,6,4,5,6,4,6,6,4,6,6,6,4,6,6,7,7,6,6,7,6,6,6,6,6,4,5,4,7,6,6,6,7,7,6,7,7,6,7,6,4,7,6,6,6,6,7,6,6,6,6,7,6,7,6,6,6,7,6,7,6,6,7,6,6,6,6,6,7,7,6,6,4,6,6,4,6,6,4,6,6,4,6,6,6,7,6,6,7,6,6,6,6,6,6,6,6,6,7,7,6,6,6,6,6,7,7,7,6,7,6,6,6,6,4]"
shape_2847e5a918a68ef94a75,"[5,5,6,6,5,5,7,6,5,5,5,6,6,6,6,6,6,6,5,7,5,5,6,6,6,6,6,6,6,6,5,6,5,5,6,6,2,6,7,6,6,6,6,7,6,6,6,6,6,5,5,5,7,6,5,5,6,5,6,5,5,2,5,6,5,6,6,5,6,5,7,6,6,5,6,5,6,6,4,5,5,6,7,7,6,5,6,5,5,5,5,6,5,6,5,6,6,6,7,6,6,5,6,5,6,5,5,6,5,5,5,5,5,7,6,5,6,6,5,7,6,6,5,6,6,6,6,6,5,6,6,5,6,5,6,6,6,6,6,6,5,5,6,5,5,5,6,6,6,6,5,5,5,5,5,6,6,6,6,5,5,5,5,6,6,6,5,5,5,6,6,6,6,5,5,5,6,6,5,6,6,6,6,6,5,6,6,5,6,6,6,4,5,6,6,5,6,5,5,5,5,6,5,6,6,6,4,6,5,5,6,5,6,6,5,6,6,5,6,7,6,5,5,5,6,5,6,5,6,6,6,6,6,5,5,6,5,5,5,5,5,5,7,6,7,5,5,5,6,5,5,5,6,5,6,6,5,6,5,6,5,5,6,5,5,6,7,6,5,6,6,6,6,6,5,7,6,6,5,5,6,5,6,5,6,5,6,5,5,5,6,6,6,6,5,6,7,4,6,7,5,6,6,6,6,6,5,5,5,6,6,6,5,6,6,7,5,5,5,5,6,6,5,6,6,5,5,5,5,6,5,6,6,6,6,5,7,6,6,5,6,6,4,6,7,7,6,6,6,6,5,6,6,6,6,6,6,6,7,7,5,5,5,5,6,6,2,5,6,6,6,5,5,5,5,5,6,6,7,7,5,6,5,5,6,7,6,7,6,7,5,6,6,6,6,7,5,6,5,6,6,4,6,5,6,6,6,5,5,6,5,6,5,7,6,6,5,6,5,6,6,6,5,6,5,5,6,5,5,5,5,6,6,5,5,6,5,6,6,6,6,5,6,6,6,6,5,5,5,6,5,5,5,6,6,6,5,6,6,4,6,6,6,6,5,6,5,6,6,5,5,6,6,6,6,6,5,6,7,5,5,5,6,6,5,6,5,5,5,6,6,5,6,6,5,6,5,5,6,6,6,5,5,7,7,6,6,6,6,5,6,6,6,6,6,5,7,5,6,6,6,6,6,6,6,6,4,5,5,5,6,5,6,6,6,6,6,5,6,5,6,5,6,5,5,5,7,6,6,7,5,6,6,5,7,6,5,5,5,2,6,6,5,5,6,6,6,5,7,6,6,5,5,5,6,5,6,6,6,5,6,6,5,6,6,5,6,6,5,5,5,6,5,5,7,6,5,6,6,6,5,6,6,5,5,6,6,5,5,6,5,5,5,6,5,6,6,6,5,7,5,5,6,6,6,6,6,6,5,6,6,5,5,5,6,6,5,6,5,6,6,7,6,6,5,5,6,5,5,5,7,6,5,6,6,6,6,7,5,5,6,5,6,6,6,5,6,6,6,5,5,6,6,6,6,5,6,6,6,5,6,6,5,5,5,6,6,7,6,6,5,6,6,2,5,6,6,7,6,6,5,6,5,6,7,6,6,7,5,5,6,5,5,5,5,6,5,6,5,6,7,6,5,6,5,6,5,5,6,6,5,6,6,6,5,6,5,6,6,4,5,5,7,6,5,5,5,7,6,6,5,7,5,4,6,6,5,6,5,5,6,6,6,6,6,6,5,5,6,5,5,5,6,6,6,5,5,6,5,6,5,6,6,4,6,5,6,6,6,5,5,6,5,5,6,6,6,5,5,6,6,6,6,5,5,6,6,5,6,6,6,6,6,5,5,7,5,6,6,6,6,6,6,5,5,5,6,5,5,5,6,6,6,6,6,5,6,5,5,5,6,6,6,5,6,6,6,6,6,6,5,5,5,6,4,6,6,6,6,6,5,7,5,6,2,5,5,2,6,6,5,6,6,6,5,6,7,6,5,5,5,6,5,5,5,6,6,6,6,6,7,6,5,6,7,6,6,6,7,6,5,4,6,6,6,6,5,4,6,7,5,5,5,6,2,6,5,5,5,6,6,5,5,6,5,6,6,6,5,5,6,6,6,6,6,6,5,5,6,6,6,7,6,5,6,5,6,6,6,6,6,6,6,5,6,5,6,5,5,6,4,6,6,6,6,5,6,5,5,6,6,5,6,5,5,6,6,5,5,6,5,5,6,5,5,6,5,5,5,6,6,6,6,6,6,5,6,6,5,7,5,5,6,5,6,6,5,5,6,5,5,2,6,6,7,5,5,6,6,6,5,6,6,5]"
shape_18be155ad28133aa33f9,"[7,5,5,1,1,5,0,5,0,0,5,0,7,1,5,5,7,5,5,1,5,7,0,7,7,5,5,7,7,7,5,4,0,7,5,7,5,5,1,5,7,7,7,0,1,7,7,7,1,5,7,5,1,7,1,7,0,5,7,7,7,5,0,1,0,7,5,7,0,5,5,7,7,5,5,7,5,7,5,7,0,7,0,5,7,5,5,5,1,7,7,7,0,1,7,1,1,7,5,5,1,0,5,6,5,7,0,7,0,5,5,5,5,5,5,7,1,7,7,1,1,5,5,1,5,7,0,7,1,7,5,7,7,5,5,7,0,5,7,7,7,7,7,5,7,1,7,5,1,5,1,7,5,7,7,7,5,5,5,7,0,5,1,1,7,7,0,1,7,7,5,1,0,1,7,1,6,5,5,0,1,5,5,5,5,7,5,7,5,5,6,5,7,1,0,7,5,1,7,5,5,0,1,1,7,6,5,7,5,7,5,0,1,1,7,0,7,7,7,5,1,7,5,7,5,5,7,7,1,5,0,1,7,5,5,0,7,5,5,7,5,7,0,5,5,0,1,7,0,5,5,5,7,5,1,7,7,5,5,7,7,5,5,0,0,1,5,1,0,7,1,5,5,5,7,5,0,0,5,5,7,5,1,1,7,1,0,1,1,1,6,0,5,5,4,5,1,5,1,5,5,7,1,7,5,5,5,7,5,5,5,5,5,5,7,5,7,5,7,5,0,7,5,6,1,5,5,1,0,5,0,0,5,0,5,5,7,7,1,1,7,1,7,7,1,7,5,0,0,7,7,7,7,7,1,5,5,5,7,7,5,5,0,5,7,5,5,7,7,5,5,7,5,7,4,5,5,5,0,7,5,5,0,7,5,7,1,5,5,1,1,7,7,7,7,5,0,5,0,6,7,7,5,1,0,7,7,5,7,7,0,5,7,7,0,5,5,1,5,5,5,7,7,0,0,7,7,5,5,1,7,7,4,7,1,5,5,5,7,5,7,7,5,5,5,1,7,7,5,5,5,7,5,5,5,1,5,1,0,0,6,5,0,5,0,7,7,7,5,7,1,5,7,1,5,0,7,7,1,7,7,5,7,5,7,5,5,5,7,7,5,5,7,7,0,0,0,7,7,5,1,5,0,1,5,1,6,7,1,7,5,5,6,5,5,7,1,5,5,7,7,5,7,5,7,1,7,0,1,7,0,1,0,7,7,7,7,0,7,0,5,6,7,7,5,5,6,6,7,5,7,5,5,0,0,1,0,5,5,1,5,5,5,5,5,5,1,7,7,1,7,6,5,7,6,7,5,5,7,5,7,5,7,5,7,7,7,7,5,1,7,1,5,5,7,7,5,5,5,7,5,5,5,5,5,5,7,7,5,0,5,0,7,5,1,7,1,5,7,7,5,7,1,7,1,6,5,7,7,1,5,5,0,1,1,5,0,5,7,0,5,7,1,5,7,7,7,7,5,5,7,7,0,5,5,7,7,5,7,1,5,5,7,5,1,5,7,1,1,7,0,1,5,7,7,5,5,0,7,7,5,7,7,0,5,5,5,7,7,7,0,4,5,0,5,0,0,5,7,5,7,7,0,5,5,5,5,0,5,0,1,5,5,7,5,5,7,5,7,5,5,5,5,7,5,7,7,1,7,1,6,0,5,5,5,5,0,5,7,1,5,1,5,5,0,1,5,5,5,7,5,6,1,7,5,5,7,5,5,7,5,5,5,7,7,7,1,7,5,5,5,7,7,7,5,7,7,7,7,7,7,5,1,0,1,5,7,1,5,7,5,1,5,0,5,5,7,1,0,7,0,5,0,1,5,7,7,5,7,6,1,5,5,5,5,5,1,7,7,7,1,5,5,7,5,5,5,7,5,7,1,5,5,5,7,5,5,0,5,5,7,5,0,5,4,7,7,5,5,5,5,7,1,1,7,5,5,0,1,5,0,5,5,5,7,0,0,7,5,1,7,1,7,7,7,7,7,5,7,5,7,7,1,5,5,5,5,0,5,7,5,5,7,0,0,6,1,5,7,7,7,7,5,0,5,5,7,1,7,5,7,5,5,5,1,1,5,5,5,7,6,7,5,4,5,5,7,7,7,7,0,5,5,0,7,4,7,5,7,5,6,1,5,0,1,7,5,1,7,5,6,5,6,1,4,5,0,5,0,5,7,5,1,5,7,7,7,7,1,0,5,7,7,0,0,5,5,5,1,5,5,7,5,6,7,7,5,5,5,7,1,1,5,5,7,5,5,7,1,4,5,5,5,7,1,5,7,7,0,7,0,5,7,7,5,5,7,5,5,1,5,7,7,5]"
shape_640a6d287b5b8879a9ca,"[6,6,6,6,6,7,7,7,7,6,6,7,6,7,7,6,6,6,6,7,6,6,6,6,6,6,6,7,7,7,6,6,6,7,6,6,6,6,6,7,6,6,6,6,6,6,6,6,6,6,6,6,7,7,7,6,6,6,6,6,7,7,6,6,7,7,6,7,7,6,6,6,6,6,6,7,6,6,6,6,7,7,6,6,7,7,7,7,6,7,6,6,6,6,6,7,7,6,7,6,6,6,6,6,6,7,7,6,7,6,6,6,6,6,6,7,6,6,6,6,6,6,6,6,6,6,6,6,6,7,6,6,6,6,7,7,6,6,6,7,6,6,6,6,7,6,6,6,6,7,7,7,6,7,7,6,6,7,6,7,6,6,7,6,6,6,7,6,7,6,7,6,6,6,6,6,6,7,6,7,6,7,6,6,7,7,7,7,6,6,6,7,6,7,6,6,6,6,6,6,7,6,7,7,7,6,7,6,6,7,7,6,6,7,6,6,6,6,6,6,6,6,6,7,6,7,6,7,6,7,7,6,6,7,7,6,6,7,7,7,6,7,7,7,7,6,7,7,7,6,6,6,6,6,6,6,6,6,6,7,6,7,6,7,6,6,6,6,6,6,6,7,7,7,6,6,6,7,6,6,6,6,6,6,6,7,7,7,7,7,6,6,7,6,6,6,7,6,6,6,6,7,7,6,7,6,7,6,7,7,6,6,6,7,6,7,7,7,6,6,6,7,6,7,7,6,6,7,6,7,7,7,6,6,7,6,6,6,6,6,6,6,7,7,6,6,7,7,6,7,6,7,7,6,6,6,6,7,7,6,6,6,6,7,7,6,6,6,7,7,6,7,7,6,6,7,6,6,7,6,7,6,7,7,6,7,6,6,6,7,6,7,6,7,7,6,6,6,7,6,6,6,6,4,7,6,7,6,7,7,6,6,7,6,6,7,7,6,6,7,6,6,6,6,6,7,6,6,6,7,7,7,6,7,6,7,6,6,6,6,7,7,6,7,6,6,7,6,7,6,6,6,6,7,6,6,7,6,6,6,7,6,6,7,7,6,7,7,6,6,6,6,6,7,7,7,6,6,7,6,6,7,6,7,6,6,7,6,6,6,6,6,7,6,6,6,7,7,6,6,7,7,6,6,6,6,6,6,6,6,7,6,7,6,7,6,6,7,6,6,7,7,7,6,6,7,6,7,7,6,6,6,6,6,6,6,7,6,6,7,6,6,6,6,7,6,6,6,6,6,7,6,7,7,6,6,7,7,6,6,7,7,6,6,6,6,7,6,6,7,6,6,7,7,7,6,7,6,6,6,7,6,6,6,7,6,6,7,7,6,6,7,7,6,7,7,7,6,6,6,6,7,6,7,6,7,7,7,7,6,6,6,6,6,7,6,7,6,6,6,7,6,6,6,7,6,7,6,6,6,6,6,7,7,6,6,6,6,6,7,7,6,6,7,6,7,6,6,7,7,7,7,7,6,7,6,6,6,6,7,7,7,6,6,6,6,6,6,7,6,6,6,7,6,6,7,6,6,6,7,6,7,6,6,6,6,6,7,7,7,7,7,6,7,6,6,7,7,6,6,7,6,6,6,6,6,6,6,6,7,7,6,6,7,6,6,6,6,7,7,7,6,6,6,7,6,7,6,7,6,6,7,6,6,6,7,6,6,7,6,6,7,6,6,7,6,6,6,6,6,7,6,6,6,6,6,6,6,7,6,6,6,6,7,6,6,6,6,6,6,7,6,7,6,6,7,7,7,6,6,6,7,7,7,7,6,7,6,6,6,6,6,6,6,6,6,6,6,6,6,6,6,6,7,7,6,7,6,6,7,6,7,7,7,6,6,6,6,7,6,7,7,6,7,6,6,7,7,6,6,7,6,6,6,6,6,7,6,6,7,7,6,7,6,6,6,6,7,7,6,6,7,7,6,6,7,6,6,7,7,7,7,7,6,6,7,6,7,6,7,7,7,6,6,6,6,6,6,7,6,7,6,6,7,6,6,6,6,7,6,7,6,6,6,7,7,6,6,6,6,7,7,6,6,6,6,6,7,6,6,6,6,7,6,6,7,7,6,6,6,7,6,7,7,7,6,6,6,6,7,6,7,6,6,6,6,6,6,6,7,6,6,6,7,6,6,6,6,6,7,6,7,7,6,6,7,6,7,6,7,6,6,6,6,6,6,7,7,6,7,7,7,6,6,6,6,6,6,7,6,6,6,6,7,6,6,7,7,6,6,6,7,6,7,6,6,7,7,6,6,7,7,7,7,7,6,7,6,7,7,7,6,7,6,7,6,6,7,6,6,6,7,6,6]"
shape_e788926a7a0f1d58fa99,"[4,6,4,5,5,5,5,4,5,5,4,6,6,6,6,6,5,7,4,5,7,6,5,6,6,5,6,5,5,5,6,5,6,5,5,5,6,4,6,6,4,5,5,5,5,6,4,4,5,5,4,5,5,6,5,6,4,4,6,6,5,6,6,5,6,4,6,5,6,5,4,6,4,4,5,5,6,5,5,5,7,5,6,6,5,5,5,5,4,5,4,4,5,4,5,5,5,5,6,5,6,5,7,5,6,6,5,5,6,4,4,5,4,5,4,5,6,4,5,6,6,5,5,5,7,4,4,5,6,5,6,6,6,6,6,2,5,5,4,5,4,6,4,6,5,6,6,4,4,6,6,5,2,5,5,5,6,6,4,6,6,6,5,4,4,4,5,6,4,5,5,6,5,6,5,4,4,4,4,5,5,6,5,5,6,6,2,4,6,5,5,6,5,4,4,6,2,5,5,5,4,4,6,5,4,4,6,5,5,4,5,4,4,5,5,5,4,5,5,4,6,4,4,5,4,6,5,6,6,5,5,5,6,5,6,5,6,5,6,5,5,4,5,5,6,5,5,6,5,6,5,4,4,6,4,5,4,4,4,5,4,5,6,6,5,5,4,5,4,4,4,6,5,6,5,4,5,5,4,5,5,5,5,5,6,5,5,6,5,4,6,5,4,6,4,5,6,5,6,4,5,4,6,6,5,6,5,4,5,5,4,5,4,5,6,5,5,5,4,6,6,4,5,4,7,6,7,5,6,6,6,4,5,5,4,6,5,5,6,5,6,5,4,5,5,6,5,5,5,5,6,5,5,6,6,5,4,6,4,6,5,5,5,4,5,6,5,4,5,6,5,5,4,6,4,6,4,5,5,4,5,6,6,5,6,4,6,6,5,4,6,5,5,5,6,5,6,5,5,6,5,6,6,6,5,5,5,5,5,5,6,4,6,6,6,6,6,6,4,5,6,4,6,5,5,6,5,5,5,6,4,5,6,4,4,4,5,6,5,6,6,5,2,5,5,5,6,4,7,6,7,6,6,5,4,5,6,5,5,6,6,5,5,4,6,4,6,5,4,6,4,6,5,5,5,5,4,4,5,6,6,5,6,6,6,5,6,5,5,6,5,5,4,6,5,6,5,6,6,5,5,4,5,4,5,6,6,5,4,5,4,6,5,6,5,5,5,6,6,5,5,6,6,5,4,4,5,5,6,5,6,6,4,4,4,6,5,6,5,6,6,2,7,6,6,6,5,5,4,5,4,6,4,5,5,4,4,6,6,5,5,5,4,5,5,5,5,4,4,5,6,4,4,6,5,5,5,5,5,6,5,5,4,2,6,4,5,4,5,5,7,6,6,5,6,6,5,5,5,5,5,6,4,5,5,5,6,5,5,5,4,6,4,6,4,5,5,6,7,6,5,5,6,5,6,6,4,5,5,5,4,6,6,6,4,5,4,4,6,5,4,5,6,4,5,4,5,6,6,5,2,6,2,6,4,6,5,5,6,5,5,6,4,6,4,5,5,6,5,5,4,5,5,6,6,4,5,4,6,5,4,5,5,5,4,6,5,5,5,6,6,5,5,5,5,6,4,4,5,5,7,4,4,6,4,5,4,6,6,4,5,6,5,6,6,2,5,6,6,5,5,6,4,5,4,6,5,4,4,5,5,6,6,4,5,4,4,5,5,6,5,5,5,4,5,6,5,5,4,4,5,5,5,5,6,6,2,6,6,5,4,5,5,5,6,5,6,5,4,5,4,5,4,5,6,4,5,5,6,5,4,6,5,5,4,4,4,5,5,5,4,6,6,6,5,5,5,5,5,5,4,6,6,6,4,5,6,5,4,4,6,5,5,5,5,5,5,5,5,5,6,4,4,5,5,4,5,6,5,6,4,6,5,5,6,4,6,6,6,5,6,6,5,5,4,5,6,5,5,4,6,7,5,5,5,5,5,4,6,5,5,6,5,5,5,5,5,5,5,5,5,4,4,5,4,5,6,6,7,4,5,6,5,6,5,6,6,6,4,4,4,5,4,5,5,6,4,5,5,4,5,7,6,5,4,5,4,6,4,5,5,5,4,5,6,6,5,6,5,6,5,6,5,6,5,5,5,4,6,5,4,5,5,4,4,4,4,4,4,5,4,5,5,4,5,5,4,6,5,2,4,6,5,4,5,7,4,5,5,6,7,6,2,5,5,5,5,4,6,5,5,6,5,4,5,4,6,7,4,4,6,5,5,6,5,4,4,6,6,5,4,5,5,5,6,7,6,4,6,5,6,5,6,4,6,6,5,6,4,6,6,5,6,4,5,5,4,5,6,5,4,5,5,4]"
shape_d1022d395a8bf3d48ec0,"[6,7,6,7,6,7,6,6,6,7,7,7,6,6,7,6,6,6,7,6,6,7,7,6,6,7,6,6,6,7,6,6,6,7,7,6,7,6,6,6,6,6,7,6,7,7,6,6,6,6,6,6,6,6,6,6,6,7,7,7,6,6,7,6,6,7,7,7,6,7,7,6,6,6,6,6,7,6,6,6,6,6,6,7,6,6,7,6,7,6,6,6,6,6,6,6,7,6,7,6,7,6,7,6,6,6,7,6,6,6,6,6,6,6,7,6,6,6,7,6,7,6,7,6,7,7,7,7,6,6,6,6,6,7,6,7,7,7,6,7,6,6,6,6,6,6,4,6,6,6,6,6,6,7,6,6,7,7,6,6,6,7,7,7,6,7,4,6,7,6,6,6,7,6,6,6,6,7,6,7,6,6,6,6,6,7,7,6,6,7,7,6,6,6,6,6,6,7,7,7,7,7,6,7,7,6,7,6,6,7,6,6,7,6,6,7,6,6,7,6,6,6,6,7,6,7,6,6,6,7,6,7,7,6,6,6,7,6,6,7,6,7,6,7,6,7,6,6,7,7,6,7,6,6,6,7,7,6,6,6,6,6,6,6,6,7,6,7,6,6,7,7,6,6,6,7,6,6,6,7,6,6,6,7,7,7,6,7,7,6,7,6,6,6,4,6,7,6,6,7,6,6,6,6,6,6,6,6,6,6,6,6,6,6,6,6,6,7,7,6,7,6,6,6,6,7,6,7,7,7,6,6,6,7,6,6,7,6,7,6,6,6,6,6,7,6,7,7,6,6,6,7,6,7,6,6,6,6,6,6,6,6,6,6,6,6,6,6,7,6,6,6,6,7,6,7,7,6,6,6,6,7,6,7,6,6,7,7,6,6,6,7,6,6,7,6,7,7,6,7,7,6,6,6,6,6,7,7,6,6,6,6,7,6,6,6,7,7,7,6,6,7,6,7,6,6,6,6,6,6,6,6,7,6,6,6,7,7,7,6,6,7,6,6,6,6,6,6,6,6,6,7,6,7,6,6,6,6,6,7,6,6,6,7,7,6,6,7,7,6,6,7,7,6,7,6,7,6,6,6,6,6,6,7,6,7,6,7,6,6,6,6,6,6,6,6,6,6,7,7,7,6,7,6,6,6,6,6,6,7,6,6,7,7,6,6,6,6,7,6,6,6,7,6,6,6,6,6,6,7,6,6,6,7,6,7,6,6,7,7,6,7,6,7,6,7,6,6,6,6,6,6,6,7,7,6,6,6,6,7,7,7,6,7,7,7,6,6,6,6,6,7,6,6,6,6,6,6,7,6,6,7,7,7,7,6,6,6,6,7,6,6,6,6,7,6,7,6,6,7,7,6,6,6,6,7,6,6,7,7,7,6,6,7,6,7,6,6,7,7,7,7,6,6,6,7,6,7,6,6,6,7,6,7,6,6,7,6,6,6,6,6,7,7,6,7,6,7,6,6,6,6,7,6,6,6,7,7,6,6,6,7,6,7,6,6,6,6,6,7,7,6,6,6,6,6,6,7,6,7,6,6,7,7,6,6,6,6,6,6,6,6,7,6,6,6,6,6,7,6,6,6,7,6,6,7,6,7,7,6,6,6,6,6,7,6,6,7,7,6,7,6,6,7,7,6,7,6,6,7,6,6,6,6,6,6,6,7,6,6,7,6,6,6,7,6,7,6,6,6,7,6,6,6,6,7,7,6,7,7,7,7,6,7,7,6,6,7,7,6,6,6,6,6,6,6,6,6,6,7,6,6,6,6,6,6,6,7,7,6,6,6,6,6,7,6,7,6,6,6,6,7,6,7,6,6,7,6,7,6,7,7,6,7,6,6,7,7,7,6,6,7,6,6,6,6,6,6,6,6,6,6,6,7,6,6,6,7,7,6,7,6,6,6,7,6,6,6,7,6,6,6,7,7,6,7,6,6,7,6,7,6,7,7,6,7,7,6,6,6,6,7,6,7,6,6,6,6,6,7,6,7,7,6,6,6,6,7,7,7,6,7,7,6,6,6,6,6,6,6,6,6,6,7,6,7,6,6,6,6,6,7,6,7,6,6,7,6,6,6,7,6,7,6,6,7,7,6,7,6,6,7,6,7,6,6,6,6,7,7,6,6,6,7,7,6,6,7,6,7,6,6,7,7,6,7,6,7,6,6,7,7,6,6,6,6,7,6,7,6,6,6,6,6,6,6,6,6,6,6,6,6,7,6,7,7,6,6,6,7,7,7,7,6,6,6,6,6,6,7,6,7,7,7,7,6,6,6,6,6,7,7,6,7,6,6,7,6,7,6,6,6,6,6]"
shape_f0e2b8b8f32a8d577d27,"[0,3,3,0,3,3,4,0,0,3,3,3,4,5,5,5,5,0,4,0,5,5,3,4,4,4,5,3,0,5,0,5,3,4,4,3,4,3,4,0,5,4,4,4,0,0,4,3,5,5,3,3,4,3,0,0,3,0,4,4,3,3,1,0,1,0,0,4,5,3,3,3,0,5,0,4,5,5,3,3,5,0,0,3,4,4,3,0,0,5,5,5,3,1,4,5,0,3,5,0,4,4,3,0,1,3,4,0,5,0,0,3,3,4,0,0,4,0,4,4,4,3,1,0,4,3,4,1,0,3,5,0,0,0,1,0,0,3,3,0,4,0,3,0,4,4,3,5,0,3,1,5,0,4,0,5,5,0,3,3,1,4,1,0,0,3,5,4,5,3,0,4,3,3,0,5,4,5,0,3,3,0,5,4,4,3,0,0,0,3,3,0,4,3,3,0,3,3,0,0,5,5,3,0,5,5,4,4,5,3,0,3,5,0,5,0,3,0,0,5,0,0,5,5,3,3,5,3,5,3,1,3,5,0,0,5,0,4,4,3,3,5,7,4,5,0,3,5,0,4,1,3,3,3,5,0,0,0,0,5,5,3,4,0,4,5,3,3,3,3,0,0,4,1,0,3,0,5,4,0,3,5,5,5,4,3,1,3,0,3,3,5,0,5,0,4,5,0,3,5,3,0,0,5,3,3,5,0,0,0,5,3,5,4,3,0,3,3,3,5,5,5,0,0,3,3,4,4,3,5,0,3,3,5,3,0,3,0,0,0,3,3,3,0,3,4,4,5,0,3,4,3,1,4,3,3,4,4,0,3,4,4,4,4,4,4,5,5,4,0,0,4,0,3,0,0,3,4,1,0,5,5,0,3,4,5,5,5,4,5,0,0,0,4,5,5,3,5,4,3,5,3,0,0,0,0,0,3,4,5,3,0,4,4,3,5,4,3,0,3,3,0,3,0,5,4,0,3,0,0,4,0,3,0,4,4,0,1,4,3,3,4,3,3,3,5,0,0,3,5,0,3,3,0,3,5,0,5,5,3,4,0,3,4,0,4,3,4,4,0,4,4,3,5,3,4,0,3,3,0,3,5,3,4,5,4,5,5,0,1,3,0,4,0,5,3,0,5,3,0,5,0,0,3,3,4,0,3,3,5,4,5,5,0,4,5,0,0,4,0,5,4,5,3,0,3,3,5,4,4,0,3,5,1,4,3,4,5,0,4,3,4,4,3,5,1,3,3,0,4,5,3,4,3,5,3,3,3,3,1,0,5,3,0,4,4,5,0,5,0,0,5,1,0,5,4,1,3,0,5,0,3,0,3,3,0,0,0,3,0,3,0,0,3,4,4,5,5,3,5,4,4,5,5,3,5,4,0,0,5,3,3,5,5,0,3,0,4,4,0,4,4,3,4,3,3,0,3,4,0,3,3,5,0,0,0,4,0,4,0,3,3,0,0,0,3,3,5,5,3,3,5,0,3,3,3,0,3,4,3,0,3,4,3,3,3,4,4,4,4,4,5,3,5,4,3,0,5,0,0,3,3,3,3,3,5,1,5,5,0,3,3,4,1,0,5,3,5,0,3,5,3,4,0,0,5,4,4,3,3,5,0,5,3,0,5,5,5,5,5,4,1,5,3,5,3,0,4,0,0,6,3,3,0,5,5,4,0,3,0,5,5,0,5,3,3,3,4,5,3,3,5,5,0,4,4,3,0,4,4,5,0,4,0,3,0,3,0,0,0,0,3,5,5,0,0,3,5,4,4,3,5,3,4,5,5,5,5,4,3,3,4,1,3,1,5,0,4,0,4,1,4,5,5,0,5,5,3,0,4,5,4,4,0,0,3,3,5,4,5,4,5,3,1,0,4,3,4,3,0,5,5,5,3,4,5,3,4,3,5,5,5,5,5,0,4,3,0,5,4,5,0,0,3,5,3,1,5,4,0,5,3,5,0,5,5,3,0,4,0,5,5,5,0,5,3,3,0,5,0,4,5,4,4,0,5,3,4,4,5,5,3,3,3,1,0,4,3,3,3,4,5,5,1,5,0,5,5,4,5,3,4,3,0,0,0,4,3,5,4,5,4,4,1,5,5,0,1,5,3,4,5,4,4,0,4,5,4,0,5,3,3,5,3,1,3,3,3,0,0,1,0,4,5,0,0,3,5,3,3,3,0,5,3,0,3,3,5,4,3,3,0,5,4,1,0,4,1,5,5,3,5,4,5,0,4,5,3,0,5,0,3,4,0,4,0,0,5,5,3,5,5,0,5,3,4,5,4,5,5,5,5,5,4,0,5,3,3,0,3,3,0,3,0]"
shape_764132be8a42aa7ab60a,"[5,6,4,7,5,7,4,6,5,7,6,6,4,5,4,6,4,5,7,4,5,6,7,6,4,6,7,5,5,4,4,7,5,4,4,6,6,4,4,4,5,6,6,4,4,4,7,7,5,6,7,6,6,4,6,5,5,5,5,4,7,5,6,5,5,5,5,4,5,6,6,6,5,5,4,4,5,6,4,6,5,6,5,4,6,5,4,5,5,4,7,5,7,5,5,5,6,5,4,4,4,4,4,5,5,4,6,7,7,4,5,4,5,6,4,6,5,6,6,7,4,6,5,6,4,4,4,7,7,4,5,6,4,5,5,4,6,7,6,4,5,6,5,6,4,5,4,5,6,4,5,5,5,6,4,6,5,5,7,6,4,5,5,6,5,7,4,4,4,5,6,6,4,4,7,6,4,6,4,5,5,4,5,4,5,0,5,5,6,6,4,4,6,5,6,5,5,4,7,4,4,5,4,5,4,4,6,6,5,4,4,7,6,4,5,4,6,6,4,6,5,7,6,4,4,5,7,4,4,5,6,5,6,5,5,6,6,6,6,7,5,6,5,5,5,6,7,6,5,6,4,4,6,4,4,4,4,4,5,4,7,4,6,4,4,5,4,4,6,6,4,4,4,5,4,5,6,4,5,6,5,4,5,5,4,6,5,7,5,4,4,4,4,5,5,6,5,7,5,7,5,5,5,6,5,5,4,4,7,4,5,6,7,6,4,4,7,5,4,5,4,5,6,7,4,5,4,6,5,5,7,5,5,5,5,4,7,7,6,6,4,5,4,5,4,7,6,4,6,6,5,5,6,6,4,4,4,6,6,5,5,5,5,6,5,4,5,7,7,4,5,4,7,5,6,5,5,4,5,6,5,4,4,5,4,5,4,4,4,7,6,6,5,4,6,4,5,5,6,5,7,5,4,4,4,4,4,4,6,5,5,4,6,5,4,6,5,7,5,4,5,5,4,5,5,5,4,4,4,7,4,4,4,4,4,6,4,5,5,5,4,5,4,6,5,6,5,6,6,6,7,5,6,6,6,6,6,7,5,7,5,5,5,5,6,7,4,4,7,6,5,6,5,5,6,6,6,4,4,6,5,5,5,4,7,5,4,6,6,5,5,6,4,7,4,7,6,4,4,5,4,5,6,7,5,4,5,5,4,4,6,6,6,4,6,4,5,4,6,6,5,4,6,5,5,6,5,5,6,7,0,5,5,4,6,4,4,5,5,4,4,4,7,4,5,7,4,5,5,6,6,5,5,5,5,7,4,5,6,4,4,5,7,4,7,5,4,4,6,4,4,4,5,7,7,4,5,4,6,5,5,7,6,5,5,4,4,7,5,6,4,7,5,6,6,6,4,4,4,4,5,6,4,5,7,7,5,7,6,6,5,6,5,5,5,7,4,6,5,4,6,5,5,5,7,5,4,5,4,6,5,6,4,4,7,6,6,5,4,4,4,4,4,5,4,7,6,6,5,4,4,5,5,7,6,6,5,6,5,5,5,4,5,7,5,4,4,4,5,4,7,6,6,4,6,5,6,5,4,5,5,4,6,7,5,5,6,5,4,6,4,5,7,4,4,7,4,4,4,5,4,7,6,4,4,7,4,6,7,6,4,6,5,5,5,6,7,6,4,5,5,7,5,4,6,5,4,6,4,4,6,4,4,5,4,4,4,6,4,4,4,4,5,4,6,5,4,6,4,4,4,5,4,5,7,4,5,5,5,4,5,5,5,6,7,5,5,4,4,5,5,5,6,5,4,5,6,6,5,5,5,5,6,5,6,5,6,6,4,4,4,4,5,5,5,4,4,6,5,4,7,5,6,5,4,4,5,6,5,7,4,5,5,5,6,4,5,7,4,4,7,5,6,6,6,4,6,5,6,7,6,5,4,5,4,7,5,6,4,4,5,6,4,6,5,7,4,6,4,5,7,7,7,5,4,6,5,4,6,6,4,4,4,5,6,4,4,7,4,5,5,4,6,5,5,4,4,6,6,6,6,5,5,6,7,6,4,4,6,4,4,4,6,7,5,6,4,5,5,4,5,5,5,6,4,4,5,4,5,6,6,6,4,4,5,4,5,5,4,4,7,5,4,6,4,4,5,5,4,5,5,6,4,4,7,5,4,4,4,5,4,5,5,4,4,6,4,6,6,5,7,5,4,6,5,6,6,5,4,6,5,6,5,6,5,4,5,5,6,4,4,7,6,4,5,6,5,7,4,5,5,5,5,4,5,5,4,4,7,6,4,4,6,4,5,6,5,5,6,4,7,6,5,6,4,6,5,4,4,4,5,6,6,7,7,5,5,5,7,4,4,6,5,5]"
shape_f84c34b2ef6ed919a102,"[4,4,4,4,4,4,0,4,4,4,4,0,4,4,4,4,5,6,4,5,4,4,0,6,4,4,4,4,4,4,4,4,4,4,4,4,5,5,5,6,6,4,5,6,4,4,5,4,4,4,4,0,6,4,4,4,4,4,4,5,4,0,4,5,4,4,4,4,0,4,5,5,0,4,0,0,4,0,4,4,4,0,4,4,4,4,0,4,4,4,4,4,4,0,4,4,4,4,4,4,5,4,4,4,0,4,4,0,5,4,0,5,4,4,0,5,5,5,4,5,5,6,4,4,4,4,0,4,4,5,4,5,0,0,4,4,4,4,4,4,4,0,4,4,4,4,5,0,5,0,4,4,4,0,0,4,4,0,4,6,4,0,4,0,4,4,5,4,5,4,5,6,4,5,6,0,4,4,4,4,4,4,0,6,4,4,0,4,4,5,4,5,5,4,4,4,4,4,4,6,6,4,4,6,4,4,4,5,4,4,4,0,4,4,4,4,4,4,4,4,5,0,4,0,4,0,4,5,4,4,4,4,0,5,4,4,4,4,4,4,0,5,0,4,0,6,4,4,4,4,6,5,5,0,4,4,4,4,0,0,4,4,4,5,4,4,0,4,5,4,5,4,4,4,4,4,4,5,4,5,4,6,4,4,5,6,4,4,4,4,0,5,4,4,4,0,4,6,4,4,4,4,4,4,4,4,0,4,5,4,4,4,5,0,0,4,4,4,4,4,4,4,4,4,6,4,5,4,6,4,4,0,5,0,4,4,6,4,5,5,4,0,5,4,4,4,4,5,4,4,0,5,0,6,5,0,4,0,4,4,4,0,4,4,0,4,4,5,4,5,5,5,4,4,5,0,5,4,4,4,5,4,4,4,4,4,4,0,4,4,4,4,0,5,4,4,4,4,4,4,4,4,4,4,4,0,4,5,5,4,4,4,0,5,4,4,4,0,0,5,0,4,4,4,4,4,0,0,0,4,4,4,0,4,0,4,0,5,4,4,4,4,5,4,0,0,4,4,0,4,4,0,4,4,0,0,4,4,5,4,4,5,4,4,4,5,0,5,4,4,5,4,4,4,4,4,4,4,4,4,0,4,4,4,4,4,4,0,4,0,4,4,4,4,4,5,4,4,4,5,6,4,4,0,0,4,0,4,4,4,4,4,4,5,4,4,4,4,0,4,6,0,4,5,4,4,4,4,4,0,4,4,5,5,0,0,4,4,4,6,4,0,4,4,5,4,4,4,4,4,4,4,4,0,6,4,4,4,0,4,4,0,5,0,4,5,4,6,0,4,5,0,4,4,4,4,4,4,4,4,4,0,4,4,4,5,4,5,4,4,4,4,4,4,4,4,4,0,4,4,5,6,4,0,4,4,4,5,4,4,0,4,4,5,4,0,5,4,5,4,4,4,4,4,4,0,4,4,5,5,0,0,4,5,4,4,4,4,4,4,0,4,4,4,0,4,4,6,5,4,4,4,4,4,4,0,0,4,5,4,4,4,4,0,4,4,6,5,4,5,5,5,0,5,4,4,0,4,4,5,4,0,5,4,4,4,4,4,4,5,4,4,4,6,6,0,4,4,4,6,5,4,5,5,4,0,4,0,5,4,4,4,4,4,4,5,5,4,4,5,4,5,4,4,4,4,4,4,4,4,4,4,0,0,0,4,0,4,4,4,4,4,4,0,4,5,4,4,4,0,5,4,4,5,0,0,4,5,0,4,4,4,4,4,0,0,4,4,4,4,4,4,4,6,4,5,4,4,0,4,4,4,4,0,0,4,0,0,4,0,4,4,0,4,4,5,4,5,0,6,4,5,4,4,4,4,4,4,4,0,4,4,5,5,4,4,0,4,4,4,4,0,4,4,5,4,4,4,4,4,0,5,0,5,5,5,4,4,4,4,4,4,4,4,4,0,4,4,4,4,4,4,4,4,0,5,4,5,4,4,4,4,4,5,4,4,6,4,0,4,4,4,4,4,0,5,4,4,4,4,4,4,4,4,0,4,0,4,4,0,4,4,0,4,4,4,0,0,6,0,0,6,4,4,4,4,0,5,4,5,4,5,4,4,4,0,0,5,4,0,5,4,4,4,0,4,4,5,0,5,0,4,0,0,4,6,4,0,4,0,5,4,4,4,4,5,4,0,0,4,6,4,0,5,4,4,4,0,4,5,4,0,5,6,4,4,0,5,4,4,4,6,4,4,4,0,4,0,0,4,0,4,4,4,4,4,5,4,4,4,4,4,4,5,0,4,4,4,6,0,4,0,0,5,4,4,0,5,4,4,4,0,4,0,5,5,4,6,4,4,4,5,4,0]"
shape_bf20a929eb2e544052e4,"[3,1,1,0,3,3,3,3,4,3,3,0,5,3,3,1,3,3,4,1,1,4,4,4,3,3,1,3,5,3,3,1,1,1,3,1,3,3,4,0,3,4,5,0,3,4,3,3,3,3,1,3,1,0,4,4,3,4,3,0,7,7,3,3,1,3,4,3,0,1,3,3,3,3,3,0,1,3,4,0,0,4,1,3,3,3,3,1,3,4,0,0,4,3,1,4,3,3,4,4,3,0,3,0,0,0,1,3,4,1,3,3,3,5,3,0,4,5,4,1,4,1,5,3,3,4,3,4,3,7,4,3,1,3,1,3,3,3,3,0,1,3,5,3,3,3,1,4,0,5,3,3,4,5,5,4,3,4,4,3,3,3,3,3,4,5,3,3,3,3,3,0,3,0,1,3,3,7,3,5,3,3,1,4,7,3,1,3,3,3,3,3,1,4,5,3,3,5,5,4,3,5,1,3,3,0,3,3,0,3,4,3,1,3,4,4,3,3,3,4,7,3,1,4,4,3,0,3,4,3,0,3,1,3,3,3,5,3,0,4,0,3,1,3,3,3,3,5,3,5,3,1,3,4,0,1,3,4,1,4,4,3,0,4,3,0,1,4,3,4,3,0,5,3,0,0,0,3,3,4,0,3,4,3,3,3,3,5,3,3,3,3,0,4,3,4,1,0,1,3,3,3,3,4,3,3,3,1,3,1,3,4,3,0,7,3,3,0,3,1,3,3,0,3,3,4,3,3,3,1,3,4,3,0,1,3,1,3,5,3,3,0,5,3,3,1,7,0,3,3,0,3,0,0,0,0,4,0,4,7,5,3,3,3,3,4,1,4,1,0,0,7,4,3,4,0,1,3,3,3,1,3,0,3,3,3,4,4,3,0,0,4,3,4,1,3,1,3,3,0,5,5,3,1,4,0,3,3,3,3,3,3,3,3,0,3,4,5,3,0,3,1,0,1,3,3,0,4,7,3,3,7,3,0,3,3,3,3,1,3,1,3,1,3,5,3,0,3,4,0,5,0,0,0,1,7,1,3,5,1,0,4,7,3,3,4,4,4,4,0,3,0,7,5,4,0,3,7,3,3,3,1,3,3,4,0,0,3,4,5,3,3,3,7,3,3,4,1,3,1,3,0,0,3,0,3,4,0,4,0,3,3,3,0,1,3,4,3,5,4,5,4,0,3,4,0,4,0,1,6,3,0,1,3,7,1,3,5,4,4,7,3,5,5,4,0,3,0,4,4,4,3,3,3,5,0,3,3,1,3,0,4,5,4,1,4,3,4,3,1,0,4,3,5,4,3,0,4,3,4,3,3,3,3,0,0,3,0,4,3,4,1,3,4,0,4,7,3,3,3,3,4,3,0,3,1,1,3,3,3,3,3,0,7,3,3,5,1,3,5,4,4,3,3,1,3,4,3,4,3,3,3,3,3,1,3,4,3,3,3,3,0,3,4,3,3,7,4,4,3,3,4,0,0,0,3,1,0,3,1,3,0,4,4,3,3,0,4,3,4,3,3,3,3,0,4,1,3,0,3,5,3,3,0,5,3,3,5,3,0,3,4,5,3,3,4,0,0,3,3,4,3,0,4,3,3,0,3,3,1,1,0,5,7,4,7,0,4,3,7,3,0,4,4,4,1,3,3,3,5,0,0,0,0,3,0,3,5,3,3,3,1,3,5,1,3,1,1,4,3,3,0,3,3,3,3,0,4,1,3,3,1,0,4,0,1,0,3,0,1,5,1,0,1,4,7,3,0,1,3,4,3,4,4,3,1,4,0,3,3,3,1,3,0,7,3,3,1,1,4,4,3,3,3,1,3,0,1,1,1,5,1,1,5,0,3,0,3,1,4,0,3,7,3,3,3,0,1,3,4,4,5,0,3,3,4,3,3,3,3,4,1,5,3,0,0,3,3,3,3,3,5,3,0,5,0,1,3,3,1,4,1,3,3,0,4,3,0,4,4,0,4,7,5,3,7,3,4,5,4,3,1,3,0,3,3,3,3,0,0,0,4,3,0,3,4,4,4,4,4,4,3,3,0,5,3,3,3,3,0,1,5,3,4,4,4,1,4,3,1,4,3,3,3,5,3,5,3,3,3,4,3,4,3,1,3,5,3,3,3,3,1,7,4,1,3,4,4,3,3,5,3,3,0,3,5,3,3,0,5,0,3,4,0,4,5,3,4,3,1,3,3,4,3,5,7,1,0,4,7,3,0,3,3,1,5,1,3,3,4,4,1,4,5,3,4,1,3,1,3,4,4,3,3,0,3,3,3,3,0,3,1,5,5,0,3,3,3,3,3,1,0,4,5]"
shape_34ad79926938267dd902,"[5,4,5,4,4,4,5,4,5,4,5,5,5,4,4,5,4,4,5,4,4,5,4,5,4,4,5,5,0,4,4,0,4,4,5,0,5,5,3,4,4,0,4,4,4,0,4,5,5,0,5,4,4,4,5,5,0,5,4,4,4,4,4,4,5,4,5,4,4,4,5,4,4,5,5,0,4,4,5,4,5,4,4,4,5,5,4,4,5,5,5,4,5,0,5,4,4,4,4,4,5,4,5,4,5,4,5,5,4,4,4,0,5,5,0,4,0,5,5,0,5,5,4,5,0,0,5,5,4,0,5,4,5,5,4,4,4,5,4,5,5,4,4,5,5,4,5,5,0,4,5,0,4,0,0,5,5,4,4,4,4,4,4,4,4,5,5,0,4,4,4,0,4,5,4,5,0,4,0,4,4,0,0,4,5,0,4,0,4,4,4,4,0,4,4,4,4,4,5,5,4,4,4,5,5,4,4,5,5,5,5,0,4,0,4,4,5,4,5,4,0,4,4,4,5,0,4,4,5,0,4,5,5,0,4,5,5,0,4,0,5,4,5,4,4,5,4,5,4,4,0,5,0,4,7,5,0,4,4,5,5,4,4,0,4,4,0,4,0,4,4,4,4,4,0,0,5,4,4,0,0,4,4,4,5,5,4,4,4,4,4,5,4,4,4,4,5,4,0,4,5,4,5,5,5,4,5,5,5,5,5,5,5,5,5,4,5,0,4,5,7,0,4,0,5,4,4,5,5,4,4,0,0,5,0,4,4,4,4,5,4,4,4,0,4,4,4,0,0,4,5,5,0,4,5,5,4,4,4,5,5,4,4,7,0,0,5,4,0,0,4,4,5,4,0,4,0,5,5,4,4,4,4,4,5,5,7,5,5,5,5,0,5,5,0,4,5,4,5,4,0,5,4,4,4,5,4,5,5,5,4,4,4,4,4,4,4,4,0,0,4,4,0,4,0,4,5,0,4,5,4,4,4,4,5,4,0,5,4,4,4,4,5,5,5,4,5,5,5,5,5,4,0,4,4,5,7,4,4,4,0,0,4,4,4,5,4,4,4,4,0,4,4,0,4,5,5,5,4,0,0,5,5,0,0,5,0,4,4,4,4,4,4,7,4,5,4,0,4,4,5,5,5,4,0,7,0,5,0,0,4,4,4,5,5,4,5,4,4,5,0,5,4,4,0,4,0,4,5,4,5,5,4,0,7,5,5,4,4,5,4,0,4,5,4,5,4,5,4,4,4,5,5,5,4,5,4,0,4,5,0,5,0,4,4,5,4,0,4,5,4,4,5,0,0,5,4,5,4,4,0,4,0,5,4,5,4,4,5,4,5,4,4,4,4,5,4,5,4,5,4,4,4,0,5,5,4,4,4,5,4,0,0,4,5,4,4,7,5,5,4,4,4,5,0,4,5,5,5,0,4,4,5,4,0,4,0,5,0,4,4,5,4,5,4,4,0,4,5,0,4,0,0,4,5,5,4,4,0,4,4,4,4,4,4,5,0,4,5,5,5,4,4,4,0,4,5,4,5,4,5,4,4,4,4,5,5,0,4,4,0,4,5,5,4,4,0,5,4,4,0,5,4,4,4,4,4,4,5,4,5,4,5,4,0,0,4,5,4,4,5,4,5,4,0,4,5,4,5,5,0,5,4,5,5,4,4,0,4,5,4,4,5,0,0,5,4,4,4,4,5,4,5,4,5,0,5,5,4,4,0,0,4,4,4,5,5,5,0,5,5,5,5,5,0,5,5,4,4,4,4,0,4,5,5,4,4,0,5,4,5,5,5,4,4,5,0,5,5,5,4,5,7,5,5,4,5,5,4,0,4,5,4,5,4,0,5,4,4,5,5,5,4,0,4,4,4,4,0,5,4,4,5,5,5,4,5,4,5,4,4,4,4,4,4,5,4,5,0,5,4,0,5,4,0,0,0,5,4,4,5,4,5,4,0,5,5,4,4,4,5,5,4,4,0,5,5,5,0,4,4,5,4,4,7,5,5,4,4,5,4,4,4,5,0,4,4,4,4,4,4,4,4,4,4,5,4,0,0,4,5,5,4,5,5,5,0,0,4,4,4,5,5,4,4,4,4,4,5,4,4,4,4,5,4,4,5,5,4,5,4,4,5,4,5,4,4,5,4,0,4,5,0,4,4,5,0,0,4,4,5,5,4,5,5,5,5,0,5,5,5,4,5,5,4,4,4,5,5,4,4,4,5,4,5,5,4,0,5,5,4,4,4,4,4,5,5,5,5,4,5,4,4,4,4,5,5,4,5,5,5,4,5,4,4,4,0,0,5,5,4,5,4,5]"
shape_4c063621852f968ae0af,"[7,6,6,7,6,6,6,6,6,6,6,6,6,6,7,6,6,6,6,6,5,6,6,6,6,7,6,7,6,7,6,6,6,6,6,6,7,5,5,6,7,7,6,6,6,6,7,6,6,6,6,6,6,6,6,7,7,6,6,6,6,6,6,6,6,6,6,6,6,6,6,6,6,6,6,6,6,6,7,7,6,7,6,6,6,6,6,6,6,6,6,7,6,6,6,6,6,6,7,6,7,7,7,7,7,6,6,6,6,7,7,6,6,7,6,6,7,6,6,7,7,6,7,7,6,6,6,7,6,6,6,6,6,5,6,6,6,7,6,7,6,6,6,6,6,7,6,6,6,6,6,4,7,7,7,6,7,7,6,5,5,6,6,7,6,6,6,6,6,6,6,6,7,6,6,6,7,6,7,7,7,6,6,7,7,6,7,6,6,6,6,7,6,6,6,6,6,6,6,7,6,6,6,6,6,6,7,6,6,6,6,6,6,7,6,6,6,6,6,6,6,6,6,6,6,6,6,7,6,6,7,6,6,6,6,6,7,6,7,6,6,6,6,6,6,6,6,6,6,6,6,6,6,6,5,6,6,6,6,6,6,6,6,6,6,6,6,6,6,6,7,6,6,6,6,6,6,6,7,7,6,6,6,6,6,7,6,6,6,6,6,7,6,6,6,6,5,5,6,6,6,6,7,6,6,6,7,6,6,7,6,7,6,6,7,6,6,6,6,7,6,6,6,7,6,6,6,6,7,6,7,7,6,6,6,5,6,6,6,7,7,7,6,6,6,6,6,7,5,6,6,6,7,6,6,6,6,6,6,6,7,6,6,6,6,6,6,7,6,7,7,6,6,6,6,6,6,6,6,7,6,7,7,7,7,7,7,6,6,6,7,7,6,6,6,6,6,6,7,6,6,6,6,6,6,6,6,6,6,6,6,7,6,6,6,6,6,6,6,6,6,6,6,6,6,6,6,6,7,7,6,6,6,7,7,6,6,6,6,6,6,7,6,6,6,6,6,6,7,6,6,6,6,6,6,6,6,6,6,7,6,6,7,6,6,6,6,7,7,6,6,7,7,6,6,6,7,6,6,6,6,6,6,6,6,6,5,6,7,6,6,6,6,6,6,6,6,6,6,6,7,6,6,6,6,6,6,6,6,6,6,6,6,6,6,6,6,6,6,6,6,6,6,7,6,6,6,6,6,6,7,6,6,6,6,6,6,6,7,7,6,5,6,7,6,7,6,7,6,6,6,6,6,7,6,6,6,6,6,6,6,6,7,6,6,6,6,6,6,6,6,6,6,7,5,5,6,6,6,6,6,6,6,6,7,6,7,6,6,6,6,6,6,7,6,6,6,7,6,6,7,6,6,6,6,6,6,6,7,6,6,6,6,5,6,6,6,6,6,7,6,6,7,6,6,6,6,6,7,6,6,6,7,6,7,6,6,7,7,6,6,6,7,6,4,6,6,6,6,7,7,6,6,7,7,6,6,6,6,7,7,6,6,7,6,7,6,6,6,6,7,6,6,6,6,6,7,6,6,6,7,6,7,6,6,7,7,6,6,7,6,6,6,7,6,6,6,6,6,6,6,7,6,6,6,6,6,6,6,7,6,7,6,6,6,6,6,6,6,7,6,6,6,6,7,6,6,7,6,6,6,6,6,6,6,6,7,7,6,6,6,6,6,6,7,6,6,6,5,7,6,6,6,6,6,6,5,6,7,7,6,6,7,6,6,6,6,6,6,7,6,7,7,6,6,6,6,6,6,6,6,6,6,6,6,6,6,6,6,6,6,7,6,6,6,6,6,7,6,6,6,6,6,6,6,7,6,6,6,6,6,6,6,6,6,7,6,6,6,6,6,6,6,6,6,7,6,6,6,6,6,7,6,7,6,6,6,7,6,7,7,6,6,6,6,6,6,6,6,6,6,7,6,6,6,6,7,6,6,6,6,6,6,6,6,7,7,6,6,6,6,6,6,7,6,7,6,7,6,6,6,7,7,6,6,7,6,7,6,7,6,7,6,6,6,7,7,7,6,6,7,6,6,6,7,7,6,7,6,5,6,6,7,6,7,6,6,6,7,6,7,6,6,6,7,6,6,7,6,6,6,7,7,7,6,6,6,6,6,7,7,6,6,6,7,6,6,6,6,6,7,6,6,6,6,6,6,6,6,6,6,6,6,6,7,7,6,6,6,6,6,5,6,7,6,6,7,6,6,6,6,6,6,6,6,6,6,6,6,7,6,7,6,6,6,6,7,7,6,6,6,6,6,6,6,6,6,6,6,6,7,5,7,6,6,6,7,6,6,6,6,6,6,7]"
shape_2e139e1d88ef45d1795a,"[6,5,4,4,6,5,4,4,6,4,4,5,6,4,0,6,4,5,6,6,3,6,7,6,5,4,6,6,6,4,4,5,4,0,0,4,6,6,0,6,6,6,7,6,5,5,6,7,6,5,6,7,5,4,6,0,0,6,5,4,5,5,6,6,6,6,6,6,4,6,4,5,4,6,5,5,4,0,6,5,4,5,5,6,5,5,0,5,5,6,5,6,5,6,0,4,0,0,4,6,5,5,4,5,6,4,5,6,4,5,4,4,5,6,4,6,0,4,6,5,6,4,3,5,6,6,4,7,6,5,6,6,5,6,6,0,6,7,4,4,5,4,4,6,7,0,0,5,6,5,5,5,4,5,6,4,7,4,4,0,4,6,6,5,6,6,4,4,7,0,5,4,5,6,4,6,6,0,4,5,6,4,6,4,4,0,4,0,5,5,6,0,5,4,0,4,5,0,6,0,7,6,7,0,7,6,6,6,5,6,6,0,4,4,6,4,0,4,4,6,6,6,0,6,7,6,6,6,5,7,6,6,4,4,4,5,6,0,3,0,5,5,0,7,4,7,0,6,6,6,4,4,5,4,5,4,0,6,4,0,5,0,3,5,4,6,0,4,5,7,6,5,6,5,4,5,4,6,6,0,6,4,5,0,4,4,4,4,0,5,0,5,7,5,6,6,4,5,4,5,5,4,4,6,5,5,6,7,4,0,6,6,5,6,0,5,4,5,6,4,5,5,0,6,4,5,4,6,0,4,0,4,6,7,6,5,6,5,7,5,4,6,5,6,6,4,6,5,4,6,5,4,0,6,6,6,6,0,4,4,6,6,5,4,6,7,6,7,4,5,6,6,5,4,5,6,0,5,6,5,6,0,6,6,4,6,0,0,0,4,5,6,6,5,4,7,5,7,4,0,6,5,3,3,6,6,5,5,4,5,4,4,4,4,5,5,6,7,4,6,6,4,5,0,4,6,4,4,5,6,4,5,4,4,6,0,6,4,3,6,6,6,0,0,4,5,6,4,5,0,6,6,6,6,6,5,5,6,0,0,7,6,6,7,4,4,5,5,4,6,7,6,5,7,6,6,6,0,5,6,6,0,0,5,4,6,6,6,4,4,4,4,4,6,4,5,3,5,4,5,6,5,6,4,6,6,6,7,4,6,5,5,5,6,5,7,6,6,0,6,7,5,5,0,4,7,5,4,5,6,5,5,6,5,6,6,6,6,4,6,4,4,6,6,5,4,6,4,7,7,5,4,4,0,6,5,6,4,4,0,7,4,4,4,5,6,4,6,5,6,4,6,6,5,1,4,6,5,6,4,5,6,4,4,4,6,7,5,0,0,6,0,6,6,0,5,5,6,4,5,4,5,0,4,6,0,6,0,6,5,6,6,7,5,4,4,6,6,4,7,4,0,4,7,6,6,4,5,6,6,6,0,0,5,6,6,6,4,0,6,4,0,5,7,5,6,6,0,6,4,5,6,7,0,5,6,4,7,4,6,5,5,4,6,4,0,4,0,4,5,5,4,5,7,6,6,0,4,5,5,4,4,5,6,4,0,5,6,6,4,6,6,4,7,6,6,4,7,4,4,0,5,6,6,5,0,5,6,7,5,6,6,5,0,4,7,6,5,5,5,4,5,4,5,4,0,5,6,5,6,5,6,6,7,6,5,4,4,5,5,4,6,6,6,6,6,0,1,6,5,4,4,5,0,0,0,0,6,4,6,6,6,6,6,4,5,4,4,6,4,4,6,7,6,3,4,6,6,5,6,7,7,4,6,6,5,4,4,0,5,6,5,6,4,5,6,4,4,4,4,4,6,7,6,5,6,7,4,6,6,6,4,0,0,0,3,6,7,6,4,5,5,4,4,6,4,6,5,6,4,5,5,6,6,5,6,5,7,5,4,5,4,3,4,6,4,6,4,4,5,4,6,0,6,5,4,0,5,6,4,5,3,5,6,6,5,6,6,5,5,6,5,6,7,6,5,5,6,0,5,0,4,5,4,0,4,5,6,4,7,5,6,4,0,4,4,0,4,5,6,7,4,7,4,4,4,5,4,5,4,5,6,6,4,4,5,5,5,4,6,4,6,4,5,4,5,5,6,0,4,6,7,6,0,6,7,5,1,6,5,4,4,4,6,5,3,5,6,4,6,4,4,4,5,5,6,5,6,6,4,4,4,4,4,5,6,5,6,5,5,6,6,5,3,5,5,6,0,5,3,4,4,5,5,0,0,6,4,5,6,5,6,6,6,6,6,4,6,6,6,6,4,6,6,3,0,6,4,5,4,6,5,5,3,4,6,4,7,5,6,6,7,5,6]"
shape_d5b886d176949c683b50,"[5,6,6,4,5,6,4,5,6,5,6,5,5,6,4,6,6,6,6,5,6,6,6,6,5,5,5,6,6,6,5,6,6,6,5,6,6,6,6,6,4,6,6,6,5,6,5,6,4,6,5,5,5,6,4,6,6,6,5,4,5,6,6,5,5,6,5,5,7,6,5,4,6,5,7,5,6,5,6,6,5,5,6,5,6,6,7,6,5,5,4,6,5,5,5,4,4,6,6,4,5,6,6,5,5,5,4,6,5,4,4,7,4,6,6,5,6,7,4,6,5,6,6,6,6,6,6,5,6,6,5,5,6,6,5,4,7,5,6,5,6,6,5,6,5,4,6,5,5,7,5,6,6,5,5,5,5,5,6,6,5,6,6,4,6,5,6,6,5,4,6,4,6,5,5,5,4,5,5,6,5,6,4,6,6,5,5,6,6,6,6,5,5,5,4,6,5,7,7,4,5,6,4,6,5,5,6,5,4,7,6,6,6,6,5,5,6,6,5,5,5,6,6,6,6,6,5,4,4,5,5,6,5,6,6,6,6,6,4,5,6,6,6,4,5,4,4,6,6,4,6,5,5,4,6,6,5,6,6,5,6,6,5,5,4,4,6,5,5,6,5,4,5,4,7,5,5,6,5,6,6,5,5,4,6,6,6,6,6,6,6,5,4,5,6,6,6,6,6,6,6,6,6,4,7,5,5,6,5,6,5,6,5,5,5,5,4,5,5,5,6,5,6,5,6,6,5,6,4,5,5,6,7,4,6,5,4,6,4,6,4,4,6,4,6,6,6,5,6,6,4,6,6,6,4,6,6,6,6,4,6,6,5,6,5,6,5,7,5,5,5,4,6,6,7,5,4,4,6,5,5,6,5,5,4,6,6,4,4,5,4,6,6,5,6,6,5,6,6,6,6,6,5,5,6,5,5,6,5,5,5,4,5,6,5,6,6,6,6,6,6,4,5,6,6,5,4,5,5,6,5,4,6,5,6,5,7,6,5,5,6,6,6,5,5,6,6,6,6,6,6,5,5,6,7,5,5,5,4,6,5,6,6,5,6,6,6,6,7,6,6,5,6,5,4,6,6,5,6,6,7,5,6,4,5,4,6,6,5,5,4,6,6,5,6,6,5,5,6,4,5,6,5,6,5,6,6,6,5,6,6,5,4,6,7,6,6,5,6,6,5,6,4,4,5,6,4,6,6,5,6,5,4,6,6,5,5,5,6,4,5,6,6,4,6,6,4,5,6,5,6,5,4,6,6,6,6,5,6,5,5,5,6,5,5,4,5,5,7,7,6,6,4,5,5,6,7,5,5,6,6,6,6,5,5,5,6,6,5,5,5,6,5,6,4,5,5,4,5,6,5,5,6,6,6,5,5,5,6,7,5,5,6,4,5,6,5,6,6,4,5,5,6,6,4,4,5,3,5,5,5,6,5,5,6,6,5,4,6,6,6,6,6,6,6,4,4,5,4,5,4,6,5,6,6,4,5,5,5,5,5,5,5,4,4,5,5,6,6,6,6,5,4,6,4,5,5,6,5,5,6,6,4,5,6,4,7,6,5,6,6,6,4,5,5,6,5,6,6,6,4,5,5,6,6,7,5,6,5,5,5,6,6,4,6,5,7,6,6,5,5,5,6,5,5,6,4,5,5,6,6,5,6,4,6,6,6,6,6,5,5,6,5,6,4,6,6,5,6,5,6,5,4,6,6,5,6,6,5,5,5,6,6,6,5,3,6,4,6,5,6,6,6,6,6,5,5,6,6,6,6,5,6,5,5,6,5,6,6,6,6,5,6,6,6,6,6,4,6,6,4,6,5,4,6,7,7,6,5,5,7,5,5,5,4,5,4,6,6,7,6,6,6,6,6,4,6,6,4,6,6,5,5,5,5,6,6,5,5,6,5,5,6,6,5,5,5,6,6,6,5,6,6,6,5,6,6,6,6,6,6,5,6,6,5,6,4,4,6,6,4,6,5,6,6,6,5,5,4,6,6,6,4,6,6,4,6,5,6,5,6,4,5,5,5,6,6,6,5,6,6,7,5,5,6,5,6,6,5,5,5,5,6,3,5,4,5,6,5,7,6,5,4,5,5,5,5,7,5,5,6,6,6,6,6,4,6,5,6,5,4,4,4,5,4,6,6,6,5,4,5,4,5,4,5,6,6,3,4,5,5,6,6,6,5,5,5,4,4,5,6,6,4,6,6,7,4,6,4,7,5,5,4,6,5,6,6,5,6,6,7,5,4,5,5,6,5,4,7,4,6,6,7,5,4,5,5,5,4,6,5,6,6,6,6,6,6,6,7,6,6,6,6,5]"
shape_f19c75f462611c8b69f8,"[4,4,4,7,4,5,5,5,4,4,4,5,4,5,5,5,4,5,5,6,4,5,4,5,6,5,7,5,5,5,4,4,4,4,4,4,6,5,5,5,4,5,4,4,6,4,4,6,5,4,5,5,5,6,4,4,5,4,6,4,4,4,4,6,4,4,4,4,4,4,4,4,0,6,4,4,4,4,4,7,5,4,4,4,6,5,4,4,5,5,4,5,0,4,5,5,6,6,4,7,4,5,5,5,5,6,5,5,4,4,5,4,5,5,4,5,4,5,5,6,4,5,4,4,5,5,4,5,4,4,4,4,5,4,4,4,4,5,5,4,5,5,6,4,5,4,4,4,4,6,4,5,4,4,5,4,4,4,6,4,4,6,4,4,5,0,4,5,6,5,6,4,6,5,5,4,4,6,4,4,5,5,5,4,4,4,4,5,4,4,4,6,5,4,4,6,4,6,5,5,5,4,5,4,4,5,6,4,4,5,4,6,4,6,7,6,5,6,5,5,5,4,4,6,6,5,5,5,4,4,4,4,5,4,5,5,5,4,4,5,4,5,4,4,4,4,0,4,5,6,0,4,4,4,5,5,5,4,4,5,5,5,4,5,4,5,4,4,4,4,4,4,6,6,4,4,4,4,5,4,5,4,4,4,5,5,6,0,5,4,5,4,5,5,6,4,4,4,5,4,4,4,7,6,4,4,4,4,5,5,0,5,4,5,5,5,5,6,0,5,4,5,4,4,4,5,5,4,5,5,4,5,4,4,4,4,5,4,4,5,5,4,6,4,5,6,4,4,6,4,4,6,5,5,5,0,5,5,6,5,0,4,5,5,0,4,5,5,5,5,5,4,5,5,4,4,6,4,0,5,4,6,6,4,5,4,6,6,6,4,5,4,6,4,5,5,4,4,5,5,5,5,6,5,5,4,5,4,5,4,4,4,6,4,4,4,4,6,5,5,4,4,5,4,5,5,5,5,4,5,4,5,5,4,4,4,4,5,5,4,6,5,4,5,5,5,6,4,4,7,0,4,6,4,4,4,4,4,5,4,5,4,4,5,4,4,4,5,6,4,6,5,4,4,4,6,4,5,4,6,5,6,4,5,6,5,4,5,4,4,4,5,5,4,4,5,4,7,4,6,4,5,5,4,4,4,5,6,4,6,5,4,6,5,4,4,6,6,5,7,4,4,5,5,4,4,6,4,6,4,6,5,6,6,5,5,6,5,4,4,6,4,5,7,6,4,4,4,4,4,4,6,5,5,6,5,4,5,5,4,7,4,4,0,4,5,4,5,4,4,0,6,6,4,5,5,5,4,4,5,4,4,5,5,4,4,4,4,4,4,0,4,7,4,4,5,4,4,4,4,5,4,4,5,6,4,5,6,5,4,5,6,4,6,4,6,4,6,6,5,4,5,4,4,5,5,4,6,5,5,5,6,5,5,4,4,0,5,6,6,0,4,5,4,6,5,4,0,6,4,4,4,5,4,4,5,4,4,5,6,4,4,6,6,5,4,4,5,4,5,4,5,5,4,5,4,6,5,4,5,6,4,5,5,4,4,4,7,4,4,5,4,4,4,6,4,0,4,5,6,4,6,4,0,6,4,5,4,4,4,4,4,4,4,4,5,6,4,4,4,4,4,6,4,4,5,6,5,6,4,6,4,4,4,6,4,6,0,4,4,4,5,5,5,6,6,5,4,4,0,6,5,5,6,4,6,5,4,4,4,5,4,6,4,5,4,5,6,5,7,6,6,4,4,4,5,4,4,5,4,4,4,5,5,4,6,5,4,5,4,5,5,6,5,4,4,4,5,4,4,4,6,4,7,4,4,4,5,5,6,5,4,4,4,4,5,4,4,4,5,6,4,0,4,4,4,4,5,5,4,4,4,6,4,5,6,4,4,4,4,5,4,5,4,4,6,5,6,0,4,4,4,5,6,4,5,4,4,6,0,5,5,4,5,5,4,5,4,4,4,5,6,6,6,4,6,4,4,6,6,0,5,5,6,4,6,7,4,4,6,4,6,0,5,4,6,5,4,5,4,6,4,4,0,0,4,5,0,6,4,5,4,4,5,4,5,4,4,5,5,0,0,6,6,5,4,0,4,6,6,4,4,4,4,5,6,4,5,5,4,4,5,4,5,4,6,5,4,4,4,6,4,4,6,5,4,4,6,4,6,4,0,5,5,6,4,5,4,7,5,5,4,4,4,4,4,4,4,5,5,6,0,5,5,4,5,5,0,5,5,4,6,4,5,4,4,4,6,5,5,4,6,4,4,6,5,6,4,4,4,5,4,4,5,4,4,4,4,5,5,5,4,5,4]"
shape_a8912511e28bd562b5ed,"[7,6,5,5,6,6,4,5,6,4,5,7,5,5,4,5,4,6,6,4,6,6,6,6,4,4,4,4,5,5,4,4,5,6,7,7,7,4,4,6,4,4,4,4,5,5,7,6,4,5,6,5,6,6,4,5,6,6,7,6,6,6,5,7,4,6,6,7,5,6,4,6,5,5,4,6,6,4,5,4,6,5,4,4,5,5,5,4,5,4,4,5,6,6,5,7,5,5,6,6,6,4,7,6,6,4,5,6,4,4,6,6,5,6,6,6,5,5,4,5,6,5,5,4,5,7,6,5,5,5,4,7,4,4,7,4,6,7,5,4,5,4,6,5,6,4,6,6,5,6,7,6,6,5,4,6,6,5,5,7,5,5,4,6,4,5,6,5,4,4,4,7,5,7,7,5,7,4,6,4,7,4,4,5,4,4,4,5,5,7,5,6,5,7,6,0,4,4,4,6,6,4,6,6,7,4,6,6,7,6,6,4,4,6,5,5,5,4,6,5,5,4,6,6,6,5,5,5,7,4,7,4,5,5,6,5,4,6,6,4,4,5,7,6,4,7,4,4,6,5,5,6,5,7,4,5,5,7,4,5,7,4,4,5,5,4,6,5,5,7,4,7,4,5,5,5,7,6,5,4,6,7,6,4,7,5,4,4,7,7,7,4,6,4,7,5,7,4,5,5,7,5,4,6,6,4,5,4,7,5,0,4,4,5,4,4,4,6,5,5,6,5,7,5,5,5,4,4,4,6,4,5,4,4,4,6,4,7,0,7,6,5,5,5,5,7,6,5,7,6,4,7,4,5,6,5,5,4,4,4,5,5,7,4,4,6,6,5,4,5,4,4,6,4,7,6,4,4,5,5,5,7,7,5,5,5,6,6,5,5,5,6,7,6,6,4,6,4,7,7,4,5,4,5,5,6,6,6,5,0,5,7,5,4,4,7,4,5,4,4,5,7,6,4,4,5,4,6,6,5,4,5,5,7,6,4,5,5,7,4,5,5,4,5,6,5,6,4,4,7,4,4,4,6,7,5,7,5,4,5,4,4,6,5,4,6,6,5,7,4,6,5,6,4,4,6,4,5,4,5,5,4,5,6,6,4,5,6,4,6,5,6,6,4,5,5,6,5,5,5,4,4,5,7,4,5,4,6,4,6,6,6,4,0,4,5,4,7,4,6,7,7,5,5,5,4,6,6,5,6,5,4,5,4,6,5,6,5,5,5,4,6,4,6,6,4,5,5,6,4,7,6,5,4,6,4,4,0,6,7,7,4,6,6,5,7,6,5,6,5,4,6,5,6,5,5,6,5,4,5,6,6,4,4,5,5,5,4,6,4,4,6,4,4,6,7,5,7,7,4,4,6,5,7,5,5,6,4,4,6,4,5,5,7,4,5,4,5,5,4,6,4,6,5,4,5,6,0,4,4,5,5,4,5,5,6,4,5,6,5,4,4,4,6,7,5,5,7,5,4,4,7,4,4,4,5,4,6,6,4,4,6,4,5,5,6,0,4,4,4,4,6,4,7,7,4,5,5,5,4,6,4,5,4,7,7,6,6,6,5,7,7,6,5,5,5,4,5,0,6,5,6,0,7,5,6,5,5,5,7,6,5,4,6,7,5,4,6,6,4,5,6,6,5,6,6,4,6,5,5,4,7,6,6,4,7,4,5,6,5,4,5,6,4,6,6,5,6,6,6,4,7,6,6,5,5,4,7,6,4,5,5,6,6,5,4,5,4,7,4,6,6,5,4,7,6,5,7,5,6,6,7,5,4,4,5,5,6,6,6,6,6,6,6,6,6,7,4,5,7,5,5,6,6,5,5,6,4,4,6,4,5,6,6,4,6,5,5,4,7,4,4,0,5,4,4,6,7,5,5,6,6,5,6,4,7,5,4,6,5,6,5,6,6,4,5,6,7,6,5,4,4,6,7,6,5,5,4,6,5,6,5,4,4,4,6,0,5,4,6,5,6,6,6,7,6,5,6,7,5,5,6,6,4,7,6,6,5,4,7,6,4,7,4,4,4,6,6,7,6,6,4,6,4,5,6,4,0,6,4,5,7,5,6,4,4,5,4,5,4,5,5,4,5,5,6,6,5,5,6,5,4,7,6,7,5,4,6,4,7,4,5,5,5,4,5,7,6,5,5,7,4,7,7,6,6,6,5,5,6,7,6,6,4,5,7,5,6,4,4,7,6,5,5,5,6,7,5,4,4,6,0,4,7,4,4,4,4,5,4,4,7,4,4,5,0,6,5,4,5,4,6,7,4,5,5,7,5,5,5,4,4,5,5,4,4,6,6,4,4,5,6,5,4]"
shape_00e46985ce81b519516b,"[0,0,0,0,0,0,0,0,0,0,0,0,0,0,0,0,0,0,0,0,0,0,0,0,0,0,0,0,0,0,0,0,0,0,0,0,0,0,0,0,0,0,0,0,0,0,0,0,0,0,0,0,0,0,0,0,0,0,0,0,0,0,0,0,0,0,0,0,0,0,0,0,0,0,0,0,0,0,0,0,0,0,0,0,0,0,0,0,0,0,0,0,0,0,0,0,0,0,0,0,0,0,0,0,0,0,0,0,0,0,0,0,0,0,0,0,0,0,0,0,0,0,0,0,0,0,0,0,0,0,0,0,0,0,0,0,0,0,0,0,0,0,0,0,0,0,0,0,0,0,0,0,0,0,0,0,0,0,0,0,0,0,0,0,0,0,0,0,0,0,0,0,0,0,0,0,0,0,0,0,0,0,0,0,0,0,0,0,0,0,0,0,0,0,0,0,0,0,0,0,0,0,0,0,0,0,0,0,0,0,0,0,0,0,0,0,0,0,0,0,0,0,0,0,0,0,0,0,0,0,0,0,0,0,0,0,0,0,0,0,0,0,0,0,0,0,0,0,0,0,0,0,0,0,0,0,0,0,0,0,0,0,0,0,0,0,0,0,0,0,0,0,0,0,0,0,0,0,0,0,0,0,0,0,0,0,0,0,0,0,0,0,0,0,0,0,0,0,0,0,0,0,0,0,0,0,0,0,0,0,0,0,0,0,0,0,0,0,0,0,0,0,0,0,0,0,0,0,0,0,0,0,0,0,0,0,0,0,0,0,0,0,0,0,0,0,0,0,0,0,0,0,0,0,0,0,0,0,0,0,0,0,0,0,0,0,0,0,0,0,0,0,0,0,0,0,0,0,0,0,0,0,0,0,0,0,0,0,0,0,0,0,0,0,0,0,0,0,0,0,0,0,0,0,0,0,0,0,0,0,0,0,0,0,0,0,0,0,0,0,0,0,0,0,0,0,0,0,0,0,0,0,0,0,0,0,0,0,0,0,0,0,0,0,0,0,0,0,0,0,0,0,0,0,0,0,0,0,0,0,0,0,0,0,0,0,0,0,0,0,0,0,0,0,0,0,0,0,0,0,0,0,0,0,0,0,0,0,0,0,0,0,0,0,0,0,0,0,0,0,0,0,0,0,0,0,0,0,0,0,0,0,0,0,0,0,0,0,0,0,0,0,0,0,0,0,0,0,0,0,0,0,0,0,0,0,0,0,0,0,0,0,0,0,0,0,0,0,0,0,0,0,0,0,0,0,0,0,0,0,0,0,0,0,0,0,0,0,0,0,0,0,0,0,0,0,0,0,0,0,0,0,0,0,0,0,0,0,0,0,0,0,0,0,0,0,0,0,0,0,0,0,0,0,0,0,0,0,0,0,0,0,0,0,0,0,0,0,0,0,0,0,0,0,0,0,0,0,0,0,0,0,0,0,0,0,0,0,0,0,0,0,0,0,0,0,0,0,0,0,0,0,0,0,0,0,0,0,0,0,0,0,0,0,0,0,0,0,0,0,0,0,0,0,0,0,0,0,0,0,0,0,0,0,0,0,0,0,0,0,0,0,0,0,0,0,0,0,0,0,0,0,0,0,0,0,0,0,0,0,0,0,0,0,0,0,0,0,0,0,0,0,0,0,0,0,0,0,0,0,0,0,0,0,0,0,0,0,0,0,0,0,0,0,0,0,0,0,0,0,0,0,0,0,0,0,0,0,0,0,0,0,0,0,0,0,0,0,0,0,0,0,0,0,0,0,0,0,0,0,0,0,0,0,0,0,0,0,0,0,0,0,0,0,0,0,0,0,0,0,0,0,0,0,0,0,0,0,0,0,0,0,0,0,0,0,0,0,0,0,0,0,0,0,0,0,0,0,0,0,0,0,0,0,0,0,0,0,0,0,0,0,0,0,0,0,0,0,0,0,0,0,0,0,0,0,0,0,0,0,0,0,0,0,0,0,0,0,0,0,0,0,0,0,0,0,0,0,0,0,0,0,0,0,0,0,0,0,0,0,0,0,0,0,0,0,0,0,0,0,0,0,0,0,0,0,0,0,0,0,0,0,0,0,0,0,0,0,0,0,0,0,0,0,0,0,0,0,0,0,0,0,0,0,0,0,0,0,0,0,0,0,0,0,0,0,0,0,0,0,0,0,0,0,0,0,0,0,0,0,0,0,0,0,0,0,0,0,0,0,0,0,0,0,0,0,0,0,0,0,0,0,0,0,0,0,0,0,0,0,0,0,0,0,0,0,0,0,0,0,0,0,0,0,0,0,0,0,0,0,0,0,0,0,0,0,0,0,0,0,0,0,0,0]"
shape_12698213356e74d0b551,"[6,4,4,4,5,5,5,4,5,6,6,5,6,0,4,6,6,4,4,4,4,4,6,4,6,4,4,4,0,4,4,5,4,5,4,4,4,4,4,4,4,6,6,6,5,5,4,4,6,4,4,4,6,4,6,5,4,0,4,4,4,6,4,6,4,5,6,5,4,4,5,4,6,5,0,4,4,4,5,6,6,4,4,4,6,4,4,4,4,4,6,6,4,0,4,4,4,5,4,4,4,4,6,4,4,0,4,4,4,6,4,4,4,4,6,4,6,4,4,4,4,4,6,5,4,7,4,4,7,5,4,4,4,4,1,4,4,6,4,4,6,4,6,4,4,4,4,4,4,0,4,4,4,5,0,6,6,6,4,4,6,4,4,6,4,4,5,4,6,6,4,4,6,4,4,4,4,6,6,4,4,4,4,4,6,4,4,4,5,4,4,4,5,4,4,4,4,4,5,5,6,2,4,4,6,4,4,4,4,4,0,4,4,6,0,6,5,4,4,5,4,5,4,4,6,4,4,6,0,4,4,6,4,4,6,5,6,6,5,4,6,4,4,6,4,6,5,5,4,0,4,6,4,4,6,4,4,5,4,4,4,6,5,4,0,0,4,6,4,4,4,4,6,6,6,4,6,5,4,6,4,4,5,4,4,6,4,0,0,6,5,0,0,4,4,6,6,4,6,4,6,4,5,6,5,5,4,4,4,5,6,4,4,4,4,4,6,4,6,4,5,4,4,6,4,4,6,5,0,4,6,4,0,6,4,4,6,4,4,0,4,4,5,4,0,4,4,4,7,6,6,4,4,4,6,4,4,6,4,4,5,5,4,4,0,4,5,6,2,4,4,4,0,6,6,4,5,6,4,0,5,6,0,4,6,6,0,0,0,6,4,5,4,4,4,5,5,4,5,5,4,4,4,6,4,4,0,6,6,4,4,4,5,6,2,4,4,4,4,5,6,5,5,6,4,4,6,6,4,4,4,6,4,4,4,4,4,5,4,4,4,4,4,4,0,6,4,6,4,6,4,0,4,0,4,4,4,6,4,4,6,4,4,4,6,0,6,6,6,4,0,5,4,6,4,4,6,4,4,4,0,5,4,5,0,4,6,4,4,0,5,5,4,4,4,4,4,6,0,5,5,4,6,4,4,0,4,4,4,6,6,6,0,6,4,4,4,5,4,4,4,4,0,6,2,6,6,4,4,5,4,0,4,4,5,6,4,4,5,4,4,4,4,6,0,4,5,4,4,4,5,6,4,4,6,5,4,4,6,4,0,4,4,4,4,0,6,5,4,0,0,6,5,6,6,4,0,4,6,4,4,5,5,4,4,6,4,6,5,4,4,4,5,4,6,4,4,5,6,0,4,4,6,6,5,4,4,4,0,5,4,0,4,4,4,4,4,0,4,6,4,4,4,4,4,4,4,5,4,4,4,6,6,5,5,5,4,4,4,6,6,4,6,6,6,4,0,4,5,6,6,4,4,6,4,6,5,6,4,5,6,5,0,6,6,4,4,4,4,4,4,4,4,5,4,6,4,4,4,5,4,6,4,6,5,4,6,4,6,6,0,4,5,5,0,4,5,0,7,6,4,4,6,4,4,5,0,5,4,5,4,4,6,0,4,4,0,4,4,4,4,4,4,5,6,6,4,0,5,4,4,4,4,4,4,6,4,5,7,6,4,5,6,4,4,6,4,5,5,5,5,6,6,0,6,4,4,4,4,0,4,6,0,0,6,6,6,5,6,4,6,6,6,4,0,6,4,4,6,6,4,6,4,5,6,4,4,7,5,5,4,5,4,4,6,4,4,6,6,0,4,4,7,5,5,6,6,4,6,6,6,0,4,4,4,5,4,5,5,5,4,4,4,6,4,4,0,4,5,6,7,4,0,4,4,4,7,5,4,4,5,4,4,4,5,4,0,4,6,4,6,6,6,5,7,5,0,4,4,5,5,4,4,4,6,4,4,4,0,4,5,6,0,4,6,4,4,4,0,0,4,4,4,6,6,5,4,4,4,4,6,4,4,6,4,5,6,4,6,5,6,0,4,6,4,5,6,6,6,0,6,4,0,0,4,5,4,5,4,4,4,5,4,6,4,5,6,0,2,4,6,4,4,6,5,4,4,6,4,4,4,6,6,4,5,6,0,6,4,6,5,4,4,7,4,4,4,6,4,5,6,4,6,4,5,6,0,6,6,5,4,4,4,4,6,4,4,4,4,6,6,4,4,6,5,4,6,6,4,6,4,5,6,4,0,5,4,5,4,4,4,6,6,0,0,4,4,4,5,4,6,4,4,5,4,6,0,4,4,5,4,5,1,4]"
shape_2333833f1730759a6834,"[5,4,4,4,4,4,0,4,0,5,4,5,4,0,4,0,0,4,5,4,4,4,0,4,4,4,5,4,5,0,5,4,0,4,5,4,0,0,5,0,0,4,0,4,4,0,4,0,5,4,4,0,4,4,4,0,4,4,4,4,0,4,4,5,4,4,5,4,4,4,4,4,4,0,4,4,5,4,4,0,0,0,0,4,5,0,0,4,4,4,4,0,5,4,4,5,5,4,0,4,5,0,4,0,4,4,4,0,0,5,0,4,4,0,5,4,0,5,4,5,0,0,4,4,5,4,4,0,4,4,4,0,4,6,0,4,4,4,5,4,4,4,4,0,0,0,0,4,2,5,4,4,5,4,0,4,0,4,0,0,0,5,0,4,0,4,5,4,5,4,4,4,5,0,4,4,4,5,0,0,0,4,4,0,5,0,4,0,0,4,4,0,0,4,5,0,0,0,0,0,0,4,4,4,4,4,0,0,0,0,0,4,5,4,4,0,4,5,0,4,5,4,4,4,4,0,0,4,4,4,0,4,0,5,4,4,4,4,4,0,4,4,4,0,0,5,4,4,0,4,4,4,0,4,5,4,4,5,4,0,0,4,4,5,4,4,4,0,4,5,4,0,4,0,5,5,4,0,0,5,5,0,5,0,0,0,4,4,0,5,5,4,4,0,0,4,4,4,0,0,0,0,4,4,0,5,0,4,0,0,4,4,4,0,5,4,4,4,5,5,0,4,4,5,4,4,4,4,0,4,4,0,4,4,5,4,5,0,5,0,4,0,5,4,0,5,4,4,4,0,4,4,0,4,0,4,0,5,4,4,5,0,0,5,4,6,0,4,0,0,0,5,4,0,4,5,4,4,4,4,4,5,0,0,5,0,0,4,5,4,4,0,5,4,0,4,0,4,0,5,4,0,4,4,4,4,4,4,4,0,4,4,5,4,4,0,5,4,0,0,4,0,4,4,4,4,0,4,0,4,5,0,4,4,0,0,5,4,0,4,4,0,5,0,4,0,2,0,5,0,4,0,4,4,4,4,0,0,4,4,0,4,4,4,0,4,0,0,0,0,4,4,4,4,5,0,5,5,4,4,5,5,4,0,4,4,4,0,0,0,0,4,4,0,0,4,4,0,5,5,0,0,4,0,0,4,4,4,4,4,0,0,0,0,0,4,0,4,5,0,4,5,0,4,0,4,0,4,4,0,5,0,0,4,5,4,4,0,4,0,4,4,0,4,4,0,4,0,4,0,4,0,0,4,4,0,4,4,4,0,4,4,4,0,4,4,0,4,4,4,4,4,4,0,5,0,0,4,0,4,4,5,4,4,4,0,0,5,0,4,0,4,4,4,0,4,4,4,4,5,4,4,5,0,4,4,0,5,4,4,0,0,4,4,4,4,5,0,5,0,4,0,4,0,4,0,4,0,4,0,4,4,0,4,0,0,4,4,5,5,0,4,4,4,5,4,0,0,4,4,4,0,0,4,0,4,0,4,4,4,4,4,0,5,4,0,4,5,4,5,5,4,4,4,5,4,0,4,0,0,4,0,0,5,0,4,4,4,4,0,4,5,4,4,5,5,0,5,0,4,5,5,4,5,0,0,4,0,0,4,4,0,0,0,0,4,5,4,4,4,4,4,4,0,5,4,4,0,4,5,4,0,4,4,4,4,4,0,0,4,0,4,0,4,4,4,4,4,5,0,4,4,4,5,4,4,4,4,4,4,4,5,4,4,4,4,5,5,4,0,4,0,4,0,4,0,4,4,0,5,0,0,4,4,0,5,4,0,0,4,4,4,4,4,4,0,5,5,0,0,4,4,0,4,4,4,0,4,0,4,0,4,4,4,5,5,5,0,5,6,0,4,4,0,0,0,4,0,0,0,4,1,0,4,0,4,4,4,0,4,0,0,4,4,4,4,5,0,4,4,0,5,4,5,4,5,4,5,4,4,4,0,0,4,0,4,4,5,5,4,4,0,4,4,4,4,4,4,4,5,4,0,0,5,4,4,4,5,5,0,4,4,5,4,0,4,4,5,5,4,0,5,0,0,0,0,6,0,5,5,4,4,4,0,4,4,4,4,5,5,4,5,0,4,0,4,4,0,4,4,4,5,4,0,0,5,4,4,4,0,5,0,4,4,4,0,4,5,4,4,0,0,4,4,4,4,0,5,0,0,4,5,5,4,0,5,0,4,4,0,4,4,0,0,4,4,4,0,0,4,6,0,0,4,0,4,0,4,0,4,4,0,0,4,4,6,0,4,4,5,4,5,0,0,4,4,4,0,5,4,0,4,4,5,0,4,4,4,4,4,4,4,4,4]"
shape_f72adbdecb4cf8ddaaf5,"[6,5,4,5,4,5,5,4,6,5,4,4,7,5,5,5,5,6,6,7,6,5,6,6,6,4,6,6,6,6,6,4,5,5,5,5,5,6,5,6,6,5,7,5,5,6,7,4,6,5,5,4,5,5,6,4,4,6,5,7,4,6,4,7,6,6,6,5,5,4,5,6,4,5,6,6,4,6,4,5,5,6,5,6,4,7,5,7,7,7,7,7,6,7,4,5,6,5,5,6,6,5,5,5,6,5,6,5,5,4,5,5,6,6,6,6,6,4,6,5,6,5,6,6,6,4,6,5,5,5,6,7,5,5,6,6,6,6,5,5,6,5,6,5,4,6,6,6,6,6,6,6,5,5,5,6,4,4,4,7,6,5,6,6,5,5,4,5,6,5,6,5,6,5,6,6,6,5,6,6,6,6,4,5,5,6,6,6,5,4,5,6,5,7,5,6,7,4,5,6,6,5,4,6,5,6,2,4,5,6,5,4,5,4,5,6,4,6,5,6,5,4,4,5,6,5,6,6,7,7,5,4,5,4,6,6,4,6,6,6,5,4,6,5,6,6,5,6,6,6,6,5,6,6,5,5,6,5,5,6,6,4,6,6,6,4,6,6,6,6,5,5,5,6,5,5,6,5,6,6,6,5,5,5,5,6,6,5,6,4,5,4,5,5,4,6,4,5,4,6,6,6,5,6,5,7,7,6,5,6,4,5,6,5,6,4,6,6,6,5,6,6,6,6,6,5,5,5,6,5,6,6,6,6,5,6,4,6,5,6,6,6,4,4,6,6,6,5,5,4,4,2,4,4,5,5,5,5,5,5,4,5,5,5,5,5,5,6,6,4,5,7,6,5,4,6,4,4,5,5,7,4,6,6,4,4,4,6,5,5,5,5,6,6,7,7,6,4,4,4,5,6,5,5,4,5,6,4,6,4,5,4,6,5,6,6,4,5,7,5,6,5,6,5,6,6,4,7,6,6,5,6,5,4,5,4,6,6,4,6,4,4,6,4,6,7,6,5,6,5,5,5,5,5,6,6,4,5,5,6,6,5,6,6,6,6,5,6,5,5,6,6,6,4,5,6,6,6,4,7,5,4,6,7,4,4,6,6,5,6,4,6,6,6,4,5,6,5,7,6,6,5,5,6,6,4,6,6,4,6,5,5,4,4,4,4,7,6,5,7,5,5,5,5,5,4,6,6,6,5,7,6,6,6,6,4,5,5,6,6,6,4,4,5,5,5,6,5,6,4,4,6,4,6,6,6,5,4,7,6,4,4,5,5,6,6,6,5,5,4,6,7,6,5,7,5,7,6,4,5,6,6,5,4,7,6,5,7,7,6,5,5,6,6,6,6,6,6,5,7,5,4,7,6,4,6,6,6,6,4,6,5,4,6,6,6,6,6,5,5,4,5,5,2,6,7,5,4,4,5,6,5,4,6,6,5,4,6,6,6,6,6,7,5,6,5,6,5,4,4,5,6,5,4,6,5,4,6,6,5,6,7,4,5,5,6,5,5,5,6,5,7,5,6,4,6,5,6,6,5,6,6,5,6,6,6,5,5,5,7,5,6,6,5,6,5,6,6,4,5,6,7,6,4,6,6,6,6,6,6,4,5,6,5,6,4,5,6,5,6,6,5,5,6,5,6,6,4,6,5,5,6,5,6,4,6,5,5,6,4,6,6,7,6,4,6,6,6,6,6,6,6,6,4,4,5,7,6,5,6,7,6,5,5,6,6,4,6,6,6,6,5,5,4,5,5,7,4,5,6,5,6,6,6,5,6,6,7,6,6,5,5,4,5,6,6,7,4,6,6,6,6,5,6,6,6,6,6,6,4,6,6,6,7,4,5,5,6,6,6,4,5,5,4,5,5,6,5,7,4,6,4,5,4,5,4,6,5,5,7,6,7,5,5,5,6,4,5,5,5,7,4,5,4,7,6,5,7,5,5,6,5,6,5,4,6,6,6,4,6,5,5,2,4,6,6,6,5,5,6,5,4,6,6,6,6,6,4,6,5,5,7,5,6,7,6,4,5,5,5,4,5,6,7,6,5,4,6,7,5,6,4,4,5,6,4,5,4,6,6,4,4,5,5,6,6,7,2,4,5,6,5,4,6,7,6,6,7,5,5,5,4,5,6,6,6,5,6,5,7,6,6,5,4,5,6,4,4,4,5,4,4,6,6,5,5,4,4,6,6,5,7,6,5,5,5,5,5,5,4,5,5,6,5,6,6,5,5,6,5,6,6,4,4,5,6,5,5,4,5,5,4,5,5,4,5,7,4,5,4,5,6,6,6,5,6,4,4,6,5,5,5,5,4]"
shape_17edfd9a6a551295ecfc,"[7,7,6,7,6,6,7,7,7,7,6,7,6,6,6,6,6,6,6,6,7,6,6,7,7,6,6,7,7,6,6,7,7,7,6,6,7,6,7,6,6,6,6,6,7,7,6,6,6,6,6,6,7,6,6,7,6,6,6,6,7,6,6,6,6,6,6,7,6,6,6,6,7,6,6,7,6,6,7,6,6,6,6,6,7,6,6,7,6,6,7,6,6,6,7,6,6,6,7,6,6,7,6,6,7,6,6,7,6,6,7,6,7,7,6,7,7,6,6,6,7,6,6,6,6,6,6,6,6,6,6,6,7,6,6,6,6,6,7,6,6,6,6,7,6,6,7,7,6,6,6,6,6,7,6,6,7,6,6,6,6,6,6,6,7,7,7,7,6,6,6,7,5,6,6,6,6,6,7,6,7,6,6,6,6,6,7,7,6,6,6,6,6,7,6,7,7,7,6,6,6,6,6,6,6,6,7,6,7,6,7,7,6,6,7,6,6,6,6,7,7,7,7,6,6,6,6,6,6,6,6,7,6,6,6,6,6,7,6,6,7,6,7,6,7,6,6,6,7,6,6,6,6,7,7,7,6,7,6,6,6,6,7,6,6,6,6,7,6,6,6,6,6,6,7,6,6,6,6,7,6,7,6,7,6,6,6,6,7,6,6,6,7,7,7,6,7,6,6,7,7,7,6,7,6,6,7,6,6,6,6,6,6,7,7,6,6,7,7,6,6,6,6,7,6,6,7,6,7,6,7,6,7,7,6,6,7,7,7,7,6,6,6,7,6,6,7,6,6,6,6,6,6,6,6,6,7,6,7,6,6,7,6,6,6,6,6,7,6,6,7,6,7,7,6,6,6,6,6,6,7,6,7,6,6,6,6,7,7,6,7,6,6,6,6,6,7,6,6,7,6,7,6,7,7,7,6,6,7,6,6,6,6,7,6,7,6,6,6,6,6,6,6,6,7,6,6,6,7,7,6,6,6,6,6,6,6,7,7,6,6,7,6,7,7,6,6,6,7,6,6,6,6,7,6,6,7,7,7,6,6,6,6,6,6,6,7,6,6,6,6,6,6,6,7,7,6,6,6,6,6,6,6,6,7,6,7,6,7,6,6,6,6,6,7,6,7,6,6,6,6,7,6,6,7,6,7,7,6,6,7,7,6,7,6,6,7,6,7,7,7,7,6,7,6,7,7,6,6,7,6,6,6,6,7,6,7,6,6,6,6,6,6,6,6,6,6,7,7,6,7,6,7,6,6,7,7,6,7,7,6,7,6,6,7,6,7,6,6,6,6,6,6,6,6,6,7,7,6,6,6,6,6,7,6,6,7,6,6,7,7,6,6,7,6,7,6,7,7,6,7,7,7,7,7,7,6,6,6,6,6,7,7,7,7,6,7,6,6,7,6,6,6,7,7,7,7,7,6,7,7,6,6,6,7,6,6,6,6,7,6,7,7,6,6,6,6,6,6,6,6,6,7,6,7,7,6,7,7,6,6,6,7,6,6,6,6,6,6,7,6,6,6,7,7,7,6,6,6,6,6,7,6,6,6,6,6,6,6,7,6,7,6,6,6,6,6,6,6,7,6,6,6,7,7,6,6,6,6,7,7,7,6,7,6,6,6,7,7,7,6,6,6,6,6,6,6,7,6,6,7,6,6,7,6,6,6,6,6,6,7,6,6,6,7,6,7,6,6,6,6,6,6,6,7,7,6,6,7,6,6,7,7,7,7,6,6,6,6,6,6,6,7,6,6,6,7,6,7,7,6,6,6,6,6,6,6,6,6,6,7,6,6,6,7,6,6,6,6,7,6,6,6,7,7,7,6,6,7,7,6,6,6,7,6,6,7,7,6,6,7,6,7,6,6,6,6,7,6,7,6,6,6,6,6,6,6,6,7,6,7,7,6,6,7,7,6,6,6,6,6,7,7,7,6,6,6,6,6,6,6,6,6,6,6,7,6,6,7,6,6,6,6,7,6,7,6,7,6,6,6,6,7,6,6,7,6,6,7,7,6,6,7,6,6,6,6,6,6,6,6,6,7,6,6,7,7,7,6,6,7,6,6,6,6,6,7,7,6,6,6,6,6,6,6,7,7,6,6,6,7,6,6,6,6,6,6,7,7,6,7,6,6,7,6,7,6,6,7,6,7,6,6,6,6,6,6,6,7,6,6,7,6,7,6,6,6,6,7,6,6,6,6,6,6,6,6,7,7,7,7,6,7,7,7,6,6,6,6,6,6,6,6,7,7,7,6,6,7,6,6,6,6,6,5,6,6,7,7,7,6,7,6,6,7,6,6,7,7,7,6,7,7,7]"
shape_bc8cbf2587b5b95de1e7,"[6,7,3,5,3,5,3,3,5,6,5,6,3,4,5,7,4,4,5,5,7,6,6,5,4,4,5,7,5,5,6,5,7,4,6,7,5,5,6,6,4,5,5,6,7,0,5,6,5,4,5,6,5,6,5,6,6,7,5,6,5,6,6,4,5,6,6,6,7,7,6,6,4,7,4,5,4,0,4,6,5,6,0,5,6,4,6,7,5,6,7,5,4,6,6,5,5,4,4,5,4,7,6,7,5,5,5,5,4,4,5,5,5,4,7,7,5,5,4,6,6,7,4,4,0,5,5,7,5,5,5,6,6,6,5,5,7,5,7,5,4,7,5,6,7,6,7,5,4,6,5,6,7,7,4,7,5,4,7,7,5,4,5,4,7,4,6,6,5,6,5,6,5,5,7,4,5,5,5,6,5,7,7,6,7,5,6,6,4,7,5,7,6,4,7,4,5,6,5,4,7,6,7,6,5,6,6,6,5,5,6,7,5,6,6,5,5,5,6,7,6,4,6,5,6,6,6,5,4,4,4,4,4,6,5,6,4,7,4,5,5,5,4,5,4,5,5,4,6,4,5,6,5,5,6,5,5,5,3,6,4,4,5,5,5,6,4,5,4,4,5,7,7,3,3,6,5,4,4,7,6,0,6,5,6,4,6,6,4,5,6,4,7,5,5,4,5,5,6,6,6,3,6,5,6,6,5,6,4,7,7,2,5,2,5,7,5,6,6,5,4,4,5,4,7,5,5,5,4,6,4,6,6,5,6,6,7,5,4,7,5,4,7,5,6,6,5,7,7,6,7,5,6,6,6,4,4,4,6,7,5,4,5,5,7,6,4,3,4,4,7,5,5,6,7,4,7,4,4,0,6,4,4,5,7,4,6,5,4,7,4,5,5,6,7,2,6,6,6,5,6,4,5,4,6,2,4,7,5,4,5,5,7,4,4,6,6,5,6,0,7,2,4,4,5,5,6,5,6,6,6,5,5,5,4,6,6,0,5,6,6,2,6,6,7,4,7,5,3,7,4,5,7,6,5,5,4,5,6,5,5,7,7,6,6,4,7,5,6,6,6,6,7,5,5,5,0,4,4,5,7,5,5,5,6,4,7,4,6,4,4,5,5,7,5,5,4,7,5,5,4,7,4,6,6,7,6,6,5,4,3,5,4,6,5,5,7,7,5,5,5,5,4,7,4,6,5,6,6,4,6,6,4,5,4,5,5,5,5,6,5,7,4,5,6,7,6,5,5,4,4,4,6,6,5,3,3,6,5,5,5,7,5,6,4,5,5,6,5,4,6,6,6,4,5,6,5,7,4,5,4,4,6,6,7,5,5,5,4,7,4,4,6,5,5,6,5,7,4,5,6,6,4,7,6,6,6,6,0,7,5,5,5,6,4,6,4,6,5,5,7,6,4,6,6,5,5,5,5,7,7,6,7,5,5,4,4,3,6,7,5,4,6,5,6,6,6,7,6,3,5,4,5,7,6,4,6,4,5,5,7,4,5,4,4,6,5,0,5,6,6,6,4,6,5,0,6,6,4,4,4,4,7,5,4,7,6,7,6,5,5,5,7,5,7,6,5,4,5,7,5,5,4,4,5,5,6,4,7,7,6,5,7,6,4,6,5,7,6,5,7,4,6,5,5,4,5,5,6,4,7,4,7,5,4,4,6,5,5,6,6,6,7,4,5,4,6,7,5,2,7,4,5,4,7,4,7,6,6,5,5,5,5,5,6,6,2,6,3,6,6,6,4,5,7,7,6,6,6,6,6,5,7,6,6,0,4,5,0,7,7,7,4,5,4,5,6,7,5,4,6,6,7,4,5,3,5,5,6,5,4,7,6,4,4,5,6,7,4,5,6,4,0,7,5,5,7,7,4,5,3,7,6,7,4,5,5,6,6,5,5,5,5,6,6,5,5,6,6,4,6,4,6,7,6,6,7,6,5,5,5,4,5,6,5,5,5,4,6,5,5,6,4,5,4,4,6,5,6,5,6,5,6,6,6,5,6,5,5,6,7,5,5,5,6,7,6,3,4,6,7,6,5,4,5,4,4,6,6,5,6,6,4,5,4,6,5,7,5,5,7,5,0,6,6,4,0,5,5,4,4,4,4,5,4,4,6,6,4,6,6,5,5,6,6,4,6,4,5,5,6,6,6,5,5,5,5,6,6,6,4,4,5,4,5,5,6,7,5,4,4,6,6,5,4,6,4,5,6,5,5,6,6,7,6,5,5,4,0,5,5,5,4,5,3,6,4,7,7,5,5,4,4,5,5,4,4,5,4,5,5,7,6,5,7,3,7,6,5,4,7,7,7,5]"
shape_6e2c5709ae927b473258,"[4,1,1,1,3,1,4,3,1,4,1,5,1,5,5,5,1,1,1,3,1,5,1,1,5,4,1,4,4,5,5,1,5,1,5,5,5,1,1,4,5,5,4,0,3,7,1,1,5,5,1,4,5,1,1,1,5,1,1,0,1,1,1,1,1,1,5,1,3,5,1,5,5,1,1,4,1,1,0,4,1,1,3,4,3,1,5,4,1,5,5,5,4,0,5,1,1,4,5,5,1,5,4,5,1,1,1,1,5,5,0,1,4,1,3,3,4,4,1,4,4,3,5,0,5,5,4,1,1,5,5,4,1,1,4,5,3,5,1,4,3,3,5,5,1,4,3,1,1,5,3,1,1,1,0,1,1,0,3,5,1,1,5,4,1,5,1,1,5,5,4,3,1,5,4,3,4,1,1,1,4,1,1,1,0,4,5,1,5,5,3,1,3,5,5,1,5,0,1,1,4,1,5,1,1,0,3,1,3,1,1,3,5,3,1,7,4,5,1,5,1,4,5,1,1,1,4,1,5,1,1,4,3,5,5,3,0,0,1,0,1,5,5,1,5,4,4,4,1,1,5,5,1,3,5,5,5,5,1,4,4,1,5,5,1,5,5,1,4,5,5,5,5,4,1,5,5,5,0,1,1,4,1,1,1,5,5,4,5,1,4,5,5,5,4,5,1,1,5,3,5,5,5,1,4,1,1,1,3,1,4,5,1,5,1,5,0,1,5,5,1,4,1,4,1,1,1,5,1,5,1,4,5,5,1,1,5,1,4,1,5,5,1,1,1,5,5,3,4,3,4,5,0,1,0,0,5,1,5,4,1,4,4,1,1,5,5,1,5,1,1,5,4,1,0,1,1,5,5,3,5,3,5,1,1,5,5,1,7,4,1,1,5,4,5,5,1,0,5,1,0,5,1,1,5,5,1,1,1,1,0,4,3,5,1,0,5,4,0,5,5,1,5,1,1,4,5,1,0,0,0,5,5,4,5,5,5,1,5,1,1,1,4,1,1,1,4,1,5,4,5,0,1,1,0,5,5,5,3,5,1,0,3,1,1,5,5,0,1,1,1,4,0,0,1,4,4,1,3,5,5,0,1,1,1,5,5,3,1,1,7,4,1,4,1,1,3,4,1,1,1,5,0,4,3,5,1,4,1,5,1,1,5,1,5,5,1,1,5,0,1,1,1,3,5,1,5,1,4,3,5,4,5,5,1,1,1,3,3,1,5,1,1,5,4,1,1,5,4,1,4,0,5,1,0,1,5,5,1,1,5,0,5,1,4,5,1,1,5,1,1,5,0,5,4,4,1,1,1,3,3,5,1,1,3,5,5,1,1,4,5,3,1,0,0,4,1,5,1,0,5,4,4,5,5,1,1,5,5,4,1,1,4,5,1,1,5,5,4,1,4,1,4,1,5,1,1,1,1,4,5,1,1,1,1,3,1,5,5,5,3,5,1,5,1,4,1,1,1,5,1,1,3,4,5,5,1,0,5,5,3,4,1,1,1,3,1,1,1,1,1,1,1,1,5,1,5,5,1,1,5,1,1,1,1,1,3,1,1,1,1,1,5,1,5,3,4,4,5,5,5,1,4,5,5,5,3,5,1,3,5,1,4,5,4,1,7,3,1,1,1,5,1,4,5,1,1,1,5,1,5,7,1,4,1,1,3,3,0,4,1,1,1,5,5,1,5,1,1,1,1,4,1,4,5,1,1,4,3,1,1,4,5,1,0,5,4,5,0,1,1,5,1,5,1,0,5,1,3,3,3,1,1,4,5,5,4,7,5,0,5,1,4,4,5,5,1,7,0,4,3,4,1,5,5,1,5,4,1,5,0,1,1,1,1,1,5,1,5,1,1,5,3,3,1,5,0,5,1,3,5,5,5,5,0,3,3,1,4,4,5,5,1,5,1,4,1,5,1,3,4,5,1,5,1,5,4,1,1,5,1,1,1,1,1,1,3,1,5,1,0,1,5,3,1,1,5,3,5,1,1,4,1,3,4,1,5,5,5,1,5,5,5,5,5,1,5,1,4,5,1,1,3,4,4,5,5,1,5,3,5,1,1,4,1,5,3,4,1,5,1,3,5,1,1,4,5,5,3,1,1,4,1,4,5,5,1,1,1,5,1,5,1,5,1,5,1,3,5,5,4,5,5,1,0,5,1,0,1,5,1,1,5,4,1,5,0,0,3,1,3,5,1,3,4,1,5,5,1,1,5,0,5,5,4,5,5,5,5,1,3,1,1,0,4,5,1,5,1,4,5,5,1,5,5,4,1,1,0,1,5,1,7,5,4,5,5,1,5,5,1,1,4,0]"
shape_9e3ae7b5bd9bd96fb659,"[7,6,6,6,6,7,6,6,6,6,7,6,6,6,6,7,6,6,6,6,7,6,6,6,6,6,6,6,7,6,7,6,7,6,7,6,6,6,7,6,6,6,6,6,6,7,7,6,6,7,6,6,6,6,6,7,6,6,6,6,6,6,6,6,6,6,6,6,6,6,7,6,6,7,7,6,6,7,6,6,6,6,6,7,6,6,6,7,6,6,6,7,6,6,6,6,6,6,6,7,7,6,6,6,6,6,6,6,7,7,6,6,7,6,6,6,6,6,6,6,6,6,6,6,6,6,6,6,7,6,6,7,6,6,6,7,7,6,6,7,6,6,6,6,7,6,7,6,6,7,6,6,7,6,7,7,6,6,6,6,7,6,6,6,6,6,6,6,6,6,7,6,6,6,7,6,6,6,6,6,6,6,6,6,6,6,6,7,6,7,6,6,6,7,6,6,6,6,6,6,6,6,6,7,7,6,6,7,6,6,6,6,7,6,7,6,6,6,7,6,7,6,6,7,6,6,6,7,7,6,7,7,6,7,6,7,6,6,6,6,6,6,6,7,7,6,6,6,6,6,6,6,6,6,6,6,6,7,6,6,6,7,6,7,6,6,7,6,7,6,6,6,7,6,6,6,6,6,6,6,6,7,6,7,6,6,6,7,6,6,6,6,6,7,6,7,6,6,7,6,6,6,7,6,6,6,6,6,6,7,6,6,7,6,6,6,7,6,6,6,6,6,7,6,6,6,6,6,6,6,6,7,6,6,6,6,6,6,7,6,7,6,6,6,6,6,7,6,6,7,7,7,6,6,6,6,6,6,7,6,7,6,6,6,6,6,7,7,6,6,7,7,6,6,6,6,6,6,6,6,6,7,6,6,6,6,6,6,6,6,7,6,6,7,7,7,6,6,7,7,7,6,7,6,6,6,7,6,6,6,7,7,7,7,7,6,7,7,6,7,7,6,6,6,6,6,6,6,6,7,6,6,6,6,6,6,6,6,7,6,7,7,7,7,6,7,6,7,6,6,6,6,6,6,6,6,7,6,6,6,7,6,6,6,7,6,6,7,6,6,6,6,6,7,6,7,7,7,6,6,6,6,6,6,7,7,7,6,7,7,6,7,7,7,6,6,6,6,6,7,6,6,6,6,6,7,6,7,6,6,6,6,7,6,6,6,6,6,6,7,6,6,6,7,6,6,7,6,6,6,6,6,6,7,6,6,6,6,6,6,6,6,6,6,6,6,6,7,6,6,6,7,6,6,6,6,6,7,7,7,6,6,7,6,6,6,6,6,6,6,6,6,6,6,6,6,6,6,7,6,6,6,7,6,7,7,6,6,7,6,6,7,6,6,6,6,6,6,6,6,6,7,6,6,6,6,6,6,7,6,6,6,7,6,6,6,6,6,6,6,6,7,7,6,6,6,6,6,6,6,6,6,6,6,6,7,7,6,6,6,6,6,6,7,6,7,6,7,6,6,6,7,7,6,6,7,7,6,7,6,7,6,6,6,6,6,6,6,7,6,6,6,6,6,6,6,7,7,7,6,6,7,6,6,6,6,6,6,6,7,6,6,6,7,6,6,6,7,6,6,7,6,6,7,6,6,6,6,6,6,6,6,6,6,7,6,7,6,6,6,6,7,6,6,6,6,6,6,6,6,6,7,6,6,6,6,7,6,6,6,6,6,7,6,6,7,6,6,7,7,6,6,7,6,6,6,7,6,6,7,6,6,6,6,6,6,6,6,7,6,6,6,6,7,7,6,7,6,7,7,6,6,6,6,6,6,6,6,7,6,6,6,6,6,6,6,6,7,6,6,6,6,6,6,6,6,6,6,6,6,6,6,6,6,7,6,7,6,6,6,7,6,7,6,6,6,6,6,6,6,6,6,6,6,6,6,6,6,7,7,6,7,6,6,6,6,6,6,6,6,6,6,6,6,6,6,6,7,6,6,6,7,6,6,6,6,6,7,6,7,6,7,6,6,6,7,6,6,6,6,6,6,6,6,6,7,6,6,6,6,7,7,6,6,6,6,6,7,6,6,6,7,6,6,7,7,6,6,6,7,7,6,6,6,6,6,6,6,6,7,6,6,6,7,7,6,6,7,6,6,7,6,7,6,6,6,6,6,6,6,6,6,6,6,7,6,6,6,6,7,6,6,6,7,6,6,6,6,6,6,6,6,6,6,6,6,7,7,6,6,6,7,6,7,6,6,6,6,7,6,6,6,6,7,6,6,6,6,6,7,6,6,6,6,6,6,6,7,6,6,6,6,6,7,7,6,6,6,6,6,6,6,6,6,6,6,6,6,6,6,6,6,7,6]"
shape_02b2518890db5ff7aad5,"[4,0,5,5,4,4,4,5,4,5,5,5,4,4,4,5,4,4,4,4,5,4,5,4,5,5,4,5,4,4,4,4,4,0,5,4,4,4,0,4,4,4,4,0,4,4,4,4,4,5,4,4,4,4,4,4,5,4,5,4,5,5,4,4,4,4,4,5,4,5,5,4,5,4,5,4,4,5,5,4,4,4,4,5,4,4,4,4,4,5,0,5,5,4,5,4,5,4,5,7,4,0,0,4,5,4,5,4,5,4,0,4,4,7,0,4,4,4,4,5,4,5,5,7,4,5,4,4,4,4,5,5,4,4,4,6,4,5,0,4,4,5,5,0,4,4,4,4,5,5,7,4,4,0,5,4,5,5,5,4,0,5,5,4,4,4,4,7,0,4,5,0,4,4,7,4,5,4,4,5,5,5,4,4,4,4,5,4,4,4,4,5,4,5,5,4,5,4,4,5,5,4,4,4,0,4,0,4,5,5,4,4,4,4,5,5,5,1,4,4,4,4,4,4,4,4,4,4,5,5,5,5,4,4,4,4,4,4,5,5,5,4,5,4,4,4,4,5,5,4,0,5,5,0,4,4,0,0,5,5,5,5,4,0,5,4,5,0,5,4,5,4,4,4,5,5,4,4,5,5,4,4,0,4,4,5,5,5,0,5,5,5,4,5,5,5,5,4,4,4,5,5,4,5,5,4,4,5,5,4,4,4,1,4,4,4,5,5,6,0,5,4,0,5,5,4,5,4,5,5,5,4,4,5,5,5,5,4,5,7,4,4,4,4,4,7,4,7,4,4,4,4,1,4,4,5,4,4,4,5,4,4,5,5,0,5,4,5,4,5,4,0,5,0,5,5,4,7,4,4,4,5,5,4,4,5,4,0,4,4,4,4,5,5,0,4,5,0,0,4,4,5,4,4,5,5,5,5,4,4,4,4,4,4,0,4,7,4,5,4,4,0,4,4,4,1,4,4,5,4,7,5,3,4,5,0,4,4,5,4,4,4,5,7,5,5,4,5,4,5,4,5,5,4,4,4,5,4,0,0,5,4,5,4,5,4,4,5,5,4,5,4,4,0,4,5,0,0,4,4,0,5,4,0,4,5,4,0,0,7,4,4,5,4,5,4,4,5,5,4,5,5,4,5,5,4,5,5,0,4,4,5,4,5,4,0,4,4,5,5,5,4,5,4,5,4,5,5,4,5,4,7,5,7,5,4,5,5,0,0,4,4,5,5,4,0,5,4,4,7,7,4,4,5,4,4,7,4,5,4,4,7,4,5,5,5,4,5,5,4,4,4,4,0,4,4,5,4,5,5,4,3,4,5,4,5,4,0,4,5,0,5,4,4,5,5,0,4,0,0,5,5,5,4,5,7,0,5,5,5,4,4,5,4,4,4,4,5,4,0,7,4,5,5,5,5,4,0,4,4,4,4,4,5,4,5,4,4,4,4,4,4,0,4,5,5,5,4,4,4,4,5,4,5,5,0,4,0,4,5,4,5,5,4,4,5,4,4,4,5,7,4,4,5,4,4,5,5,4,4,4,4,5,4,4,4,5,5,4,4,5,5,4,5,4,4,4,4,0,4,4,4,5,5,0,4,4,5,4,5,5,0,4,4,4,4,4,4,4,5,4,5,5,5,4,4,0,5,4,5,5,5,5,5,4,4,4,4,5,4,4,0,5,4,5,4,4,5,4,5,0,4,4,5,0,5,5,4,4,4,4,4,5,0,7,4,0,4,5,4,4,5,0,5,5,5,4,4,5,4,4,5,4,5,0,0,6,4,4,5,4,5,4,5,4,5,5,4,4,5,4,4,4,4,4,4,5,4,5,5,5,4,5,7,0,4,5,4,7,5,4,5,4,5,4,4,4,4,4,7,5,5,4,4,4,4,4,4,5,0,4,0,4,4,4,4,5,4,4,5,4,4,4,0,5,5,4,5,5,4,0,4,4,5,5,5,5,4,4,4,5,4,5,4,4,0,4,7,0,4,5,7,4,4,5,4,5,5,4,5,4,4,4,4,4,4,5,5,4,4,4,7,4,4,4,5,4,4,4,5,5,4,0,0,5,0,4,5,4,0,5,5,4,5,4,4,4,5,4,4,4,5,4,4,4,5,4,5,7,4,5,4,5,4,5,5,4,5,7,5,5,5,4,0,4,5,5,0,7,4,5,4,4,4,7,4,4,5,4,4,4,5,4,4,5,0,0,5,5,5,5,4,5,4,4,7,5,5,4,5,4,4,5,0,0,5,4,4,4,4,4,5,5,4,4,5,5,4,5,4,5,4,5,7,5,4,5,4,5,4,4,5,4,5]"
shape_e6c4ea05b00a3be2f71a,"[5,6,7,6,0,7,4,0,0,6,6,0,5,6,6,6,6,6,0,0,6,0,6,6,6,7,7,6,0,0,6,6,0,2,0,6,6,0,6,7,7,7,6,5,0,4,6,6,0,7,0,2,0,6,6,6,6,6,7,0,6,6,6,2,0,6,6,2,6,6,7,0,2,6,5,0,6,0,0,0,6,5,0,0,6,0,0,0,6,7,0,6,0,4,6,5,6,6,6,6,2,0,6,0,6,6,2,6,0,7,6,2,2,5,6,6,6,0,0,6,6,6,6,7,0,6,5,0,0,2,0,0,2,0,6,0,0,6,2,5,6,0,6,4,6,6,6,7,0,6,0,7,6,5,7,6,6,6,0,0,0,0,6,6,6,0,5,2,6,0,6,7,0,6,0,0,0,6,6,6,2,5,6,6,6,6,6,6,6,0,6,6,0,0,6,6,0,4,0,6,6,0,5,7,0,0,0,0,0,6,0,6,0,2,0,6,6,0,0,0,6,0,0,0,6,4,0,6,6,7,6,0,7,0,0,6,6,6,6,0,6,5,6,0,6,6,0,6,2,6,0,0,0,5,6,6,2,5,4,4,6,5,0,6,7,6,0,6,6,0,6,0,6,7,6,6,6,6,0,0,5,6,0,0,4,5,7,6,6,6,6,7,5,6,5,0,6,0,4,6,6,6,5,7,0,0,0,2,5,6,0,0,0,5,7,7,0,2,0,0,6,0,6,6,6,6,0,6,4,5,0,6,0,0,0,0,6,6,5,5,6,2,6,6,5,2,4,6,0,0,6,0,6,6,4,0,6,6,6,2,0,5,0,6,5,6,4,6,0,6,0,0,6,0,6,6,2,7,0,0,0,0,0,7,6,0,6,0,0,5,5,6,6,6,0,0,0,6,6,2,0,0,6,6,6,0,7,0,0,5,0,4,7,6,0,6,0,0,6,6,0,2,5,7,0,5,6,6,0,6,0,0,6,6,6,0,7,0,0,7,6,0,6,0,0,5,6,0,6,0,6,4,6,7,6,6,0,0,5,0,0,2,5,0,5,6,6,7,7,6,6,0,6,6,0,5,0,0,6,2,6,6,6,0,0,6,7,0,2,6,0,0,0,0,6,5,0,7,6,2,6,6,6,6,6,0,0,0,6,6,7,6,6,0,6,6,6,0,6,0,0,4,7,7,0,0,0,0,7,6,6,0,7,5,0,6,5,6,5,6,5,5,0,6,0,0,0,0,0,6,6,0,6,6,6,2,0,6,6,0,6,6,6,0,0,6,2,7,6,0,6,6,6,6,6,6,0,0,5,6,0,0,6,6,0,6,6,6,6,6,6,6,5,5,0,6,0,5,0,7,2,0,6,6,0,0,0,6,0,6,0,6,0,6,6,6,5,6,6,6,6,6,0,6,0,6,0,2,6,6,0,6,6,6,5,0,0,5,6,5,6,0,6,6,0,6,7,0,7,0,6,0,0,6,6,0,0,7,0,2,0,6,4,5,6,5,0,0,6,7,6,0,2,6,6,0,0,7,6,0,2,0,0,5,6,6,6,0,5,5,0,0,6,5,7,6,7,6,6,6,4,7,2,0,6,5,6,0,5,6,0,0,0,2,0,6,6,5,4,6,6,0,2,5,6,0,0,0,6,0,6,7,6,6,5,5,6,2,0,0,6,6,4,0,5,0,6,0,0,2,6,0,0,0,0,6,6,0,0,6,6,6,5,6,6,6,6,0,7,6,0,4,6,6,0,6,4,5,4,0,0,2,5,0,0,7,5,0,0,6,6,7,6,6,6,0,6,5,6,5,6,5,0,5,0,6,6,7,0,4,5,6,0,0,6,7,0,0,2,6,0,6,6,6,6,6,7,0,6,5,5,0,0,6,4,0,4,6,0,0,6,0,0,5,6,0,6,0,6,4,6,6,5,0,6,7,6,0,7,0,6,0,0,6,6,0,7,0,6,0,0,6,6,0,6,5,2,6,6,0,0,7,0,5,6,6,6,7,6,5,0,0,6,6,0,0,0,5,5,0,6,5,0,6,0,0,0,0,5,6,6,6,5,6,0,6,7,6,6,5,0,0,5,6,0,5,6,5,0,6,6,0,7,6,6,0,6,6,0,6,7,6,6,0,0,5,4,6,5,0,0,0,7,6,6,0,0,2,2,0,0,6,6,6,5,6,6,0,7,7,6,0,6,6,7,5,6,0,6,2,6,0,6,0,5,0,4,0,7,5,0,0,0,5,0,2,0,5,0,0,7,0,0,5,6,6,6,4,6,0,4,5,5,0,0,6,0,2,6,5,0,0,2,0]"
shape_079d71727a5c095443fb,"[6,6,5,6,6,5,7,6,7,5,5,6,5,5,5,6,5,5,5,5,6,6,4,5,5,6,6,5,5,5,6,6,5,6,6,5,6,6,6,5,5,5,6,6,5,5,6,6,5,7,6,6,6,5,6,5,6,6,6,5,5,5,5,6,6,5,6,5,5,6,5,5,5,5,5,6,6,6,7,4,6,6,6,5,5,5,6,5,5,5,6,5,6,5,6,6,5,5,6,6,6,6,5,6,6,6,6,6,5,5,5,5,5,6,5,5,6,5,5,5,5,6,5,6,5,6,6,6,6,6,6,5,5,4,5,6,6,5,6,5,5,5,6,5,5,5,5,6,7,5,6,6,5,5,5,6,6,6,5,5,6,6,6,6,6,5,6,6,6,5,6,5,5,6,6,5,6,6,6,5,6,5,5,5,6,5,5,5,5,5,5,6,5,6,6,5,6,5,5,5,6,6,5,6,6,4,6,6,5,6,6,5,5,6,5,6,6,6,6,5,4,6,5,6,6,6,5,6,5,5,6,5,6,5,6,5,6,6,5,6,6,6,6,6,6,5,6,6,5,6,5,5,5,5,6,6,5,5,6,6,6,6,5,5,5,5,5,5,6,6,6,6,5,5,5,5,5,6,6,5,6,6,6,6,6,5,6,5,5,6,5,6,6,6,6,6,6,6,6,6,5,5,6,6,6,7,6,6,6,5,5,6,6,5,4,6,6,5,5,4,5,6,5,5,5,7,6,7,4,5,6,5,7,6,6,5,6,5,6,5,5,7,7,6,6,6,6,5,6,6,6,5,6,6,5,6,6,5,5,6,6,4,6,6,6,5,6,6,5,7,6,6,6,5,6,6,6,6,5,6,6,5,6,5,5,5,6,6,5,6,6,6,6,5,6,6,6,5,7,6,6,5,5,6,5,5,5,5,6,6,5,6,5,6,5,5,5,5,6,5,5,6,5,6,5,5,6,5,5,6,5,4,6,5,6,6,6,5,6,5,6,6,5,6,6,6,4,6,6,5,5,5,6,5,6,6,6,5,6,6,6,5,5,5,6,6,5,5,6,6,4,6,5,6,6,5,5,5,5,5,7,6,5,5,6,6,5,6,5,6,5,5,6,6,5,5,6,5,6,5,6,6,5,7,6,5,6,2,7,5,5,6,6,4,6,5,5,5,6,5,7,4,6,6,6,6,6,5,5,6,6,6,6,6,6,6,5,6,5,5,6,6,6,6,5,6,5,6,7,6,5,5,7,5,6,4,5,5,6,5,6,5,5,5,5,5,6,6,6,6,5,6,6,7,5,6,5,6,5,6,6,6,6,6,6,6,5,6,5,6,6,5,6,6,6,6,5,6,5,5,4,5,6,5,6,6,6,6,5,6,6,5,5,5,5,5,6,6,6,6,6,5,5,5,6,5,6,6,5,5,5,6,6,6,6,6,5,5,7,6,6,6,5,5,6,5,6,6,6,6,4,5,5,6,6,4,5,5,6,5,6,5,6,6,5,6,6,6,6,6,6,6,5,5,6,4,4,5,5,5,6,5,5,6,5,5,5,5,5,6,6,5,5,6,5,6,5,5,5,5,6,4,5,6,6,6,5,6,6,5,6,6,6,7,5,5,6,6,6,6,5,5,5,5,5,6,6,4,6,4,5,6,6,5,6,6,5,6,5,6,6,4,5,5,6,5,6,6,7,6,6,6,5,6,6,6,6,6,6,6,6,5,6,5,4,5,5,5,5,6,6,6,4,5,5,5,6,5,5,6,5,5,5,7,6,6,6,5,6,5,6,5,6,5,5,5,5,6,5,5,6,5,6,6,5,5,7,5,5,6,5,5,6,5,6,5,6,6,4,5,5,6,6,6,6,6,6,5,6,5,6,5,6,6,5,5,6,6,6,6,5,5,4,5,5,5,5,5,5,5,6,5,6,5,5,6,4,5,5,5,6,6,7,4,6,4,6,5,5,6,5,6,6,6,5,6,5,6,5,5,5,5,5,6,5,6,5,4,6,6,6,6,6,4,5,6,5,6,6,5,6,6,6,4,7,5,5,5,6,5,6,6,6,6,6,6,5,5,6,6,6,6,6,5,5,6,7,6,6,6,6,5,7,5,5,6,6,6,5,6,5,5,6,5,6,6,6,6,6,5,6,6,5,6,5,6,5,6,5,6,5,5,7,5,5,6,6,5,6,5,5,5,5,5,5,6,5,6,6,7,5,5,6,6,5,5,4,5,5,6,5,6,5,6,5,5,6,5,5,6,6,6,5,6,5,6,5,6,6,6,6,5,6,6,6,5,6,5,6,5,5,6,6,5]"
shape_ee9847ac1d5b5318df11,"[1,3,4,1,5,4,5,4,1,5,3,5,1,5,5,0,4,1,3,1,4,1,5,1,1,0,5,3,4,4,5,5,4,5,5,1,5,4,5,0,3,0,1,1,3,4,1,4,1,1,5,5,5,4,3,1,1,0,5,1,5,5,3,5,3,1,4,5,5,1,5,5,1,4,0,1,1,3,4,4,5,5,3,3,4,0,0,1,0,5,5,4,1,4,3,4,4,5,4,3,5,7,5,0,1,5,3,1,5,1,5,1,3,4,4,0,3,5,4,1,0,4,0,4,0,1,0,4,1,5,1,3,1,4,4,5,1,4,0,1,0,5,4,1,4,5,1,0,5,5,0,5,5,3,5,3,5,4,5,4,1,4,3,0,1,7,4,4,1,1,1,1,5,4,0,3,5,5,3,4,5,1,4,5,5,3,5,4,0,5,3,4,1,4,3,1,1,7,3,3,5,1,3,4,1,0,5,5,5,5,4,1,1,5,1,0,4,1,3,5,0,4,1,1,1,4,0,4,7,5,4,5,7,3,5,3,4,5,5,1,3,1,4,5,4,3,3,4,1,5,5,4,5,5,5,4,4,1,4,1,1,4,1,4,0,1,4,5,5,3,3,1,5,5,1,3,1,4,4,1,5,0,3,3,1,5,0,5,1,3,0,4,4,5,5,0,4,3,5,3,0,5,5,1,3,3,1,3,1,4,3,3,5,0,0,5,3,0,3,4,3,0,4,4,3,1,5,5,1,4,1,5,4,5,1,5,5,0,1,5,1,0,5,5,1,3,3,3,1,5,0,3,4,1,1,3,0,4,0,3,3,4,5,4,4,5,5,4,5,4,5,5,1,1,0,1,3,5,3,5,5,1,5,0,5,5,0,0,0,4,4,3,4,4,3,1,0,0,0,4,1,0,0,5,3,5,3,4,0,0,1,1,1,3,0,4,5,5,0,0,4,1,4,1,4,5,5,5,5,0,5,1,1,5,1,1,5,4,4,0,4,4,4,4,5,3,3,0,3,5,5,1,5,1,5,1,1,4,1,1,3,0,1,5,5,4,0,5,3,0,0,4,1,5,4,3,5,5,3,3,5,1,4,4,3,0,5,3,0,1,3,4,1,5,5,1,3,1,5,3,3,5,1,4,5,1,5,1,1,3,5,4,3,1,5,1,3,0,1,4,1,4,3,1,3,3,1,4,3,3,5,3,4,5,5,4,1,3,5,0,4,5,4,4,5,0,3,1,4,5,5,4,1,4,0,5,1,5,5,5,1,3,1,1,5,3,1,3,5,3,4,5,5,4,4,4,3,4,3,3,5,0,5,1,5,3,1,3,1,5,4,4,1,1,1,3,5,5,5,5,4,4,3,3,5,1,3,1,5,1,1,3,4,4,5,5,5,5,0,5,4,4,5,5,4,4,4,1,4,4,4,1,1,3,4,3,5,3,3,5,3,1,4,0,4,1,5,5,5,0,0,4,1,5,3,0,3,4,3,1,4,3,5,1,5,4,3,0,4,1,4,0,4,1,4,3,1,4,3,5,1,1,1,5,4,5,1,0,5,4,4,5,5,4,1,5,5,5,1,4,3,4,1,3,4,1,5,3,1,3,5,5,5,4,5,4,4,1,5,3,3,3,1,3,1,5,5,1,3,3,5,4,4,5,1,4,1,3,0,3,4,5,1,5,1,1,1,1,3,3,5,1,5,0,1,5,1,4,5,5,0,3,3,4,1,4,3,5,5,1,5,4,1,4,3,3,5,1,5,4,3,3,4,4,1,5,3,0,4,1,0,3,5,5,5,5,5,3,1,1,1,1,5,5,5,1,3,1,4,5,0,0,5,5,3,4,4,5,3,3,1,1,5,1,0,3,0,0,4,1,1,1,5,0,3,0,0,5,5,0,5,4,1,4,1,5,5,3,7,3,1,4,1,4,3,3,5,1,5,1,1,1,5,5,4,5,3,4,1,4,1,4,3,5,5,5,0,5,4,3,0,0,7,4,1,5,3,0,4,3,1,4,3,5,4,1,4,1,3,1,1,3,3,5,3,0,3,1,0,3,3,5,1,0,5,4,1,3,5,4,5,1,5,4,0,3,3,3,1,5,4,1,4,3,0,4,1,5,5,5,5,3,3,1,5,1,1,5,4,5,4,1,5,4,5,3,3,5,5,3,5,3,4,4,0,1,4,4,1,5,5,1,3,5,1,3,5,5,4,4,3,4,1,0,4,1,5,5,5,5,3,3,1,5,1,4,1,1,5,3,0,0,4,5,4,5,4,1,0,1,3,3,4,1,3,4,1,4,1,5,5,5,5,3]"
